t,x,y,yaw
0.032,4.985848654897722e-05,0.19909170782029365,-1.5670762102854217
0.064,0.010242335026492286,0.20106736415032528,-1.5466871018879138
0.096,0.026015512262442458,0.20147984154036822,-1.541148884193852
0.128,0.0458786266797735,0.19931525175464668,-1.556019810275361
0.160,0.06979882252638657,0.19443377946833917,-1.5916536273639825
0.192,0.08487600254429069,0.19630249933884653,-1.581475661020329
0.224,0.10128207724979937,0.1966392217627876,-1.57845691971273
0.256,0.11795347472811962,0.1968408382636928,-1.5767506191030751
0.288,0.13472270909958386,0.19699749875204756,-1.5754972638000957
0.320,0.1515536868641021,0.1971220383187329,-1.5745206733774761
0.352,0.16843130440978094,0.19722123961832716,-1.5737512402971818
0.384,0.1853454953881295,0.19730028641641179,-1.5731436932688936
0.416,0.20228856423355754,0.19736328554313387,-1.572663671104826
0.448,0.2192544657890527,0.19741350209761843,-1.572284267369189
0.480,0.23623842815207702,0.1974535341393543,-1.5719842929113814
0.512,0.25323668085758705,0.19748544999879403,-1.571747041511468
0.544,0.2702462436566899,0.19751089691355309,-1.5715593356309185
0.576,0.28726476021521175,0.19753118714975135,-1.5714107774853099
0.608,0.30429036693794026,0.19754736636380218,-1.5712931599145201
0.640,0.3213215894800421,0.19756026792147585,-1.5712000027886517
0.672,0.3383572610923114,0.19757055609291926,-1.571126188109906
0.704,0.3553964581788518,0.1975787604230467,-1.571067672693526
0.736,0.3724384494224496,0.19758530309348207,-1.5710212618274217
0.768,0.38948265560608064,0.19759052071348043,-1.570984430872516
0.800,0.40652861786922345,0.19759468167933197,-1.5709551845680327
0.832,0.4235759726183128,0.19759800000672723,-1.5709319460060676
0.864,0.44062443168886417,0.19760064635474237,-1.570913468965584
0.896,0.4576737666542687,0.19760275681290426,-1.5708987686492397
0.928,0.47472379641023654,0.19760443990604123,-1.5708870669277193
0.960,0.49177437734795726,0.19760578217889072,-1.5708777490286967
0.992,0.5088253955739525,0.19760685264873612,-1.5708703292608301
1.024,0.5258767607487134,0.19760770635571262,-1.57086442387608
1.056,0.5429284012061443,0.19760838719376486,-1.5708597295764997
1.088,0.5599802600867284,0.197608930168083,-1.5708560064882695
1.120,0.5770322922732729,0.19760936319525763,-1.570853064674647
1.152,0.5940844619622353,0.1976097085388123,-1.5708507534553167
1.184,0.6111367407385022,0.19760998395398865,-1.5708489529536638
1.216,0.6281891060490477,0.19761020360068285,-1.5708475674147477
1.248,0.6452415399926719,0.19761037877149798,-1.5708465199321993
1.280,0.6622940283602518,0.19761051847235864,-1.5708457482974205
1.312,0.6793465598735584,0.19761062988555128,-1.5708452017436347
1.344,0.6963991255814859,0.19761071873899727,-1.570844838403938
1.376,0.7134517183810729,0.19761078960075393,-1.5708446233392137
1.408,0.7305043326374602,0.1976108461138805,-1.5708445270206874
1.440,0.747556963882288,0.1976108911837466,-1.570844524174694
1.472,0.7646096085742773,0.19761092712741404,-1.570844592915238
1.504,0.7816622639091082,0.19761095579276966,-1.5708447141041368
1.536,0.7987149276683729,0.19761097865353486,-1.570844870889844
1.568,0.8157675980995017,0.19761099688503525,-1.5708450483849983
1.600,0.8328202738202343,0.1976110114246268,-1.5708452334499676
1.632,0.8498729537425476,0.19761102301988354,-1.5708454145554456
1.664,0.8669256370120076,0.19761103226702623,-1.5708455817018838
1.696,0.8839783229593537,0.19761103964156726,-1.5708457263774644
1.728,0.9010310110617923,0.19761104552274786,-1.5708458415395505
1.760,0.9180837009120105,0.1976110502130266,-1.5708459216073414
1.792,0.9351363921933369,0.1976110539536195,-1.5708459624558353
1.824,0.952189084659813,0.19761105693689462,-1.5708459614032728
1.856,0.9692417781202028,0.1976110593162562,-1.5708459171860873
1.888,0.9862944724251741,0.19761106121402872,-1.5708458299170165
1.920,1.0033471674570473,0.19761106272774684,-1.5708457010235097
1.952,1.0203998631216384,0.1976110639351733,-1.5708455331648827
1.984,1.037452559341816,0.19761106489830293,-1.570845330127852
2.016,1.054505256052469,0.19761106566655826,-1.5708450967011507
2.048,1.0715579531966424,0.19761106627933972,-1.5708448385308367
2.080,1.0886106507226387,0.1976110667680613,-1.5708445619587181
2.112,1.1056633485819207,0.1976110671577745,-1.5708442738469919
2.144,1.1227160467276682,0.19761106746846357,-1.5708439813927253
2.176,1.1397687451138745,0.19761106771607792,-1.5708436919362383
2.208,1.1568214436948716,0.19761106791335478,-1.5708434127677144
2.240,1.1738741424251984,0.19761106807047257,-1.5708431509365142
2.272,1.1909268412597274,0.1976110681955705,-1.5708429130676986
2.304,1.2079795401539846,0.19761106829516104,-1.5708427051901477
2.336,1.225032239064604,0.1976110683744555,-1.5708425325804345
2.368,1.2420849379498657,0.19761106843762363,-1.5708423996262748
2.400,1.25913763677028,0.1976110684879973,-1.5708423097129123
2.432,1.2761903354891801,0.19761106852823412,-1.5708422651352685
2.464,1.2932430340733052,0.1976110685604469,-1.5708422670380482
2.496,1.3102957324933449,0.1976110685863074,-1.5708423153853164
2.528,1.3273484307244348,0.19761106860713093,-1.570842408960318
2.560,1.3444011287465887,0.1976110686239461,-1.570842545395555
2.592,1.3614538265450573,0.1976110686375506,-1.570842721232368
2.624,1.3785065241106027,0.1976110686485608,-1.570842932008501
2.656,1.3955592214396817,0.1976110686574506,-1.5708431723714256
2.688,1.412611918534527,0.19761106866458636,-1.5708434362145207
2.720,1.4296646154031187,0.19761106867025444,-1.570843716832611
2.752,1.446717312059041,0.19761106867468445,-1.5708440070928695
2.784,1.4637700085212113,0.1976110686780683,-1.5708442996166845
2.816,1.4808227048134854,0.19761106868057263,-1.5708445869678116
2.848,1.4978754009641315,0.19761106868234968,-1.5708448618419686
2.880,1.514928097005181,0.19761106868354245,-1.5708451172530054
2.912,1.5319807929716602,0.19761106868428713,-1.5708453467108605
2.944,1.5490334889007211,0.19761106868471268,-1.5708455443867673
2.976,1.5660861848306877,0.1976110686849391,-1.5708457052614784
3.008,1.5831388808000444,0.19761106868507322,-1.5708458252527508
3.040,1.6001915768463932,0.19761106868520492,-1.5708459013188678
3.072,1.6172442730054164,0.19761106868540365,-1.5708459315355958
3.104,1.6342969693098774,0.19761106868571582,-1.5708459151446605
3.136,1.6513496657886926,0.19761106868616315,-1.5708458525725622
3.168,1.6684023624661122,0.19761106868674366,-1.5708457454192963
3.200,1.6854550593610356,0.19761106868743392,-1.5708455964173178
3.232,1.7025077564864877,0.19761106868819267,-1.5708454093618196
3.264,1.7195604538492735,0.19761106868896722,-1.5708451890141324
3.296,1.736613151449821,0.1976110686896992,-1.5708449409807013
3.328,1.7536658492822188,0.19761106869033124,-1.5708446715707196
3.360,1.7707185473344338,0.19761106869081385,-1.5708443876360074
3.392,1.7877712455887091,0.19761106869111036,-1.570844096397184
3.424,1.8048239440221134,0.19761106869120157,-1.5708438052605003
3.456,1.821876642607222,0.19761106869108735,-1.570843521629946
3.488,1.8389293413129015,0.1976110686907873,-1.570843252719361
3.520,1.855982040105173,0.19761106869033881,-1.5708430053692874
3.552,1.873034738948117,0.19761106868979314,-1.5708427858731817
3.584,1.8900874378048047,0.1976110686892105,-1.5708425998173932
3.616,1.9071401366382177,0.19761106868865408,-1.57084245193897
3.648,1.9241928354121445,0.19761106868818357,-1.570842346004921
3.680,1.9412455340920323,0.19761106868784895,-1.5708422847160284
3.712,1.9582982326457778,0.19761106868768596,-1.5708422696376994
3.744,1.9753509310444488,0.19761106868771205,-1.5708423011596575
3.776,1.9924036292629275,0.19761106868792494,-1.5708423784855532
3.808,2.0094563272804677,0.19761106868830258,-1.5708424996528039
3.840,2.026509025081158,0.19761106868880576,-1.570842661582202
3.872,2.0435617226542937,0.19761106868938194,-1.5708428601560631
3.904,2.0606144199946406,0.19761106868997058,-1.5708430903229427
3.936,2.077667117102594,0.19761106869050965,-1.570843346226264
3.968,2.09471981398422,0.1976110686909415,-1.5708436213535693
4.000,2.111772510651178,0.19761106869121917,-1.5708439087025703
4.032,2.128825207120515,0.19761106869131104,-1.5708442009597385
4.064,2.1458779034143287,0.19761106869120418,-1.57084449068684
4.096,2.1629305995593016,0.19761106869090575,-1.5708447705106259
4.128,2.1799832955861,0.19761106869044243,-1.5708450333107955
4.160,2.1970359915286584,0.19761106868985762,-1.5708452724014228
4.192,2.214088687423344,0.19761106868920755,-1.5708454817011899
4.224,2.231141383308039,0.19761106868855502,-1.5708456558880846
4.256,2.248194079221146,0.19761106868796371,-1.5708457905346291
4.288,2.265246775200558,0.19761106868749176,-1.5708458822202132
4.320,2.2822994712826126,0.19761106868718564,-1.5708459286176992
4.352,2.2993521675010817,0.19761106868707545,-1.5708459285521474
4.384,2.316404863886212,0.19761106868717224,-1.5708458820302087
4.416,2.3334575604638643,0.19761106868746672,-1.5708457902394874
4.448,2.35051025725478,0.1976110686879302,-1.570845655517938
4.480,2.367562954273997,0.19761106868851736,-1.5708454812941186
4.512,2.3846156515304395,0.19761106868917105,-1.5708452719998427
4.544,2.4016683490266946,0.1976110686898276,-1.570845032957469
4.576,2.4187210467589817,0.19761106869042375,-1.5708447702446928
4.608,2.4357737447173053,0.19761106869090242,-1.5708444905402617
4.640,2.4528264428857924,0.19761106869121883,-1.5708442009545047
4.672,2.4698791412431906,0.1976110686913444,-1.5708439088489496
4.704,2.486931839763504,0.19761106869127038,-1.5708436216495636
4.736,2.5039845384167463,0.1976110686910078,-1.5708433466583152
4.768,2.521037237169777,0.1976110686905868,-1.5708430908678148
4.800,2.538089935987196,0.19761106869005324,-1.5708428607836986
4.832,2.5551426348322686,0.19761106868946396,-1.570842662259256
4.864,2.5721953336678505,0.19761106868888115,-1.5708425003464914
4.896,2.589248032457295,0.19761106868836598,-1.5708423791674135
4.928,2.6063007311653226,0.19761106868797215,-1.5708423018088562
4.960,2.6233534297588337,0.19761106868774062,-1.5708422702435205
4.992,2.6404061282076574,0.19761106868769512,-1.5708422852793131
5.024,2.6574588264852212,0.19761106868784034,-1.5708423465382986
5.056,2.6745115245691395,0.19761106868816083,-1.570842452465865
5.088,2.6915642224417122,0.19761106868862308,-1.5708426003699092
5.120,2.7086169200903263,0.19761106868917858,-1.5708427864890813
5.152,2.725669617507761,0.19761106868976872,-1.5708430060883778
5.184,2.7427223146923843,0.19761106869033146,-1.5708432535796581
5.216,2.759775011648234,0.19761106869080652,-1.570843522664018
5.248,2.776827708384986,0.1976110686911425,-1.5708438064923638
5.280,2.7938804049177923,0.19761106869130202,-1.570844097840081
5.312,2.810933101266992,0.19761106869126532,-1.5708443892913
5.344,2.8279857974576887,0.1976110686910322,-1.5708446734280226
5.376,2.8450384935192,0.19761106869062295,-1.570844943019257
5.408,2.862091189484376,0.19761106869007505,-1.5708451912052948
5.440,2.879143885388811,0.1976110686894409,-1.5708454116724158
5.472,2.896196581269947,0.19761106868878167,-1.5708455988135512
5.504,2.9132492771661065,0.19761106868816172,-1.570845747870814
5.536,2.9303019731154687,0.19761106868764153,-1.5708458550562812
5.568,2.947354669155028,0.19761106868727232,-1.5708459176479803
5.600,2.964407365319566,0.1976110686870905,-1.5708459340586718
5.632,2.9814600616406697,0.19761106868711423,-1.57084590387573
5.664,2.998512758145831,0.19761106868734105,-1.5708458278711561
5.696,3.0155654548576685,0.19761106868774916,-1.5708457079815121
5.728,3.0326181517932835,0.1976110686882987,-1.57084554725834
5.760,3.0496708489637907,0.19761106868893594,-1.5708453497903472
5.792,3.066723546374024,0.19761106868959885,-1.570845120599369
5.824,3.083776244022439,0.19761106869022335,-1.5708448655127492
5.856,3.100828941901201,0.19761106869074946,-1.5708445910153748
5.888,3.1178816399964617,0.19761106869112735,-1.5708443040851092
5.920,3.1349343382887978,0.19761106869132256,-1.570844012015754
5.952,3.151987036753806,0.19761106869131886,-1.5708437222320155
5.984,3.169039735362813,0.1976110686911205,-1.5708434421011177
6.016,3.18609243408369,0.19761106869075096,-1.5708431787458137
6.048,3.203145132881727,0.1976110686902511,-1.570842938863506
6.080,3.2201978317205513,0.1976110686896746,-1.570842728556048
6.112,3.2372505305630543,0.1976110686890824,-1.5708425531745382
6.144,3.254303229372309,0.19761106868853667,-1.5708424171830575
6.176,3.2713559281124533,0.19761106868809453,-1.5708423240448253
6.208,3.2884086267495243,0.19761106868780187,-1.5708422761337042
6.240,3.3054613252522334,0.19761106868768905,-1.5708422746733421
6.272,3.322514023592661,0.19761106868776762,-1.5708423197055488
6.304,3.339566721746878,0.1976110686880291,-1.570842410088761
6.336,3.3566194196954724,0.19761106868844613,-1.5708425435266866
6.368,3.3736721174239936,0.19761106868897493,-1.5708427166264287
6.400,3.3907248149232836,0.19761106868956002,-1.5708429249846538
6.432,3.4077775121897163,0.19761106869013945,-1.570843163299618
6.464,3.424830209225322,0.19761106869065187,-1.5708434255061978
6.496,3.441882906037793,0.19761106869104222,-1.5708437049304809
6.528,3.4589356026403713,0.19761106869126746,-1.5708439944599468
6.560,3.4759882990516004,0.19761106869130107,-1.5708442867248709
6.592,3.4930409952949555,0.19761106869113623,-1.5708445742862849
6.624,3.5100936913983345,0.1976110686907857,-1.5708448498256653
6.656,3.5271463873934232,0.19761106869028144,-1.5708451063314783
6.688,3.5441990833149406,0.19761106868967113,-1.570845337277794
6.720,3.5612517791997833,0.1976110686890136,-1.5708455367904033
6.752,3.5783044750860755,0.19761106868837244,-1.5708456997962
6.784,3.595357171012165,0.1976110686878106,-1.570845822152029
6.816,3.612409867015583,0.19761106868738296,-1.5708459007497495
6.848,3.6294625631320088,0.19761106868713174,-1.5708459335948675
6.880,3.646515259394265,0.19761106868708195,-1.5708459198567846
6.912,3.6635679558313883,0.19761106868723852,-1.5708458598894293
6.944,3.680620652467799,0.1976110686875864,-1.570845755221804
6.976,3.6976733493226126,0.19761106868809136,-1.5708456085187288
7.008,3.7147260464091016,0.19761106868870434,-1.5708454235128135
7.040,3.7317787437343424,0.1976110686893656,-1.5708452049094244
7.072,3.748831441299044,0.1976110686900109,-1.570844958267055
7.104,3.765884139097573,0.19761106869057807,-1.5708446898561568
7.136,3.7829368371181653,0.19761106869101328,-1.5708444064999831
7.168,3.799989535343307,0.19761106869127587,-1.5708441154014667
7.200,3.81704223375028,0.19761106869134304,-1.5708438239604867
7.232,3.8340949323118316,0.19761106869121173,-1.5708435395861293
7.264,3.8511476309969574,0.1976110686908989,-1.57084326950866
7.296,3.8682003297717555,0.19761106869043954,-1.5708430205959552
7.328,3.8852530286003364,0.19761106868988346,-1.5708427991790135
7.360,3.9023057274457438,0.19761106868928954,-1.5708426108909834
7.392,3.9193584262708843,0.19761106868872044,-1.570842460523775
7.424,3.9364111250394203,0.19761106868823577,-1.5708423519059285
7.456,3.953463823716626,0.19761106868788594,-1.5708422878048585
7.488,3.9705165222701835,0.1976110686877072,-1.570842269856007
7.520,3.987569220670906,0.19761106868771808,-1.570842298520748
7.552,4.004621918893389,0.19761106868791706,-1.570842373074165
7.584,4.0216746169165685,0.19761106868828338,-1.570842491623064
7.616,4.038727314724196,0.19761106868877848,-1.5708426511538025
7.648,4.055780012305208,0.19761106868935047,-1.5708428476087555
7.680,4.072832709654006,0.19761106868993913,-1.5708430759894914
7.712,4.08988540677061,0.19761106869048195,-1.570843330484035
7.744,4.106938103660719,0.19761106869092104,-1.5708436046149743
7.776,4.1239908003356325,0.19761106869120865,-1.5708438914046055
7.808,4.141043496812057,0.19761106869131193,-1.5708441835528932
7.840,4.158096193111776,0.19761106869121675,-1.5708444736236589
7.872,4.175148889261187,0.19761106869092915,-1.5708447542342134
7.904,4.19220158529072,0.19761106869047454,-1.57084501824357
7.936,4.209254281234111,0.19761106868989553,-1.5708452589343949
7.968,4.226306977127595,0.19761106868924744,-1.5708454701840506
8.000,4.243359673008972,0.19761106868859313,-1.5708456466203489
8.032,4.260412368916628,0.19761106868799638,-1.5708457837580638
8.064,4.277465064888503,0.1976110686875158,-1.5708458781127381
8.096,4.29451776096105,0.19761106868719852,-1.5708459272889166
8.128,4.311570457168209,0.19761106868707587,-1.5708459300406123
8.160,4.328623153540456,0.19761106868716014,-1.5708458863025023
8.192,4.345675850103932,0.19761106868744327,-1.5708457971911156
8.224,4.362728546879697,0.19761106868789774,-1.5708456649760343
8.256,4.379781243883141,0.19761106868847894,-1.5708454930218732
8.288,4.396833941123555,0.19761106868913036,-1.5708452857025483
8.320,4.413886638603913,0.19761106868978864,-1.5708450482900307
8.352,4.430939336320804,0.1976110686903902,-1.570844786820406
8.384,4.4479920342645975,0.19761106869087738,-1.570844507940643
8.416,4.465044732419758,0.19761106869120457,-1.5708442187399208
8.448,4.4820974307653385,0.19761106869134223,-1.5708439265697873
8.480,4.499150129275605,0.19761106869128023,-1.5708436388576472
8.512,4.5162028279207815,0.19761106869102849,-1.5708433629182925
8.544,4.533255526667893,0.19761106869061593,-1.5708431057682228
8.576,4.550308225481644,0.19761106869008754,-1.5708428739474292
8.608,4.567360924325351,0.1976110686894999,-1.5708426733531524
8.640,4.584413623161864,0.19761106868891498,-1.5708425090898406
8.672,4.6014663219544785,0.19761106868839415,-1.5708423853391125
8.704,4.618519020667804,0.19761106868799166,-1.5708423052530633
8.736,4.635571719268586,0.19761106868774939,-1.5708422708736598
8.768,4.65262441772645,0.19761106868769224,-1.5708422830803084
8.800,4.669677116014587,0.19761106868782607,-1.5708423415669965
8.832,4.686729814110342,0.19761106868813674,-1.5708424448496177
8.864,4.703782511995713,0.1976110686885917,-1.5708425903033592
8.896,4.720835209657768,0.1976110686891432,-1.5708427742292248
8.928,4.737887907088951,0.19761106868973316,-1.5708429919480342
8.960,4.754940604287285,0.19761106869029918,-1.5708432379195065
8.992,4.771993301256463,0.19761106869078113,-1.5708435058834098
9.024,4.78904599800582,0.19761106869112682,-1.5708437890191447
9.056,4.806098694550181,0.19761106869129783,-1.5708440801196804
9.088,4.823151390909582,0.19761106869127318,-1.5708443717753755
9.120,4.84020408710885,0.19761106869105163,-1.570844656562945
9.152,4.857256783177061,0.197611068690652,-1.570844927234734
9.184,4.874309479146877,0.1976110686901111,-1.5708451769034253
9.216,4.891362175053746,0.19761106868948058,-1.5708453992174554
9.248,4.908414870935023,0.1976110686888211,-1.5708455885226515
9.280,4.925467566829007,0.19761106868819692,-1.5708457400059659
9.312,4.942520262773914,0.19761106868766906,-1.5708458498176725
9.344,4.959572958806839,0.19761106868728964,-1.5708459151689294
9.376,4.976625654962724,0.19761106868709574,-1.5708459344022672
9.408,4.993678351273379,0.19761106868710673,-1.5708459070332592
9.440,5.010731047766565,0.1976110686873218,-1.570845833762354
9.472,5.027783744465215,0.19761106868771983,-1.5708457164566307
9.504,5.044836441386781,0.19761106868826223,-1.5708455581019718
9.536,5.061889138542749,0.1976110686888959,-1.5708453627269157
9.568,5.078941835938338,0.1976110686895591,-1.5708451353001356
9.600,5.095994533572388,0.19761106869018777,-1.5708448816041647
9.632,5.113047231437442,0.19761106869072137,-1.570844608088565
9.664,5.130099929520004,0.1976110686911093,-1.5708443217062467
9.696,5.147152627800972,0.19761106869131628,-1.570844029737067
9.728,5.164205326256224,0.19761106869132475,-1.5708437396031474
9.760,5.181258024857327,0.1976110686911377,-1.5708434586805573
9.792,5.198310723572332,0.1976110686907775,-1.570843194112102
9.824,5.215363422366663,0.19761106869028414,-1.5708429526259473
9.856,5.23241612120402,0.19761106868971057,-1.5708427403646401
9.888,5.249468820047312,0.1976110686891175,-1.5708425627288796
9.920,5.266521518859576,0.1976110686885673,-1.5708424242400036
9.952,5.283574217604862,0.19761106868811745,-1.5708423284246942
9.984,5.300626916249066,0.1976110686878147,-1.5708422777248758
10.016,5.31767961476072,0.19761106868769052,-1.5708422734351264
10.048,5.334732313111678,0.19761106868775746,-1.5708423156692513
10.080,5.351785011277753,0.19761106868800854,-1.5708424033569157
10.112,5.3688377092392505,0.19761106868841716,-1.5708425342704646
10.144,5.385890406981404,0.19761106868894077,-1.5708427050813034
10.176,5.402943104494726,0.197611068689524,-1.5708429114444131
10.208,5.4199958017752525,0.19761106869010567,-1.570843148108885
10.240,5.437048498824669,0.19761106869062373,-1.5708434090516503
10.272,5.454101195650325,0.19761106869102285,-1.570843687630995
10.304,5.471153892265133,0.19761106869125902,-1.5708439767559133
10.336,5.4882065886873255,0.19761106869130474,-1.5708442690669633
10.368,5.50525928494009,0.19761106869115158,-1.5708445571239664
10.400,5.522311981051072,0.1976110686908117,-1.5708448335957308
10.432,5.53936467705175,0.19761106869031564,-1.5708450914469234
10.464,5.55641737297668,0.19761106868971,-1.5708453241172937
10.496,5.573470068862658,0.19761106868905357,-1.5708455256886835
10.528,5.590522764747755,0.19761106868840958,-1.5708456910355244
10.560,5.60757546067034,0.19761106868784123,-1.570845815955041
10.592,5.62462815666802,0.19761106868740416,-1.5708458972738264
10.624,5.641680852776618,0.1976110686871414,-1.570845932928151
10.656,5.658733549029156,0.1976110686870791,-1.5708459220159636
10.688,5.675786245454925,0.19761106868722328,-1.570845864819348
10.720,5.692838942078646,0.19761106868756034,-1.5708457627968915
10.752,5.709891638919775,0.1976110686880571,-1.570845618546209
10.784,5.726944335991947,0.19761106868866526,-1.570845435737621
10.816,5.743997033302623,0.19761106868932535,-1.5708452190206914
10.848,5.761049730852899,0.19761106868997338,-1.5708449739060144
10.880,5.778102428637522,0.19761106869054698,-1.570844706625249
10.912,5.79515512664509,0.19761106869099138,-1.5708444239729442
10.944,5.812207824858425,0.19761106869126538,-1.5708441331341427
10.976,5.829260523255104,0.19761106869134473,-1.570843841502102
11.008,5.8463132218081295,0.19761106869122513,-1.5708435564907253
11.040,5.863365920486701,0.19761106869092243,-1.5708432853464152
11.072,5.880418619257066,0.1976110686904708,-1.5708430349640963
11.104,5.897471318083428,0.19761106868991885,-1.5708428117120574
11.136,5.914524016928873,0.19761106868932554,-1.5708426212700322
11.168,5.931576715756286,0.19761106868875317,-1.5708424684846392
11.200,5.948629414529259,0.19761106868826184,-1.5708423572458627
11.232,5.9656821132129485,0.19761106868790262,-1.570842290387748
11.264,5.982734811774866,0.19761106868771275,-1.5708422696158557
11.296,5.999787510185616,0.19761106868771194,-1.5708422954633896
11.328,6.016840208419549,0.1976110686878999,-1.5708423672771428
11.360,6.033892906455322,0.19761106868825712,-1.5708424832336811
11.392,6.050945604276384,0.19761106868874573,-1.5708426403853923
11.424,6.0679983018713495,0.19761106868931475,-1.57084283473526
11.456,6.085050999234279,0.19761106868990405,-1.570843061338495
11.488,6.102103696364853,0.19761106869045153,-1.5708433144284164
11.520,6.119156393268427,0.19761106869089845,-1.5708435875634013
11.552,6.136209089955964,0.19761106869119624,-1.570843873791118
11.584,6.153261786443849,0.1976110686913113,-1.5708441658258292
11.616,6.170314482753572,0.1976110686912282,-1.570844456234221
11.648,6.187367178911265,0.1976110686909517,-1.5708447376249657
11.680,6.204419874947132,0.19761106869050615,-1.570845002837155
11.712,6.221472570894735,0.19761106868993317,-1.5708452451227697
11.744,6.2385252667901785,0.19761106868928757,-1.5708454583185087
11.776,6.255577962671196,0.19761106868863182,-1.570845637002591
11.808,6.272630658576168,0.19761106868802986,-1.5708457766325339
11.840,6.289683354543092,0.19761106868754058,-1.570845873660426
11.872,6.306736050608537,0.19761106868721232,-1.5708459256227834
11.904,6.3237887468066285,0.1976110686870773,-1.5708459312027452
11.936,6.340841443168075,0.19761106868714903,-1.5708458902630746
11.968,6.357894139719304,0.19761106868742082,-1.570845803849172
12.000,6.374946836481701,0.197611068687866,-1.5708456741620782
12.032,6.391999533471013,0.19761106868844105,-1.570845504502195
12.064,6.409052230696914,0.19761106868908995,-1.570845299185173
12.096,6.426104928162756,0.1976110686897497,-1.5708450634321407
12.128,6.443157625865521,0.1976110686903564,-1.5708448032370466
12.160,6.460210323795944,0.19761106869085204,-1.5708445252144907
12.192,6.477263021938836,0.19761106869118988,-1.570844236431879
12.224,6.49431572027356,0.19761106869133951,-1.5708439442301143
12.256,6.511368418774652,0.1976110686912895,-1.5708436560373737
12.288,6.528421117412561,0.1976110686910486,-1.5708433791806153
12.320,6.5454738161544785,0.19761106869064463,-1.5708431206995954
12.352,6.562526514965225,0.19761106869012174,-1.5708428871680675
12.384,6.579579213808173,0.197611068689536,-1.5708426845266925
12.416,6.596631912646175,0.19761106868894918,-1.5708425179319054
12.448,6.613684611442475,0.19761106868842293,-1.570842391624557
12.480,6.630737310161581,0.1976110686880118,-1.5708423088217274
12.512,6.647790008770082,0.19761106868775885,-1.5708422716344672
12.544,6.664842707237415,0.19761106868769027,-1.570842281013618
12.576,6.681895405536531,0.19761106868781278,-1.5708423367251265
12.608,6.69894810364451,0.19761106868811346,-1.5708424373555439
12.640,6.716000801543056,0.19761106868856088,-1.5708425803476043
12.672,6.73305349921892,0.19761106868910808,-1.5708427620650238
12.704,6.750106196664213,0.19761106868969727,-1.5708429778848905
12.736,6.767158893876615,0.19761106869026662,-1.5708432223153173
12.768,6.784211590859475,0.19761106869075512,-1.5708434891353376
12.800,6.801264287621791,0.1976110686911105,-1.5708437715534962
12.832,6.818316984178061,0.1976110686912928,-1.5708440623810338
12.864,6.8353696805480135,0.19761106869128028,-1.570844354215237
12.896,6.8524223767562,0.19761106869107045,-1.5708446396282407
12.928,6.86947507283146,0.19761106869068068,-1.5708449113564098
12.960,6.886527768806255,0.1976110686901471,-1.5708451624854738
12.992,6.90358046471589,0.19761106868952025,-1.5708453866266274
13.024,6.9206331605976334,0.19761106868886075,-1.5708455780791244
13.056,6.937685856489753,0.19761106868823267,-1.5708457319752138
13.088,6.954738552430499,0.19761106868769737,-1.5708458444037285
13.120,6.971791248457067,0.1976110686873076,-1.5708459125092225
13.152,6.988843944604557,0.1976110686871017,-1.5708459345641528
13.184,7.005896640904993,0.19761106868710016,-1.5708459100123393
13.216,7.022949337386408,0.19761106868730322,-1.5708458394826148
13.248,7.040002034072047,0.1976110686876911,-1.5708457247724015
13.280,7.05705473097971,0.1976110686882262,-1.5708455688016465
13.312,7.074107428121254,0.19761106868885595,-1.5708453755383425
13.344,7.0911601255022845,0.19761106868951933,-1.5708451498975387
13.376,7.108212823122028,0.19761106869015174,-1.5708448976164198
13.408,7.125265520973404,0.19761106869069267,-1.570844625108621
13.440,7.142318219043268,0.19761106869109074,-1.5708443393014517
13.472,7.159370917312847,0.19761106869130926,-1.5708440474601457
13.504,7.176423615758305,0.19761106869132997,-1.57084375700355
13.536,7.193476314351442,0.19761106869115433,-1.57084347531589
13.568,7.210529013060506,0.19761106869080375,-1.5708432095593596
13.600,7.227581711851048,0.197611068690317,-1.5708429664922567
13.632,7.244634410686849,0.19761106868974665,-1.5708427522972452
13.664,7.26168710953084,0.1976110686891529,-1.5708425724241242
13.696,7.278739808346024,0.19761106868859837,-1.5708424314510638
13.728,7.295792507096363,0.1976110686881409,-1.570842332967879
13.760,7.312845205747622,0.19761106868782805,-1.5708422794843249
13.792,7.329897904268148,0.19761106868769246,-1.5708422723657873
13.824,7.34695060262958,0.19761106868774794,-1.5708423117980572
13.856,7.3640033008074735,0.19761106868798842,-1.5708423967821243
13.888,7.381055998781844,0.19761106868838854,-1.570842525159184
13.920,7.398108696537618,0.19761106868890663,-1.5708426936652529
13.952,7.415161394064984,0.19761106868948797,-1.5708428980140332
13.984,7.432214091359632,0.19761106869007153,-1.5708431330059465
14.016,7.449266788422907,0.19761106869059525,-1.5708433926605447
14.048,7.466319485261817,0.19761106869100292,-1.5708436703689361
14.080,7.48337218188894,0.19761106869124992,-1.5708439590622956
14.112,7.500424878322196,0.19761106869130757,-1.5708442513921579
14.144,7.517477574584486,0.19761106869116657,-1.570844539917833
14.176,7.534530270703203,0.19761106869083706,-1.5708448172961476
14.208,7.551582966709611,0.1976110686903492,-1.5708450764686275
14.240,7.568635662638106,0.19761106868974884,-1.570845310841323
14.272,7.585688358525368,0.1976110686890936,-1.5708455144526772
14.304,7.6027410544094245,0.19761106868844713,-1.570845682125143
14.336,7.619793750328652,0.19761106868787254,-1.5708458095967137
14.368,7.636846446320738,0.19761106868742606,-1.570845893629016
14.400,7.653899142421639,0.1976110686871519,-1.5708459320892716
14.432,7.670951838664575,0.19761106868707703,-1.5708459240040644
14.464,7.688004535079087,0.19761106868720898,-1.5708458695836038
14.496,7.705057231690198,0.19761106868753506,-1.5708457702159213
14.528,7.722109928517696,0.19761106868802342,-1.5708456284311842
14.560,7.739162625575585,0.1976110686886262,-1.570845447837081
14.592,7.756215322871707,0.19761106868928505,-1.570845233026939
14.624,7.773268020407544,0.19761106868993566,-1.5708449894629348
14.656,7.790320718178225,0.19761106869051542,-1.570844723337353
14.688,7.80737341617271,0.197611068690969,-1.5708444414154037
14.720,7.824426114374159,0.19761106869125414,-1.5708441508635709
14.752,7.84147881276045,0.1976110686913456,-1.5708438590677987
14.784,7.858531511304839,0.1976110686912378,-1.5708435734461137
14.816,7.875584209976735,0.1976110686909455,-1.5708433012603755
14.848,7.8926369087425385,0.19761106869050152,-1.5708430494319157
14.880,7.909689607566551,0.1976110686899541,-1.570842824365716
14.912,7.926742306411898,0.1976110686893616,-1.570842631787563
14.944,7.943795005241453,0.19761106868878617,-1.5708424765983258
14.976,7.9608477040187395,0.19761106868828837,-1.5708423627490709
15.008,7.9779004027087925,0.19761106868791983,-1.5708422931402046
15.040,7.9949531012789645,0.19761106868771905,-1.5708422695472477
15.072,8.012005799699649,0.1976110686877065,-1.5708422925751826
15.104,8.029058497944956,0.19761106868788345,-1.5708423616425669
15.136,8.046111195993266,0.1976110686882313,-1.5708424749958978
15.168,8.063163893827722,0.19761106868871328,-1.5708426297538673
15.200,8.08021659143662,0.19761106868927897,-1.5708428219804471
15.232,8.097269288813683,0.19761106868986902,-1.5708430467849477
15.264,8.114321985958247,0.1976110686904206,-1.5708432984465266
15.296,8.131374682875324,0.1976110686908751,-1.5708435705599566
15.328,8.148427379575544,0.19761106869118308,-1.5708438561989293
15.360,8.165480076074973,0.19761106869130984,-1.5708441480926916
15.392,8.182532772394795,0.1976110686912389,-1.5708444388114933
15.424,8.199585468560885,0.1976110686909736,-1.5708447209560592
15.456,8.21663816460321,0.19761106869053727,-1.5708449873462336
15.488,8.233690860555159,0.1976110686899705,-1.57084523120394
15.520,8.2507435564527,0.19761106868932768,-1.5708454463257981
15.552,8.2677962523335,0.19761106868867068,-1.5708456272409368
15.584,8.284848948235933,0.19761106868806377,-1.5708457693500435
15.616,8.301901644198038,0.19761106868756614,-1.5708458690420855
15.648,8.318954340256509,0.1976110686872269,-1.5708459237857766
15.680,8.336007036445645,0.19761106868707964,-1.5708459321935024
15.712,8.353059732796389,0.19761106868713893,-1.570845894056123
15.744,8.370112429335451,0.19761106868739903,-1.5708458103478118
15.776,8.387165126084538,0.19761106868783476,-1.5708456832008642
15.808,8.404217823059756,0.19761106868840358,-1.5708455158511558
15.840,8.421270520271152,0.19761106868904962,-1.5708453125556696
15.872,8.438323217722473,0.19761106868971046,-1.5708450784842
15.904,8.455375915411075,0.19761106869032216,-1.5708448195880003
15.936,8.472428613328072,0.19761106869082612,-1.5708445424486854
15.968,8.489481311458619,0.19761106869117465,-1.57084425411122
16.000,8.506534009782392,0.19761106869133624,-1.5708439619051837
16.032,8.5235867082742,0.1976110686912983,-1.5708436732588298
16.064,8.54063940690472,0.1976110686910682,-1.5708433955105987
16.096,8.557692105641317,0.19761106869067308,-1.5708431357228414
16.128,8.574744804448923,0.197611068690156,-1.5708429005024593
16.160,8.591797503290977,0.19761106868957232,-1.5708426958329813
16.192,8.608850202130334,0.1976110686889838,-1.5708425269223398
16.224,8.62590290093019,0.19761106868845202,-1.5708423980702217
16.256,8.642955599654952,0.19761106868803266,-1.5708423125583875
16.288,8.660008298271062,0.1976110686877691,-1.5708422725667737
16.320,8.677060996747759,0.19761106868768896,-1.5708422791175642
16.352,8.694113695057771,0.19761106868780004,-1.5708423320486897
16.384,8.711166393177907,0.19761106868809075,-1.570842430017485
16.416,8.72821909108958,0.19761106868853043,-1.5708425705344713
16.448,8.745271788779222,0.1976110686890731,-1.5708427500264166
16.480,8.762324486238617,0.1976110686896617,-1.5708429639271153
16.512,8.779377183465101,0.19761106869023393,-1.5708432067935838
16.544,8.796429880461677,0.197611068690729,-1.57084347244471
16.576,8.813482577237005,0.19761106869109352,-1.570843754118818
16.608,8.830535273805257,0.19761106869128728,-1.5708440446460914
16.640,8.84758797018585,0.19761106869128686,-1.570844336631446
16.672,8.864640666403064,0.1976110686910885,-1.5708446226431287
16.704,8.881693362485489,0.19761106869070885,-1.5708448954022134
16.736,8.898746058465395,0.19761106869018258,-1.5708451479681198
16.768,8.915798754377935,0.1976110686895597,-1.5708453739153994
16.800,8.932851450260284,0.19761106868890033,-1.5708455674972708
16.832,8.949904146150681,0.19761106868826855,-1.5708457237917306
16.864,8.966956842087406,0.19761106868772604,-1.570845838826537
16.896,8.984009538107744,0.19761106868732625,-1.5708459096799035
16.928,9.001062234246957,0.19761106868710843,-1.5708459345543784
16.960,9.018114930537276,0.1976110686870943,-1.5708459128220766
16.992,9.035167627007008,0.19761106868728526,-1.570845845040154
17.024,9.0522203236797,0.1976110686876629,-1.5708457329362042
17.056,9.069273020573505,0.19761106868819034,-1.5708455793639682
17.088,9.086325717700646,0.19761106868881598,-1.570845388230519
17.120,9.103378415067116,0.19761106868947925,-1.5708451643968218
17.152,9.120431112672527,0.19761106869011524,-1.5708449135541784
17.184,9.137483810510174,0.1976110686906635,-1.5708446420796935
17.216,9.154536508567272,0.1976110686910714,-1.5708443568744306
17.248,9.171589206825377,0.1976110686913015,-1.5708440651883229
17.280,9.188641905260935,0.19761106869133435,-1.5708437744362462
17.312,9.205694603845993,0.19761106869117012,-1.5708434920098964
17.344,9.222747302548985,0.19761106869082926,-1.5708432250901825
17.376,9.239800001335606,0.1976110686903493,-1.5708429804649007
17.408,9.256852700169715,0.19761106868978243,-1.5708427643562597
17.440,9.273905399014268,0.19761106868918826,-1.5708425822626428
17.472,9.29095809783224,0.19761106868862974,-1.5708424388186202
17.504,9.308010796587505,0.19761106868816494,-1.5708423376768041
17.536,9.3250634952457,0.19761106868784248,-1.5708422814145415
17.568,9.342116193774999,0.19761106868769546,-1.5708422714678991
17.600,9.359168892146812,0.19761106868773926,-1.5708423080946328
17.632,9.37622159033645,0.197611068687969,-1.5708423903671516
17.664,9.39327428832364,0.19761106868836056,-1.5708425161957003
17.696,9.410326986093,0.19761106868887293,-1.570842682381211
17.728,9.427379683634392,0.19761106868945216,-1.5708428846965117
17.760,9.44443238094317,0.19761106869003725,-1.5708431179938396
17.792,9.461485078020328,0.19761106869056622,-1.5708433763359322
17.824,9.478537774872537,0.19761106869098236,-1.5708436531473355
17.856,9.495590471512042,0.19761106869124015,-1.5708439413820718
17.888,9.512643167956448,0.1976110686913099,-1.5708442337033415
17.920,9.529695864228366,0.19761106869118075,-1.5708445226706418
17.952,9.546748560354931,0.1976110686908621,-1.570844800929507
17.984,9.563801256367196,0.19761106869038264,-1.5708450613989868
18.016,9.580853952299389,0.19761106868978742,-1.570845297452051
18.048,9.597906648188076,0.19761106868913375,-1.5708455030843003
18.080,9.614959344071234,0.19761106868848477,-1.5708456730666949
18.112,9.632012039987243,0.19761106868790404,-1.5708458030783938
18.144,9.649064735973866,0.19761106868744863,-1.5708458898163578
18.176,9.666117432067193,0.19761106868716297,-1.5708459310789613
18.208,9.683170128300635,0.19761106868707562,-1.5708459258215082
18.240,9.700222824703983,0.19761106868719508,-1.5708458741823148
18.272,9.717275521302556,0.19761106868751008,-1.5708457774787257
18.304,9.734328218116476,0.1976110686879898,-1.5708456381732219
18.336,9.75138091516011,0.19761106868858744,-1.5708454598105188
18.368,9.768433612441683,0.19761106868924466,-1.5708452469272811
18.400,9.785486309963064,0.19761106868989772,-1.5708450049367568
18.432,9.80253900771976,0.19761106869048334,-1.5708447399912777
18.464,9.8195917057011,0.19761106869094605,-1.5708444588260801
18.496,9.836644403890583,0.19761106869124215,-1.5708441685884187
18.528,9.853697102266384,0.19761106869134573,-1.5708438766562351
18.560,9.870749800802027,0.1976110686912499,-1.5708435904509854
18.592,9.887802499467123,0.1976110686909679,-1.570843317249311
18.624,9.904855198228233,0.19761106869053183,-1.5708430639983024
18.656,9.921907897049762,0.19761106868998912,-1.570842837139031
18.688,9.938960595894873,0.19761106868939737,-1.570842642442799
18.720,9.956013294726432,0.19761106868881934,-1.570842484864269
18.752,9.973065993507904,0.19761106868831518,-1.5708423684152195
18.784,9.990118692204202,0.1976110686879376,-1.570842296062142
18.816,10.007171390782517,0.1976110686877258,-1.5708422696503492
18.848,10.024224089213044,0.19761106868770167,-1.5708422898565404
18.880,10.041276787469643,0.19761106868786754,-1.5708423561710982
18.912,10.058329485530423,0.1976110686882058,-1.5708424669106098
18.944,10.075382183378233,0.197611068688681,-1.5708426192603426
18.976,10.09243488100104,0.19761106868924333,-1.5708428093456224
19.008,10.109487578392233,0.19761106868983364,-1.5708430323303173
19.040,10.12654027555081,0.19761106869038944,-1.5708432825399643
19.072,10.14359297248143,0.1976110686908513,-1.5708435536063319
19.104,10.160645669194393,0.1976110686911694,-1.570843838629784
19.136,10.17769836570544,0.19761106869130793,-1.5708441303552325
19.168,10.19475106203546,0.19761106869124898,-1.5708444213571895
19.200,10.211803758210054,0.19761106869099507,-1.5708447042291296
19.232,10.228856454258965,0.19761106869056805,-1.5708449717723194
19.264,10.24590915021539,0.19761106869000777,-1.5708452171792735
19.296,10.262961846115171,0.19761106868936779,-1.5708454342071
19.328,10.280014541995895,0.19761106868870973,-1.5708456173363576
19.360,10.29706723789592,0.19761106868809802,-1.5708457619113303
19.392,10.314119933853346,0.1976110686875923,-1.5708458642581975
19.424,10.33117262990497,0.19761106868724232,-1.570845921778111
19.456,10.348225326085267,0.1976110686870828,-1.5708459330128313
19.488,10.365278022425406,0.19761106868712952,-1.5708458976813338
19.520,10.382330718952378,0.19761106868737804,-1.570845816686468
19.552,10.399383415688215,0.19761106868780412,-1.570845692091585
19.584,10.416436112649375,0.19761106868836623,-1.5708455270677288
19.616,10.433488809846285,0.19761106868900932,-1.5708453258128183
19.648,10.450541507283068,0.1976110686896712,-1.5708450934448333
19.680,10.467594204957477,0.19761106869028752,-1.570844835871767
19.712,10.484646902860991,0.19761106869079947,-1.5708445596416387
19.744,10.50169960097912,0.19761106869115852,-1.5708442717763147
19.776,10.518752299291851,0.19761106869133205,-1.5708439795933666
19.808,10.535804997774271,0.19761106869130618,-1.5708436905204288
19.840,10.552857696397282,0.1976110686910873,-1.5708434119067336
19.872,10.569910395128424,0.19761106869070097,-1.5708431508365719
19.904,10.586963093932757,0.19761106869018977,-1.5708429139493751
19.936,10.604015792773776,0.19761106868960837,-1.5708427072709732
19.968,10.621068491614356,0.19761106868901834,-1.5708425360603144
20.000,10.638121190417635,0.19761106868848147,-1.5708424046755136
20.032,10.65517388914793,0.19761106868805386,-1.5708423164627054
20.064,10.672226587771535,0.19761106868778006,-1.5708422736705046
20.096,10.689279286257499,0.19761106868768835,-1.5708422773923385
20.128,10.706331984578322,0.19761106868778805,-1.5708423275381336
20.160,10.723384682710545,0.1976110686880684,-1.5708424228361384
20.192,10.740437380635294,0.1976110686885003,-1.57084256086489
20.224,10.757490078338687,0.1976110686890383,-1.5708427381145436
20.256,10.774542775812174,0.1976110686896257,-1.570842950076025
20.288,10.791595473052748,0.19761106869020068,-1.570843191355768
20.320,10.808648170063073,0.19761106869070216,-1.5708434558130964
20.352,10.825700866851465,0.19761106869107592,-1.5708437367167454
20.384,10.842753563431767,0.19761106869128087,-1.5708440269165191
20.416,10.859806259823094,0.19761106869129247,-1.5708443190256518
20.448,10.876858956049437,0.1976110686911059,-1.5708446056092074
20.480,10.89391165213915,0.19761106869073644,-1.5708448793736431
20.512,10.910964348124297,0.19761106869021783,-1.5708451333527262
20.544,10.928017044039876,0.19761106868959924,-1.5708453610849644
20.576,10.945069739922976,0.1976110686889404,-1.5708455567780788
20.608,10.96212243581179,0.19761106868830505,-1.5708457154562778
20.640,10.979175131744627,0.1976110686877554,-1.5708458330866168
20.672,10.996227827758869,0.19761106868734576,-1.570845906681239
20.704,11.01328052388992,0.19761106868711606,-1.5708459343729484
20.736,11.030333220170233,0.1976110686870894,-1.5708459154622079
20.768,11.047385916628363,0.1976110686872682,-1.57084585043445
20.800,11.064438613288177,0.19761106868763545,-1.5708457409472765
20.832,11.081491310168166,0.19761106868815506,-1.5708455897879487
20.864,11.098544007280928,0.1976110686887765,-1.5708454008022588
20.896,11.115596704632836,0.19761106868943915,-1.5708451787966322
20.928,11.13264940222389,0.19761106869007877,-1.5708449294159497
20.960,11.149702100047763,0.19761106869063383,-1.5708446590001959
20.992,11.16675479809203,0.19761106869105144,-1.5708443744235439
21.024,11.183807496338568,0.1976110686912932,-1.5708440829199442
21.056,11.200860194764124,0.19761106869133813,-1.5708437918996128
21.088,11.217912893340985,0.1976110686911854,-1.570843508761019
21.120,11.234965592037783,0.19761106869085415,-1.5708432407031208
21.152,11.252018290820349,0.19761106869038153,-1.5708429945425788
21.184,11.269070989652628,0.19761106868981818,-1.5708427765405595
21.216,11.286123688497605,0.1976110686892241,-1.570842592243512
21.248,11.30317638731823,0.19761106868866152,-1.5708424463419803
21.280,11.3202290860783,0.1976110686881895,-1.5708423425510238
21.312,11.337281784743316,0.19761106868785716,-1.5708422835153437
21.344,11.354334483281278,0.19761106868769887,-1.570842270741548
21.376,11.371387181663387,0.1976110686877311,-1.5708423045593296
21.408,11.38843987986469,0.19761106868795003,-1.570842384112604
21.440,11.405492577864644,0.1976110686883328,-1.5708425073808598
21.472,11.422545275647552,0.19761106868883926,-1.5708426712302452
21.504,11.43959797320295,0.19761106868941616,-1.5708428714931049
21.536,11.456650670525859,0.1976110686900029,-1.570843103073978
21.568,11.473703367616928,0.19761106869053696,-1.5708433600793428
21.600,11.490756064482479,0.19761106869096132,-1.5708436359678066
21.632,11.50780876113443,0.19761106869122966,-1.5708439237168987
21.664,11.524861457590069,0.19761106869131131,-1.5708442160021723
21.696,11.541914153871714,0.19761106869119402,-1.5708445053840097
21.728,11.558966850006247,0.19761106869088632,-1.5708447844973494
21.760,11.576019546024494,0.19761106869041548,-1.5708450462394248
21.792,11.593072241960519,0.19761106868982584,-1.5708452839507416
21.824,11.61012493785077,0.19761106868917383,-1.5708454915846266
21.856,11.62717763373317,0.19761106868852288,-1.5708456638610349
21.888,11.644230329646101,0.19761106868793618,-1.570845796400694
21.920,11.661283025627393,0.19761106868747164,-1.5708458858362113
21.952,11.678335721713266,0.19761106868717468,-1.5708459298973125
21.984,11.695388417937325,0.19761106868707487,-1.5708459274681208
22.016,11.712441114329605,0.19761106868718215,-1.5708458786150465
22.048,11.729493810915713,0.1976110686874859,-1.5708457845846198
22.080,11.746546507716111,0.19761106868795672,-1.5708456477714068
22.112,11.763599204745525,0.19761106868854877,-1.5708454716568176
22.144,11.780651902012552,0.19761106868920422,-1.5708452607204222
22.176,11.79770459951946,0.1976110686898593,-1.5708450203260362
22.208,11.814757297262133,0.1976110686904508,-1.5708447565854633
22.240,11.831809995230268,0.19761106869092235,-1.5708444762033418
22.272,11.848862693407701,0.19761106869122963,-1.570844186307027
22.304,11.865915391772921,0.19761106869134518,-1.5708438942657694
22.336,11.882968090299704,0.19761106869126127,-1.5708436075037586
22.368,11.900020788957876,0.19761106869098988,-1.5708433333117342
22.400,11.917073487714163,0.197611068690562,-1.5708430786618963
22.432,11.934126186533069,0.1976110686900241,-1.5708428500308058
22.464,11.951178885377807,0.19761106868943382,-1.5708426532347421
22.496,11.968231584211242,0.19761106868885298,-1.5708424932816976
22.528,11.985284282996767,0.19761106868834274,-1.570842374243778
22.560,12.00233698169919,0.1976110686879562,-1.5708422991532869
22.592,12.019389680285542,0.19761106868773365,-1.5708422699251503
22.624,12.03644237872581,0.19761106868769787,-1.5708422873077204
22.656,12.053495076993622,0.19761106868785244,-1.5708423508632494
22.688,12.070547775066812,0.19761106868818104,-1.570842458978577
22.720,12.087600472927928,0.19761106868864928,-1.5708426089058025
22.752,12.10465317056462,0.19761106868920797,-1.5708427968319647
22.784,12.121705867969938,0.1976110686897982,-1.570843017975959
22.816,12.13875856514254,0.19761106869035777,-1.570843266710219
22.848,12.155811262086747,0.19761106869082698,-1.5708435367041103
22.880,12.17286395881251,0.19761106869115502,-1.5708438210853195
22.912,12.189916655335255,0.19761106869130504,-1.5708441126151067
22.944,12.206969351675564,0.19761106869125833,-1.5708444038729412
22.976,12.224022047858773,0.1976110686910156,-1.570844687445742
23.008,12.241074743914389,0.19761106869059825,-1.570844956116879
23.040,12.258127439875421,0.19761106869004463,-1.5708452030500848
23.072,12.275180135777578,0.1976110686894077,-1.5708454219635524
23.104,12.29223283165837,0.19761106868874898,-1.5708456072897787
23.136,12.309285527556135,0.19761106868813258,-1.5708457543170848
23.168,12.326338223509014,0.1976110686876189,-1.5708458593092078
23.200,12.343390919553917,0.19761106868725847,-1.5708459195999724
23.232,12.360443615725487,0.19761106868708675,-1.5708459336606524
23.264,12.37749631205512,0.1976110686871208,-1.5708459011383604
23.296,12.394549008570086,0.19761106868735753,-1.570845822864541
23.328,12.409354344167472,0.19761106940794446,-1.5729845872950952
23.360,12.426055698775734,0.1976111776828529,-1.5704362000972214
23.392,12.443007931091373,0.1976111885036608,-1.5702845265965177
23.424,12.459994659919253,0.19761117586670124,-1.5703637162324027
23.456,12.476985055903176,0.1976111597653104,-1.5704507853488903
23.488,12.493974968418996,0.19761114439044475,-1.5705236212151048
23.520,12.50873829290096,0.19761115334659288,-1.5727307362146916
23.552,12.521461432986813,0.19761103920062828,-1.5730124121971794
23.584,12.537807335269564,0.19761135757488205,-1.569738484455576
23.616,12.5545775136657,0.1976113822825524,-1.5696061642013444
23.648,12.571403843012684,0.1976113601729783,-1.5697982417086165
23.680,12.588234893835665,0.19761132415106042,-1.5699902104071528
23.712,12.605063855850226,0.19761128492779634,-1.570149538210383
23.744,12.621890256496199,0.19761124746127315,-1.570278766568023
23.776,12.638714469001236,0.19761121410149238,-1.5703835450935328
23.808,12.653324681703642,0.19761121728349765,-1.572629335703364
23.840,12.66976547650603,0.19761128454783342,-1.5701427803152088
23.872,12.686456686290589,0.19761127789182878,-1.5700424845204142
23.904,12.70318234870465,0.1976112508372527,-1.570167095041587
23.936,12.719911170696488,0.19761122130030825,-1.570291997250392
23.968,12.736638861951135,0.19761119404319882,-1.5703958558120434
24.000,12.753365174776322,0.1976111703522295,-1.5704802124859742
24.032,12.7700903470293,0.19761115044347344,-1.5705486567103684
24.064,12.786814627612383,0.1976111340833208,-1.5706043132547234
24.096,12.803538206399097,0.19761112084122875,-1.5706496758542208
24.128,12.820261161317763,0.19761111022704636,-1.5706867259436694
24.160,12.836983563425619,0.1976111017659939,-1.5707170138105409
24.192,12.85370549904115,0.1976110950382351,-1.570741770097751
24.224,12.87042704341838,0.1976110896914559,-1.5707619903626768
24.256,12.887148260854302,0.19761108543909037,-1.5707784827653921
24.288,12.903869206307652,0.19761108205281475,-1.570791907225144
24.320,12.92058992678093,0.1976110793526768,-1.5708028056645842
24.352,12.934987792960653,0.19761107852217685,-1.5729934517656348
24.384,12.947106382923394,0.19761095032453926,-1.5731314113619748
24.416,12.963104465451261,0.19761135464825283,-1.5699249270799602
24.448,12.97955193324454,0.1976113872719834,-1.569756945875849
24.480,12.996059822182872,0.1976113670834011,-1.5699205190839391
24.512,13.012573098749494,0.19761133204092182,-1.5700910931569103
24.544,13.029084908939803,0.19761129307159683,-1.570233354024083
24.576,13.04559449800472,0.19761125525447643,-1.5703484930629565
24.608,13.06210214844785,0.19761122114255547,-1.5704414988064106
24.640,13.078608197586222,0.19761119178750716,-1.5705168508028555
24.672,13.095112928625818,0.19761116731973846,-1.5705781071404967
24.704,13.109220434399813,0.19761116586871863,-1.5727090403148394
24.736,13.125304620422998,0.19761127190083635,-1.5703133855597509
24.768,13.14165405834846,0.1976112698887731,-1.5701811451281003
24.800,13.158040299926911,0.19761124437986616,-1.5702797046796457
24.832,13.174430368746977,0.19761121618813485,-1.5703842073387337
24.864,13.190819804292678,0.19761119013946538,-1.5704714537364912
24.896,13.207208157332786,0.1976111674309334,-1.5705421288283088
24.928,13.223595540119753,0.197611148261908,-1.5705992394434227
24.960,13.239982149686337,0.1976111324338551,-1.570645472212736
24.992,13.256368113942125,0.19761111956767005,-1.570682994798053
25.024,13.270204231798102,0.19761111790630217,-1.5728367662821796
25.056,13.286145822805382,0.19761125733755938,-1.570385967900683
25.088,13.302365603552433,0.19761126115263586,-1.5702322775711008
25.120,13.318624190824634,0.19761123831000582,-1.5703198183015432
25.152,13.334887114662836,0.19761121198048992,-1.5704164916687675
25.184,13.351149656391243,0.19761118726752186,-1.5704975260400333
25.216,13.367411326853619,0.19761116547754518,-1.5705631595645455
25.248,13.38367219589719,0.19761114691734236,-1.5706161769836127
25.280,13.399932381790771,0.19761113148501505,-1.5706591087991946
25.312,13.416191987109642,0.1976111188759541,-1.5706939795981072
25.344,13.432451095832738,0.1976111086995675,-1.5707223785751645
25.376,13.448709777498246,0.1976111005525118,-1.5707455532750059
25.408,13.46496809102496,0.19761109406068889,-1.5707644881892897
25.440,13.481226087426414,0.1976110888989513,-1.5707799659717685
25.472,13.497483811580633,0.19761108479640316,-1.5707926139851973
25.504,13.513741303323188,0.19761108153352253,-1.5708029392862115
25.536,13.529998598100752,0.1976110789354689,-1.5708113547907996
25.568,13.54625572736779,0.19761107686429286,-1.5708181988635248
25.600,13.56251271885431,0.19761107521153207,-1.570823750083541
25.632,13.578769596786092,0.1976110738918515,-1.570828238510337
25.664,13.595026382103077,0.19761107283789636,-1.5708318544197144
25.696,13.611283092696354,0.19761107199627265,-1.5708347552057365
25.728,13.627539743668036,0.19761107132447028,-1.5708370709385706
25.760,13.64379634760915,0.19761107078852258,-1.570838908918977
25.792,13.660052914886476,0.19761107036122194,-1.5708403574650165
25.824,13.676309453928283,0.1976110700207482,-1.5708414890941413
25.856,13.692565971499864,0.19761106974959772,-1.5708423632150297
25.888,13.708822472961652,0.19761106953373916,-1.5708430284111674
25.920,13.725078962504844,0.1976110693619382,-1.5708435243770504
25.952,13.741335443361619,0.19761106922521382,-1.5708438835542047
25.984,13.757591917988757,0.19761106911639748,-1.5708441325053468
26.016,13.773848388225018,0.19761106902977624,-1.5708442930592497
26.048,13.790104855423573,0.19761106896080277,-1.5708443832548715
26.080,13.806361320561596,0.19761106890586147,-1.5708444181104937
26.112,13.822617784329449,0.19761106886207858,-1.570844410241372
26.144,13.83887424720212,0.19761106882717194,-1.570844370347452
26.176,13.855130709495567,0.1976110687993289,-1.5708443075909357
26.208,13.871387171410428,0.19761106877710927,-1.57084422988178
26.240,13.887643633065416,0.19761106875936935,-1.5708441440874994
26.272,13.903900094522445,0.19761106874520057,-1.570844056182022
26.304,13.92015655580521,0.19761106873388076,-1.570843971346682
26.336,13.936413016912718,0.1976110687248364,-1.5708438940348868
26.368,13.952669477828984,0.1976110687176114,-1.5708438280104564
26.400,13.968925938529857,0.1976110687118432,-1.570843776368206
26.432,13.98518239898779,0.19761106870724304,-1.5708437415440104
26.464,14.00143885917509,0.19761106870358056,-1.5708437253203023
26.496,14.017695319066144,0.19761106870067133,-1.5708437288318349
26.528,14.033951778638913,0.19761106869836725,-1.5708437525754466
26.560,14.050208237875951,0.19761106869654804,-1.5708437964266448
26.592,14.066464696765063,0.19761106869511613,-1.5708438596649121
26.624,14.082721155299764,0.19761106869399142,-1.5708439410089028
26.656,14.098977613479532,0.1976110686931077,-1.570844038661974
26.688,14.115234071309951,0.19761106869241055,-1.5708441503679234
26.720,14.131490528802702,0.19761106869185505,-1.5708442734762553
26.752,14.147746985975452,0.19761106869140496,-1.5708444050158625
26.784,14.164003442851607,0.19761106869103104,-1.5708445417756534
26.816,14.180259899459939,0.1976110686907111,-1.5708446803903742
26.848,14.1965163558341,0.1976110686904288,-1.5708448174296201
26.880,14.212772812012012,0.19761106869017359,-1.5708449494879608
26.912,14.229029268035113,0.1976110686899391,-1.5708450732739536
26.944,14.245285723947537,0.19761106868972328,-1.5708451856959058
26.976,14.261542179795182,0.19761106868952683,-1.5708452839422269
27.008,14.277798635624709,0.19761106868935271,-1.5708453655543988
27.040,14.294055091482516,0.1976110686892049,-1.5708454284907323
27.072,14.310311547413674,0.19761106868908745,-1.570845471179335
27.104,14.326568003460885,0.1976110686890035,-1.5708454925589592
27.136,14.342824459663474,0.197611068688955,-1.5708454921067225
27.168,14.359080916056461,0.19761106868894188,-1.5708454698520165
27.200,14.37533737266971,0.19761106868896178,-1.5708454263762668
27.232,14.391593829527219,0.19761106868901052,-1.5708453627985715
27.264,14.407850286646534,0.1976110686890818,-1.5708452807475928
27.296,14.424106744038333,0.197611068689168,-1.5708451823204281
27.328,14.440363201706177,0.19761106868926073,-1.5708450700295256
27.360,14.456619659646444,0.1976110686893515,-1.5708449467389807
27.392,14.472876117848443,0.19761106868943257,-1.5708448155918702
27.424,14.489132576294715,0.19761106868949757,-1.5708446799304436
27.456,14.505389034961482,0.19761106868954204,-1.5708445432112335
27.488,14.52164549381929,0.19761106868956368,-1.5708444089172233
27.520,14.537901952833781,0.19761106868956246,-1.5708442804693272
27.552,14.554158411966563,0.19761106868954106,-1.5708441611394253
27.584,14.570414871176222,0.1976110686895036,-1.5708440539671786
27.616,14.586671330419373,0.19761106868945616,-1.570843961682723
27.648,14.602927789651769,0.1976110686894049,-1.570843886637238
27.680,14.619184248829432,0.19761106868935652,-1.5708438307431414
27.712,14.635440707909765,0.19761106868931708,-1.57084379542544
27.744,14.651697166852623,0.19761106868929118,-1.5708437815854797
27.776,14.667953625621326,0.19761106868928194,-1.57084378957801
27.808,14.684210084183588,0.1976110686892898,-1.5708438192021714
27.840,14.700466542512322,0.19761106868931344,-1.5708438697066018
27.872,14.716723000586324,0.19761106868934955,-1.5708439398085723
27.904,14.732979458390789,0.19761106868939302,-1.5708440277266298
27.936,14.749235915917714,0.19761106868943756,-1.570844131225947
27.968,14.76549237316608,0.1976110686894767,-1.5708442476751936
28.000,14.781748830141895,0.19761106868950393,-1.5708443741135092
28.032,14.798005286858048,0.19761106868951414,-1.5708445073258526
28.064,14.814261743333994,0.1976110686895033,-1.5708446439248112
28.096,14.830518199595266,0.19761106868946965,-1.5708447804367995
28.128,14.846774655672856,0.1976110686894139,-1.570844913390434
28.160,14.863031111602428,0.1976110686893388,-1.5708450394048434
28.192,14.87928756742343,0.19761106868924935,-1.5708451552756781
28.224,14.89554402317809,0.1976110686891522,-1.570845258056612
28.256,14.911800478910356,0.19761106868905484,-1.5708453451342774
28.288,14.928056934664781,0.19761106868896533,-1.5708454142947197
28.320,14.94431339048537,0.19761106868889106,-1.5708454637796971
28.352,14.960569846414472,0.19761106868883863,-1.5708454923313844
28.384,14.976826302491677,0.1976110686888125,-1.5708454992243457
28.416,14.993082758752804,0.1976110686888151,-1.570845484283974
28.448,15.009339215228978,0.1976110686888464,-1.5708454478909246
28.480,15.025595671945823,0.19761106868890388,-1.570845390971427
28.512,15.041852128922796,0.19761106868898276,-1.5708453149737371
28.544,15.058108586172695,0.1976110686890766,-1.5708452218313025
28.576,15.074365043701327,0.19761106868917774,-1.5708451139136106
28.608,15.090621501507362,0.19761106868927808,-1.570844993965937
28.640,15.106877959582365,0.19761106868936984,-1.5708448650395381
28.672,15.123134417911034,0.19761106868944658,-1.5708447304140647
28.704,15.139390876471591,0.19761106868950312,-1.5708445935141633
28.736,15.155647335236349,0.19761106868953654,-1.5708444578223761
28.768,15.171903794172446,0.19761106868954628,-1.5708443267905738
28.800,15.188160253242666,0.1976110686895342,-1.5708442037521486
28.832,15.204416712406424,0.19761106868950398,-1.5708440918372246
28.864,15.220673171620783,0.19761106868946093,-1.5708439938930157
28.896,15.236929630841567,0.19761106868941167,-1.5708439124113933
28.928,15.253186090024466,0.19761106868936282,-1.5708438494654688
28.960,15.26944254912617,0.19761106868932057,-1.5708438066568402
28.992,15.28569900810546,0.19761106868929046,-1.5708437850748223
29.024,15.301955466924237,0.1976110686892759,-1.570843785268726
29.056,15.318211925548484,0.19761106868927839,-1.5708438072338617
29.088,15.334468383949117,0.19761106868929737,-1.5708438504116513
29.120,15.350724842102712,0.19761106868933018,-1.5708439137038377
29.152,15.36698129999209,0.19761106868937212,-1.570843995500428
29.184,15.383237757606757,0.19761106868941747,-1.5708440937206607
29.216,15.399494214943154,0.1976110686894597,-1.5708442058659553
29.248,15.415750672004764,0.19761106868949213,-1.5708443290834921
29.280,15.432007128802022,0.19761106868950917,-1.570844460238811
29.312,15.448263585352064,0.1976110686895062,-1.5708445959955593
29.344,15.464520041678304,0.1976110686894809,-1.5708447329003932
29.376,15.480776497809849,0.19761106868943296,-1.570844867470826
29.408,15.497032953780767,0.19761106868936448,-1.5708449962838271
29.440,15.513289409629248,0.19761106868927958,-1.5708451160628938
29.472,15.529545865396626,0.19761106868918457,-1.570845223761389
29.504,15.545802321126343,0.19761106868908643,-1.5708453166400225
29.536,15.562058776862836,0.1976110686889934,-1.5708453923365173
29.568,15.578315232650413,0.19761106868891307,-1.5708454489256651
29.600,15.594571688532106,0.19761106868885256,-1.5708454849682811
29.632,15.610828144548586,0.19761106868881687,-1.5708454995477865
29.664,15.627084600737094,0.1976110686888093,-1.5708454922935018
29.696,15.643341057130495,0.19761106868883074,-1.5708454633900624
29.728,15.659597513756422,0.19761106868887948,-1.5708454135727152
29.760,15.675853970636561,0.19761106868895167,-1.5708453441086185
29.792,15.692110427786098,0.19761106868904108,-1.5708452567646156
29.824,15.708366885213323,0.19761106868914066,-1.570845153762311
29.856,15.724623342919418,0.1976110686892421,-1.5708450377215735
29.888,15.740879800898433,0.19761106868933792,-1.5708449115939267
29.920,15.757136259137447,0.19761106868942077,-1.5708447785874944
29.952,15.7733927176169,0.19761106868948494,-1.5708446420854134
29.984,15.789649176311114,0.19761106868952674,-1.5708445055598037
30.016,15.805905635188951,0.19761106868954492,-1.5708443724834538
30.048,15.822162094214624,0.19761106868954015,-1.5708442462414922
30.080,15.838418553348614,0.19761106868951583,-1.5708441300452771
30.112,15.854675012548688,0.19761106868947667,-1.5708440268506982
30.144,15.870931471770968,0.19761106868942901,-1.5708439392829683
30.176,15.887187930971065,0.1976110686893791,-1.5708438695698257
30.208,15.903444390105175,0.19761106868933412,-1.5708438194848413
30.240,15.919700849131216,0.19761106868929917,-1.5708437903022767
30.272,15.935957308009863,0.19761106868927875,-1.5708437827646504
30.304,15.952213766705553,0.19761106868927522,-1.570843797063828
30.336,15.96847022518736,0.19761106868928865,-1.570843832836133
30.368,15.98472668342978,0.19761106868931697,-1.5708438891715908
30.400,16.000983141413368,0.19761106868935652,-1.5708439646370798
30.432,16.01723959912522,0.19761106868940131,-1.5708440573127989
30.464,16.033496056559304,0.1976110686894453,-1.5708441648411204
30.496,16.04975251371661,0.19761106868948206,-1.5708442844865802
30.528,16.066008970605132,0.19761106868950518,-1.570844413205488
30.560,16.08226542723968,0.19761106868950964,-1.5708445477233768
30.592,16.098521883641496,0.19761106868949252,-1.570844684618319
30.624,16.11477833983775,0.19761106868945255,-1.5708448204079857
30.656,16.131034795860852,0.1976110686893907,-1.5708449516382375
30.688,16.14729125174763,0.19761106868931105,-1.5708450749709966
30.720,16.163547707538424,0.1976110686892187,-1.5708451872691511
30.752,16.179804163276053,0.19761106868912082,-1.5708452856763422
30.784,16.196060619004722,0.19761106868902525,-1.5708453676895977
30.816,16.212317074768926,0.19761106868893955,-1.5708454312229838
30.848,16.228573530612262,0.19761106868887118,-1.570845474660641
30.880,16.244829986576367,0.19761106868882636,-1.5708454968978542
30.912,16.261086442699806,0.19761106868880868,-1.5708454973691404
30.944,16.277342899017093,0.19761106868881992,-1.570845476062613
30.976,16.293599355557795,0.1976110686888593,-1.57084543352027
31.008,16.309855812345774,0.19761106868892364,-1.570845370824212
31.040,16.326112269398568,0.1976110686890078,-1.5708452895691194
31.072,16.34236872672694,0.19761106868910475,-1.5708451918216972
31.104,16.35862518433459,0.19761106868920666,-1.5708450800681326
31.136,16.374881642218085,0.19761106868930522,-1.5708449571508771
31.168,16.39113810036693,0.19761106868939332,-1.570844826196356
31.200,16.407394558763876,0.19761106868946454,-1.5708446905354787
31.232,16.42365101738532,0.19761106868951459,-1.5708445536189235
31.264,16.439907476201988,0.19761106868954087,-1.5708444189293778
31.296,16.456163935179628,0.19761106868954423,-1.5708442898929644
31.328,16.47242039427993,0.1976110686895264,-1.5708441697920814
31.360,16.488676853461495,0.19761106868949177,-1.5708440616819048
31.392,16.504933312680905,0.19761106868944614,-1.5708439683126605
31.424,16.52118977189382,0.19761106868939626,-1.5708438920596424
31.456,16.537446231056098,0.19761106868934875,-1.5708438348627662
31.488,16.55370269012493,0.19761106868930975,-1.5708437981772017
31.520,16.56995914905989,0.19761106868928396,-1.5708437829363295
31.552,16.586215607823988,0.19761106868927453,-1.5708437895279836
31.584,16.602472066384554,0.19761106868928202,-1.5708438177845623
31.616,16.618728524714097,0.19761106868930559,-1.5708438669872902
31.648,16.634984982790954,0.19761106868934156,-1.5708439358845032
31.680,16.651241440599872,0.19761106868938508,-1.5708440227234939
31.712,16.667497898132364,0.19761106868943032,-1.5708441252951104
31.744,16.68375435538692,0.19761106868947015,-1.570844240989973
31.776,16.700010812369072,0.1976110686894987,-1.5708443668648782
31.808,16.716267269091265,0.19761106868951012,-1.5708444997176851
31.840,16.73252372557251,0.19761106868950085,-1.5708446361687942
31.872,16.748780181837947,0.1976110686894688,-1.5708447727471393
31.904,16.76503663791823,0.19761106868941472,-1.570844905978487
31.936,16.781293093848717,0.19761106868934103,-1.5708450324738255
31.968,16.79754954966863,0.19761106868925246,-1.5708451490155635
32.000,16.81380600542002,0.19761106868915565,-1.5708452526393764
32.032,16.830062461146735,0.1976110686890583,-1.5708453407095788
32.064,16.846318916893292,0.19761106868896827,-1.5708454109861567
32.096,16.862575372703745,0.19761106868889297,-1.5708454616817273
32.128,16.87883182862054,0.1976110686888391,-1.5708454915069645
32.160,16.895088284683453,0.19761106868881145,-1.5708454997033847
32.192,16.911344740928527,0.19761106868881242,-1.5708454860626173
32.224,16.927601197387183,0.19761106868884215,-1.5708454509316911
32.256,16.94385765408538,0.19761106868889824,-1.570845395204211
32.288,16.96011411104294,0.19761106868897615,-1.5708453202976158
32.320,16.976370568273076,0.1976110686890693,-1.570845228117141
32.352,16.992627025781992,0.1976110686891703,-1.5708451210073786
32.384,17.008883483568784,0.1976110686892709,-1.5708450016926518
32.416,17.025139941625433,0.19761106868936346,-1.5708448732077451
32.448,17.04139639993703,0.19761106868944125,-1.5708447388207283
32.480,17.05765285848216,0.1976110686894993,-1.5708446019498552
32.512,17.07390931723347,0.19761106868953418,-1.570844466076626
32.544,17.090165776158376,0.19761106868954542,-1.570844334657241
32.576,17.10642223521989,0.19761106868953449,-1.5708442110346854
32.608,17.122678694377587,0.19761106868950526,-1.5708440983536944
32.640,17.138935153588648,0.1976110686894629,-1.570843999480743
32.672,17.15519161280892,0.19761106868941378,-1.5708439169311095
32.704,17.17144807199407,0.19761106868936482,-1.5708438528048798
32.736,17.187704531100692,0.19761106868932235,-1.5708438087334908
32.768,17.203960990087396,0.19761106868929137,-1.5708437858382145
32.800,17.220217448915864,0.19761106868927583,-1.5708437847016092
32.832,17.2364739075518,0.1976110686892773,-1.5708438053526905
32.864,17.252730365965796,0.19761106868929545,-1.5708438472661717
32.896,17.268986824134064,0.19761106868932773,-1.5708439093758333
32.928,17.285243282039023,0.1976110686893693,-1.5708439901016473
32.960,17.30149973966976,0.1976110686894147,-1.5708440873899814
32.992,17.317756197022298,0.1976110686894572,-1.5708441987658561
33.024,17.334012654099677,0.1976110686894904,-1.5708443213959304
33.056,17.350269110911924,0.19761106868950848,-1.5708444521605915
33.088,17.366525567475776,0.19761106868950679,-1.5708445877333423
33.120,17.38278202381427,0.1976110686894829,-1.570844724665433
33.152,17.399038479956186,0.19761106868943626,-1.57084485947361
33.184,17.41529493593532,0.19761106868936892,-1.5708449887287177
33.216,17.43155139178964,0.197611068689285,-1.5708451091429396
33.248,17.447807847560302,0.19761106868919026,-1.5708452176534193
33.280,17.46406430329065,0.19761106868909226,-1.570845311500154
33.312,17.480320759025105,0.1976110686889988,-1.5708453882961873
33.344,17.496577214808003,0.1976110686889175,-1.5708454460882928
33.376,17.51283367068249,0.19761106868885567,-1.570845483406644
33.408,17.5290901266894,0.19761106868881842,-1.5708454993021705
33.440,17.545346582866216,0.19761106868880915,-1.5708454933706817
33.472,17.56160303924609,0.19761106868882877,-1.5708454657631352
33.504,17.577859495856995,0.19761106868887598,-1.5708454171817812
33.536,17.594115952720994,0.19761106868894676,-1.5708453488623144
33.568,17.610372409853674,0.19761106868903547,-1.5708452625424327
33.600,17.626628867263758,0.19761106868913447,-1.5708451604176659
33.632,17.642885324952854,0.19761106868923606,-1.5708450450855396
33.664,17.659141782915444,0.19761106868933237,-1.5708449194795246
33.696,17.675398241139018,0.19761106868941614,-1.5708447867944526
33.728,17.691654699604413,0.19761106868948136,-1.5708446504052633
33.760,17.70791115828629,0.19761106868952452,-1.5708445137811788
33.792,17.72416761715383,0.19761106868954417,-1.570844380397472
33.824,17.740424076171504,0.19761106868954073,-1.5708442536470688
33.856,17.75668053529998,0.19761106868951747,-1.5708441367542383
33.888,17.772936994497165,0.19761106868947909,-1.5708440326925737
33.920,17.789193453719257,0.1976110686894316,-1.5708439441093285
33.952,17.805449912921848,0.1976110686893818,-1.5708438732580592
33.984,17.82170637206108,0.1976110686893363,-1.5708438219412737
34.016,17.83796283109473,0.19761106868930087,-1.5708437914645605
34.048,17.854219289983273,0.1976110686892795,-1.5708437826033526
34.080,17.8704757486909,0.1976110686892749,-1.5708437955831736
34.112,17.886732207186377,0.19761106868928738,-1.570843830073907
34.144,17.90298866544385,0.19761106868931483,-1.570843885198175
34.176,17.919245123443485,0.19761106868935366,-1.5708439595536607
34.208,17.93550158117198,0.1976110686893985,-1.5708440512487951
34.240,17.95175803862288,0.19761106868944284,-1.5708441579508867
34.272,17.96801449579674,0.19761106868948006,-1.5708442769454878
34.304,17.984270952701138,0.1976110686895041,-1.5708444052054569
34.336,18.000527409350482,0.19761106868950995,-1.5708445394679933
34.368,18.016783865765635,0.19761106868949402,-1.5708446763176538
34.400,18.03304032197342,0.19761106868945538,-1.5708448122732503
34.432,18.049296778005957,0.19761106868939501,-1.5708449438764198
34.464,18.065553233899827,0.19761106868931627,-1.570845067779588
34.496,18.08180968969519,0.1976110686892247,-1.57084518083112
34.528,18.098066145434746,0.1976110686891268,-1.57084528015549
34.560,18.114322601162645,0.19761106868903072,-1.5708453632263912
34.592,18.130579056923388,0.19761106868894424,-1.5708454279309838
34.624,18.146835512760678,0.19761106868887482,-1.5708454726236076
34.656,18.163091968716284,0.1976110686888283,-1.5708454961676321
34.688,18.179348424828994,0.1976110686888087,-1.5708454979643311
34.720,18.19560488113359,0.1976110686888184,-1.5708454779681025
34.752,18.21186133765997,0.1976110686888561,-1.5708454366876192
34.784,18.228117794432354,0.1976110686889192,-1.5708453751728857
34.816,18.24437425146868,0.19761106868900244,-1.5708452949885339
34.848,18.260630708780127,0.19761106868909864,-1.5708451981740388
34.880,18.276887166370837,0.1976110686892004,-1.5708450871918542
34.912,18.2931436242378,0.1976110686892995,-1.5708449648648029
34.944,18.309400082370956,0.19761106868938844,-1.5708448343043002
34.976,18.32565654075343,0.19761106868946077,-1.5708446988312272
35.008,18.34191299936202,0.19761106868951211,-1.5708445618914793
35.040,18.358169458167755,0.19761106868954015,-1.5708444269683286
35.072,18.37442591713665,0.1976110686895448,-1.5708442974938355
35.104,18.39068237623064,0.19761106868952802,-1.5708441767615327
35.136,18.406938835408468,0.1976110686894941,-1.5708440678426598
35.168,18.423195294626808,0.19761106868944908,-1.5708439735080033
35.200,18.439451753841347,0.19761106868939934,-1.570843896157415
35.232,18.45570821300791,0.19761106868935155,-1.5708438377587268
35.264,18.47196467208355,0.1976110686893119,-1.570843799797681
35.296,18.488221131027693,0.19761106868928513,-1.5708437832401065
35.328,18.504477589803102,0.19761106868927444,-1.5708437885073314
35.360,18.52073404837682,0.19761106868928094,-1.5708438154654487
35.392,18.536990506721015,0.19761106868930348,-1.5708438634287172
35.424,18.553246964813667,0.19761106868933892,-1.570843931177006
35.456,18.569503422639112,0.19761106868938205,-1.5708440169868352
35.488,18.585759880188444,0.19761106868942746,-1.570844118675232
35.520,18.602016337459734,0.19761106868946804,-1.5708442336552901
35.552,18.618272794458093,0.19761106868949732,-1.5708443590019827
35.584,18.634529251195538,0.19761106868950995,-1.5708444915266029
35.616,18.650785707690705,0.1976110686895021,-1.570844627857903
35.648,18.667042163968382,0.1976110686894715,-1.5708447645278518
35.680,18.6832986200589,0.1976110686894186,-1.5708448980598864
35.712,18.699555075997363,0.19761106868934605,-1.570845025057339
35.744,18.715811531822773,0.1976110686892583,-1.570845142289843
35.776,18.732067987577054,0.19761106868916173,-1.5708452467754959
35.808,18.748324443303975,0.19761106868906408,-1.5708453358566876
35.840,18.76458089904804,0.19761106868897332,-1.5708454072676856
35.872,18.780837354853364,0.19761106868889716,-1.5708454591922512
35.904,18.797093810762526,0.19761106868884185,-1.570845490309798
35.936,18.813350266815483,0.19761106868881245,-1.570845499828974
35.968,18.829606723048542,0.19761106868881168,-1.570845487507763
36.000,18.84586317949342,0.19761106868883965,-1.570845453659635
36.032,18.862119636176445,0.1976110686888942,-1.570845399145566
36.064,18.878376093117808,0.19761106868897071,-1.570845325352135
36.096,18.894632550331146,0.19761106868906325,-1.5708452341562664
36.128,18.910889007823087,0.19761106868916417,-1.5708451278775108
36.160,18.927145465593167,0.1976110686892651,-1.5708450092190505
36.192,18.94340192363379,0.19761106868935843,-1.570844881198973
36.224,18.95965838193045,0.19761106868943726,-1.5708447470735256
36.256,18.97591484046212,0.19761106868949627,-1.5708446102543026
36.288,18.992171299201782,0.19761106868953252,-1.5708444742214867
36.320,19.008427758117154,0.1976110686895454,-1.5708443424353358
36.352,19.02468421717148,0.19761106868953576,-1.570844218248158
36.384,19.04094067632452,0.19761106868950754,-1.570844104819044
36.416,19.05719713553357,0.19761106868946593,-1.5708440050334955
36.448,19.073453594754522,0.1976110686894171,-1.5708439214300067
36.480,19.08971005394303,0.19761106868936798,-1.5708438561354665
36.512,19.105966513055588,0.1976110686893248,-1.570843810811034
36.544,19.122222972050665,0.197611068689293,-1.5708437866098548
36.576,19.13847943088972,0.1976110686892765,-1.5708437841477128
36.608,19.154735889538195,0.19761106868927686,-1.57084380348734
36.640,19.170992347966358,0.19761106868929398,-1.5708438441368195
36.672,19.187248806150063,0.1976110686893254,-1.5708439050620866
36.704,19.20350526407134,0.19761106868936643,-1.5708439847132474
36.736,19.21976172171886,0.19761106868941175,-1.5708440810640059
36.768,19.23601817908822,0.19761106868945458,-1.5708441916632352
36.800,19.252274636182044,0.1976110686894885,-1.570844313697351
36.832,19.26853109300993,0.19761106868950776,-1.5708444440619012
36.864,19.284787549588216,0.1976110686895074,-1.5708445794405577
36.896,19.301044005939584,0.19761106868948494,-1.5708447163895112
36.928,19.317300462092476,0.19761106868943956,-1.5708448514250675
36.960,19.33355691808041,0.19761106868937336,-1.5708449811122867
36.992,19.34981337394112,0.19761106868929035,-1.5708451021523533
37.024,19.366069829715617,0.19761106868919628,-1.5708452114664884
37.056,19.382326285447125,0.19761106868909825,-1.5708453062742433
37.088,19.398582741180036,0.19761106868900427,-1.5708453841642138
37.120,19.41483919695872,0.19761106868892198,-1.570845443155351
37.152,19.43109565282644,0.19761106868885872,-1.5708454817473219
37.184,19.44735210882419,0.19761106868881967,-1.570845498958669
37.216,19.463608564989688,0.1976110686888086,-1.5708454943517294
37.248,19.479865021356375,0.1976110686888265,-1.5708454680437727
37.280,19.49612147795256,0.19761106868887204,-1.5708454207040017
37.312,19.51237793480068,0.19761106868894157,-1.5708453535365285
37.344,19.528634391916725,0.19761106868902942,-1.570845268249754
37.376,19.544890849309848,0.19761106868912806,-1.5708451670129304
37.408,19.56114730698209,0.19761106868922987,-1.5708450524009947
37.440,19.57740376492836,0.1976110686893267,-1.5708449273291034
37.472,19.59366022313657,0.19761106868941133,-1.5708447949784936
37.504,19.609916681587936,0.1976110686894781,-1.5708446587156006
37.536,19.62617314025749,0.19761106868952288,-1.5708445220064269
37.568,19.64242959911472,0.19761106868954384,-1.5708443883284051
37.600,19.65868605812435,0.1976110686895417,-1.5708442610819449
37.632,19.67494251724726,0.19761106868951947,-1.570844143503925
37.664,19.691198976441495,0.19761106868948183,-1.570844038585367
37.696,19.707455435663313,0.19761106868943484,-1.570843948995319
37.728,19.72371189486832,0.1976110686893848,-1.5708438770129438
37.760,19.739968354012593,0.19761106868933886,-1.5708438244695255
37.792,19.756224813053777,0.19761106868930267,-1.5708437927018533
37.824,19.77248127195216,0.19761106868928033,-1.5708437825182007
37.856,19.78873773067167,0.1976110686892745,-1.5708437941777413
37.888,19.80499418918077,0.19761106868928605,-1.5708438273839427
37.920,19.821250647453276,0.19761106868931272,-1.570843881292108
37.952,19.837507105468966,0.19761106868935097,-1.570843954530861
37.984,19.853763563214134,0.1976110686893955,-1.570844045237038
38.016,19.870020020681892,0.19761106868944017,-1.5708441511031126
38.048,19.88627647787238,0.19761106868947806,-1.5708442694358966
38.080,19.90253293479275,0.197611068689503,-1.5708443972250876
38.112,19.918789391456997,0.19761106868950998,-1.5708445312198558
38.144,19.93504584788561,0.19761106868949563,-1.5708446680115669
38.176,19.95130230410508,0.19761106868945832,-1.5708448041205028
38.208,19.967558760147213,0.19761106868939943,-1.5708449360843948
38.240,19.983815216048356,0.1976110686893216,-1.570845060546489
38.272,20.000071671848467,0.1976110686892306,-1.5708451743409277
38.304,20.01632812759013,0.197611068689133,-1.5708452745732833
38.336,20.032584583317444,0.19761106868903638,-1.570845358694151
38.368,20.04884103907491,0.19761106868894915,-1.5708454245639794
38.400,20.06509749490632,0.19761106868887854,-1.5708454705074746
38.432,20.08135395085359,0.1976110686888304,-1.5708454953561872
38.464,20.097610406955717,0.19761106868880932,-1.5708454984782054
38.496,20.11386686324775,0.19761106868881714,-1.5708454797942222
38.528,20.130123319759903,0.19761106868885328,-1.5708454397795335
38.560,20.146379776516774,0.19761106868891495,-1.5708453794519501
38.592,20.162636233536684,0.19761106868899692,-1.5708453003459124
38.624,20.178892690831244,0.1976110686890926,-1.5708452044734655
38.656,20.195149148405008,0.1976110686891942,-1.5708450942731045
38.688,20.21140560625542,0.19761106868929376,-1.5708449725477645
38.720,20.227662064372826,0.1976110686893835,-1.5708448423935553
38.752,20.243918522740763,0.19761106868945705,-1.570844707121018
38.784,20.26017498133639,0.19761106868950962,-1.570844570170946
38.816,20.276431440131063,0.1976110686895389,-1.5708444350268693
38.848,20.292687899091092,0.19761106868954464,-1.5708443051264585
38.880,20.308944358178618,0.19761106868952913,-1.570844183774081
38.912,20.325200817352556,0.19761106868949632,-1.5708440740567393
38.944,20.341457276569678,0.1976110686894519,-1.5708439787655357
38.976,20.357713735785687,0.19761106868940234,-1.5708439003246482
39.008,20.37397019495637,0.1976110686893542,-1.5708438407296426
39.040,20.39022665403869,0.19761106868931394,-1.5708438014966941
39.072,20.40648311299188,0.19761106868928646,-1.5708437836239875
39.104,20.422739571778468,0.19761106868927472,-1.570843787566306
39.136,20.43899603036524,0.19761106868928024,-1.5708438132234541
39.168,20.45525248872401,0.19761106868930198,-1.570843859942784
39.200,20.4715089468324,0.1976110686893366,-1.570843926535813
39.232,20.487765404674345,0.19761106868937947,-1.5708440113084527
39.264,20.504021862240517,0.19761106868942482,-1.570844112104121
39.296,20.52027831952856,0.19761106868946576,-1.570844226358612
39.328,20.536534776543167,0.19761106868949585,-1.570844351165361
39.360,20.552791233295938,0.19761106868950978,-1.5708444833493929
39.392,20.569047689805124,0.1976110686895031,-1.5708446195481198
39.424,20.585304146095147,0.19761106868947384,-1.57084475629688
39.456,20.601560602196034,0.1976110686894223,-1.5708448901171002
39.488,20.617817058142613,0.1976110686893506,-1.5708450176047772
39.520,20.634073513973682,0.19761106868926365,-1.5708451355170694
39.552,20.65032996973102,0.1976110686891675,-1.5708452408547795
39.584,20.666586425458306,0.19761106868906966,-1.570845330938619
39.616,20.68284288120004,0.19761106868897838,-1.5708454034773556
39.648,20.69909933700039,0.19761106868890096,-1.5708454566260563
39.680,20.715355792902063,0.19761106868884432,-1.570845489033003
39.712,20.7316122489452,0.19761106868881329,-1.5708454998740464
39.744,20.747868705166365,0.19761106868881068,-1.570845488873552
39.776,20.764125161597576,0.19761106868883685,-1.5708454563113996
39.808,20.780381618265494,0.19761106868889,-1.5708454030158543
39.840,20.79663807519072,0.1976110686889654,-1.570845330342507
39.872,20.81289453238728,0.1976110686890573,-1.570845240139795
39.904,20.82915098986225,0.19761106868915784,-1.570845134702002
39.936,20.84540744761559,0.1976110686892592,-1.5708450167109234
39.968,20.86166390564013,0.1976110686893531,-1.5708448891676725
40.000,20.877920363921774,0.197611068689433,-1.570844755316361
40.032,20.894176822439885,0.1976110686894936,-1.5708446185616092
40.064,20.910433281167784,0.19761106868953143,-1.5708444823819565
40.096,20.926689740073478,0.1976110686895455,-1.5708443502413851
40.128,20.94294619912047,0.1976110686895371,-1.5708442255012194
40.160,20.9592026582687,0.1976110686895098,-1.5708441113346123
40.192,20.97545911747558,0.1976110686894687,-1.5708440106458221
40.224,20.991715576697054,0.19761106868942013,-1.5708439259963138
40.256,21.00797203588876,0.19761106868937073,-1.5708438595395844
40.288,21.0242284950071,0.19761106868932718,-1.5708438129663564
40.320,21.04048495401041,0.19761106868929443,-1.5708437874615437
40.352,21.056741412859925,0.19761106868927691,-1.5708437836740967
40.384,21.07299787152083,0.1976110686892762,-1.5708438017004636
40.416,21.08925432996307,0.19761106868929243,-1.5708438410821315
40.448,21.105510788162142,0.19761106868932293,-1.570843900817297
40.480,21.121767246099694,0.19761106868936368,-1.570843979386341
40.512,21.138023703763984,0.19761106868940895,-1.570844074790497
40.544,21.154280161150183,0.19761106868945233,-1.5708441846027206
40.576,21.170536618260478,0.19761106868948702,-1.5708443060294468
40.608,21.186793075104063,0.19761106868950726,-1.5708444359816678
40.640,21.20304953169687,0.1976110686895081,-1.570844571153552
40.672,21.219305988061215,0.197611068689487,-1.570844708106532
40.704,21.23556244422521,0.19761106868944295,-1.5708448433568158
40.736,21.25181890022208,0.19761106868937797,-1.5708449734639947
40.768,21.26807535608934,0.19761106868929587,-1.5708450951185686
40.800,21.28433181186782,0.19761106868920236,-1.5708452052261197
40.832,21.300588267600652,0.19761106868910425,-1.5708453009860157
40.864,21.316844723332185,0.19761106868900963,-1.5708453799626292
40.896,21.333101179106826,0.1976110686889265,-1.5708454401472667
40.928,21.349357634967923,0.19761106868886177,-1.5708454800092446
40.960,21.365614090956655,0.19761106868882114,-1.5708454985347982
40.992,21.381870547110957,0.19761106868880848,-1.5708454952528423
41.024,21.398127003464563,0.19761106868882472,-1.5708454702469468
41.056,21.414383460046103,0.19761106868886869,-1.5708454241531948
41.088,21.430639916878402,0.19761106868893713,-1.5708453581440078
41.120,21.446896373977854,0.19761106868902373,-1.570845273898329
41.152,21.46315283135402,0.197611068689122,-1.5708451735589286
41.184,21.47940928900939,0.1976110686892239,-1.570845059677922
41.216,21.495665746939302,0.19761106868932135,-1.5708449351518674
41.248,21.511922205132073,0.1976110686894068,-1.5708448031481241
41.280,21.528178663569328,0.19761106868947473,-1.5708446670242942
41.312,21.54443512222645,0.19761106868952089,-1.57084453024284
41.344,21.560691581073236,0.19761106868954334,-1.5708443962830285
41.376,21.576948040074683,0.19761106868954256,-1.5708442685524278
41.408,21.593204499191874,0.1976110686895213,-1.5708441503002373
41.440,21.609460958382986,0.19761106868948447,-1.570844044534616
41.472,21.62571741760437,0.19761106868943798,-1.5708439539461576
41.504,21.641973876811637,0.19761106868938788,-1.5708438808394203
41.536,21.658230335960788,0.19761106868934156,-1.5708438270742922
41.568,21.67448679500936,0.19761106868930445,-1.5708437940186406
41.600,21.69074325391744,0.19761106868928138,-1.5708437825135013
41.632,21.706999712648717,0.19761106868927467,-1.5708437928516683
41.664,21.723256171171357,0.19761106868928505,-1.5708438247702265
41.696,21.73951262945882,0.19761106868931091,-1.5708438774572384
41.728,21.75576908749051,0.1976110686893487,-1.570843949572395
41.760,21.772025545252312,0.1976110686893929,-1.5708440392811183
41.792,21.78828200273693,0.19761106868943765,-1.5708441443012533
41.824,21.80453845994407,0.19761106868947595,-1.5708442619611342
41.856,21.820794916880462,0.19761106868950187,-1.570844389267571
41.888,21.83705137355969,0.19761106868951006,-1.5708445229820152
41.920,21.853307830001867,0.19761106868949704,-1.5708446597029635
41.952,21.869564286233135,0.19761106868946127,-1.5708447959524894
41.984,21.885820742285,0.19761106868940329,-1.5708449282647394
42.016,21.90207719819356,0.19761106868932643,-1.5708450532740978
42.048,21.918333653998584,0.19761106868923586,-1.5708451678007853
42.080,21.934590109742523,0.19761106868913858,-1.5708452689317376
42.112,21.950846565469405,0.19761106868904205,-1.5708453540946914
42.144,21.967103021223767,0.19761106868895406,-1.5708454211235903
42.176,21.983359477049447,0.1976110686888819,-1.5708454683136535
42.208,21.999615932988522,0.19761106868883244,-1.5708454944647254
42.240,22.01587238908019,0.1976110686888097,-1.570845498911771
42.272,22.032128845359775,0.19761106868881553,-1.5708454815417816
42.304,22.048385301857802,0.19761106868885014,-1.5708454427966334
42.336,22.064641758599226,0.19761106868891032,-1.5708453836618512
42.368,22.080898215602765,0.19761106868899134,-1.5708453056415337
42.400,22.097154672880443,0.19761106868908646,-1.5708452107201156
42.432,22.11341113043726,0.1976110686891881,-1.5708451013119011
42.464,22.129667588271076,0.19761106868928793,-1.5708449801996793
42.496,22.145924046372674,0.19761106868937842,-1.5708448504639554
42.528,22.162180504725985,0.19761106868945316,-1.5708447154046288
42.560,22.178436963308545,0.19761106868950726,-1.5708445784570608
42.592,22.19469342209204,0.1976110686895381,-1.5708444431047164
42.624,22.210949881043064,0.19761106868954534,-1.570844312790562
42.656,22.227206340123978,0.19761106868953102,-1.5708441908294817
42.688,22.243462799293866,0.1976110686894992,-1.570844080323959
42.720,22.259719258509598,0.1976110686894551,-1.5708439840851365
42.752,22.275975717726915,0.19761106868940564,-1.5708439045612974
42.784,22.29223217690156,0.1976110686893574,-1.570843843775557
42.816,22.308488635990404,0.19761106868931638,-1.5708438032743826
42.848,22.324745094952497,0.19761106868928774,-1.5708437840882168
42.880,22.34100155375016,0.197611068689275,-1.570843786705262
42.912,22.357258012349874,0.19761106868927952,-1.5708438110590346
42.944,22.373514470723144,0.19761106868930028,-1.5708438565300527
42.976,22.38977092884721,0.1976110686893343,-1.570843921961585
43.008,22.406027386705613,0.19761106868937706,-1.5708440056890933
43.040,22.422283844288618,0.1976110686894222,-1.570844105582584
43.072,22.43854030159344,0.19761106868946365,-1.5708442191008043
43.104,22.454796758624337,0.19761106868949452,-1.5708443433559156
43.136,22.471053215392505,0.19761106868950956,-1.5708444751869755
43.168,22.487309671915792,0.1976110686895043,-1.5708446112403673
43.200,22.50356612821828,0.19761106868947648,-1.5708447480551244
43.232,22.519822584329656,0.19761106868942627,-1.5708448821509906
43.264,22.536079040284495,0.19761106868935568,-1.5708450101169473
43.296,22.55233549612138,0.19761106868926936,-1.5708451286979812
43.328,22.568591951881928,0.19761106868917364,-1.5708452348778796
43.360,22.58484840760975,0.19761106868907577,-1.5708453259559312
43.392,22.601104863349313,0.19761106868898373,-1.5708453996156082
43.424,22.617361319144848,0.1976110686889053,-1.5708454539834673
43.456,22.63361777503918,0.1976110686888473,-1.5708454876767801
43.488,22.649874231072634,0.19761106868881448,-1.5708454998386776
43.520,22.66613068728202,0.1976110686888102,-1.5708454901599314
43.552,22.68238714369965,0.1976110686888347,-1.5708454588868055
43.584,22.698643600352543,0.19761106868888625,-1.5708454068147775
43.616,22.714900057261673,0.19761106868896058,-1.5708453352683187
43.648,22.731156514441487,0.1976110686890516,-1.5708452460672082
43.680,22.747412971899486,0.19761106868915168,-1.5708451414802576
43.712,22.763669429636053,0.19761106868925316,-1.5708450241676144
43.744,22.77992588764446,0.19761106868934775,-1.570844897113137
43.776,22.796182345911024,0.19761106868942863,-1.5708447635485037
43.808,22.812438804415475,0.1976110686894905,-1.5708446268710368
43.840,22.828695263131493,0.19761106868952982,-1.5708444905573051
43.872,22.844951722027385,0.19761106868954523,-1.5708443580746985
43.904,22.861208181066893,0.1976110686895382,-1.5708442327932342
43.936,22.877464640210153,0.1976110686895121,-1.5708441178998318
43.968,22.893721099414698,0.1976110686894716,-1.570844016317231
44.000,22.90997755863653,0.1976110686894232,-1.5708439306296342
44.032,22.926234017831263,0.19761106868937361,-1.5708438630169412
44.064,22.942490476955243,0.19761106868932946,-1.5708438151992798
44.096,22.958746935966637,0.19761106868929615,-1.570843788393223
44.128,22.975003394826487,0.19761106868927766,-1.570843783280824
44.160,22.99125985349971,0.1976110686892759,-1.5708437999922373
44.192,23.007516311955936,0.19761106868929113,-1.5708438381024081
44.224,23.023772770170314,0.19761106868932088,-1.5708438966418752
44.256,23.0400292281241,0.19761106868936132,-1.5708439741214408
44.288,23.056285685805143,0.1976110686894065,-1.5708440685700586
44.320,23.072542143208178,0.19761106868944994,-1.5708441775849884
44.352,23.088798600334986,0.1976110686894854,-1.5708442983929438
44.384,23.105055057194324,0.19761106868950667,-1.5708444279206626
44.416,23.12131151380174,0.1976110686895088,-1.5708445628731043
44.448,23.137567970179163,0.19761106868948913,-1.570844699817285
44.480,23.15382442635438,0.1976110686894466,-1.5708448352696252
44.512,23.170080882360327,0.19761106868938297,-1.5708449657845747
44.544,23.18633733823429,0.1976110686893015,-1.5708450880422569
44.576,23.202593794016913,0.1976110686892083,-1.5708451989329095
44.608,23.218850249751235,0.19761106868911021,-1.570845295635975
44.640,23.23510670548155,0.19761106868901515,-1.5708453756918332
44.672,23.251363161252296,0.19761106868893102,-1.5708454370643372
44.704,23.267619617106927,0.19761106868886497,-1.5708454781925898
44.736,23.283876073086784,0.19761106868882283,-1.5708454980306148
44.768,23.30013252923002,0.19761106868880848,-1.570845496073949
44.800,23.31638898557064,0.19761106868882292,-1.5708454723724496
44.832,23.33264544213763,0.19761106868886533,-1.5708454275290311
44.864,23.348901898954164,0.19761106868893225,-1.5708453626843146
44.896,23.365158356037053,0.19761106868901812,-1.5708452794876244
44.928,23.381414813396276,0.19761106868911593,-1.5708451800550507
44.960,23.397671271034756,0.19761106868921774,-1.5708450669156406
44.992,23.413927728948263,0.19761106868931558,-1.5708449429470945
45.024,23.43018418712553,0.19761106868940215,-1.5708448113025801
45.056,23.446440645548577,0.19761106868947134,-1.5708446753305647
45.088,23.462697104193154,0.1976110686895187,-1.5708445384896452
45.120,23.478953563029368,0.19761106868954256,-1.5708444042605938
45.152,23.495210022022487,0.1976110686895432,-1.570844276057824
45.184,23.5114664811338,0.19761106868952327,-1.5708441571425371
45.216,23.52772294032164,0.19761106868948725,-1.570844050539763
45.248,23.54397939954243,0.19761106868944098,-1.5708439589613818
45.280,23.560235858751785,0.19761106868939107,-1.5708438847371349
45.312,23.57649231790566,0.1976110686893442,-1.570843829755334
45.344,23.592748776961475,0.19761106868930634,-1.5708437954147982
45.376,23.609005235879124,0.19761106868928233,-1.5708437825892516
45.408,23.625261694622047,0.19761106868927455,-1.5708437916050766
45.440,23.641518153158124,0.19761106868928405,-1.5708438222330041
45.472,23.657774611460468,0.19761106868930897,-1.5708438736939259
45.504,23.674031069508114,0.19761106868934614,-1.5708439446787281
45.536,23.690287527286532,0.19761106868939016,-1.5708440333815896
45.568,23.706543984788006,0.1976110686894351,-1.570844137545947
45.600,23.72280044201182,0.19761106868947426,-1.5708442545219024
45.632,23.73905689896428,0.197611068689501,-1.5708443813336617
45.664,23.755313355658565,0.19761106868951034,-1.570844514755257
45.696,23.771569812114404,0.19761106868949863,-1.5708446513926286
45.728,23.787826268357584,0.19761106868946404,-1.5708447877699772
45.760,23.804082724419313,0.19761106868940742,-1.5708449204181936
45.792,23.820339180335434,0.19761106868933193,-1.5708450459631045
45.824,23.836595636145525,0.19761106868924225,-1.5708451612113066
45.856,23.852852091891897,0.197611068689145,-1.5708452632313796
45.888,23.86910854761852,0.19761106868904785,-1.5708453494284411
45.920,23.88536500336993,0.1976110686889591,-1.5708454176101303
45.952,23.901621459190043,0.19761106868888606,-1.5708454660423412
45.984,23.917877915121068,0.19761106868883493,-1.5708454934933254
46.016,23.934134371202408,0.1976110686888103,-1.5708454992649812
46.048,23.950390827469654,0.19761106868881445,-1.5708454832106122
46.080,23.966647283953645,0.19761106868884726,-1.5708454457386387
46.112,23.982903740679685,0.19761106868890604,-1.5708453878021975
46.144,23.9991601976669,0.19761106868898604,-1.5708453108749123
46.176,24.015416654927723,0.1976110686890805,-1.5708452169134148
46.208,24.031673112467576,0.19761106868918185,-1.5708451083075965
46.240,24.04792957028477,0.197611068689282,-1.5708449878198318
46.272,24.064186028370496,0.1976110686893733,-1.5708448585147465
46.304,24.080442486709106,0.19761106868944897,-1.5708447236812808
46.336,24.09669894527849,0.19761106868950445,-1.5708445867490473
46.368,24.11295540405068,0.19761106868953687,-1.5708444512011186
46.400,24.12921186299256,0.19761106868954553,-1.5708443204854283
46.432,24.145468322066705,0.19761106868953232,-1.5708441979270698
46.464,24.161724781232387,0.19761106868950143,-1.5708440866437132
46.496,24.177981240446574,0.19761106868945805,-1.5708439894662884
46.528,24.194237699665035,0.1976110686894086,-1.5708439088669548
46.560,24.210494158843492,0.19761106868935982,-1.5708438468961778
46.592,24.2267506179387,0.1976110686893182,-1.5708438051305722
46.624,24.243007076909567,0.1976110686892887,-1.5708437846327488
46.656,24.25926353571817,0.197611068689275,-1.5708437859242768
46.688,24.27551999433073,0.1976110686892782,-1.570843808972395
46.720,24.29177645271841,0.19761106868929798,-1.5708438531908357
46.752,24.308032910858092,0.19761106868933134,-1.5708439174547393
46.784,24.324289368732924,0.19761106868937375,-1.570844000129274
46.816,24.340545826332747,0.19761106868941913,-1.570844099111227
46.848,24.356802283654357,0.197611068689461,-1.570844211882539
46.880,24.37305874070158,0.19761106868949285,-1.5708443355743709
46.912,24.38931519748521,0.19761106868950892,-1.5708444670401036
46.944,24.405571654022694,0.19761106868950515,-1.570844602935414
46.976,24.421828110337753,0.19761106868947878,-1.5708447398033527
47.008,24.43808456645975,0.1976110686894299,-1.5708448741623067
47.040,24.454341022422994,0.19761106868936051,-1.5708450025945542
47.072,24.47059747826584,0.1976110686892749,-1.5708451218332207
47.104,24.48685393402977,0.1976110686891795,-1.570845228845362
47.136,24.503110389758287,0.19761106868908157,-1.5708453209090945
47.168,24.51936684549585,0.19761106868898887,-1.5708453956828135
47.200,24.535623301286726,0.1976110686889094,-1.570845451264739
47.232,24.55187975717386,0.1976110686888498,-1.5708454862412606
47.264,24.56813621319777,0.19761106868881556,-1.5708454997228707
47.296,24.5843926693955,0.19761106868880962,-1.5708454913667789
47.328,24.60064912579966,0.19761106868883244,-1.5708454613856053
47.360,24.6169055824376,0.19761106868888254,-1.5708454105419687
47.392,24.633162039330696,0.19761106868895553,-1.5708453401291034
47.424,24.649418496493787,0.19761106868904568,-1.5708452519379554
47.456,24.66567495393481,0.19761106868914574,-1.5708451482116417
47.488,24.68193141165459,0.1976110686892472,-1.5708450315884261
47.520,24.698187869646812,0.19761106868934242,-1.570844905034627
47.552,24.71444432789821,0.1976110686894243,-1.5708447717691827
47.584,24.73070078638891,0.19761106868948738,-1.5708446351818033
47.616,24.74695724509293,0.1976110686895281,-1.570844498746761
47.648,24.76321370397888,0.19761106868954512,-1.5708443659345273
47.680,24.779470163010764,0.1976110686895393,-1.5708442401235008
47.712,24.795726622148898,0.1976110686895141,-1.5708441245140667
47.744,24.81198308135094,0.1976110686894743,-1.5708440220471744
47.776,24.828239540572962,0.19761106868942618,-1.5708439353295167
47.808,24.84449599977057,0.19761106868937667,-1.570843866567195
47.840,24.860752458900027,0.19761106868933184,-1.5708438175095836
47.872,24.877008917919365,0.19761106868929773,-1.5708437894047986
47.904,24.893265376789422,0.19761106868927816,-1.5708437829679271
47.936,24.909521835474848,0.1976110686892755,-1.5708437983628236
47.968,24.925778293944973,0.1976110686892899,-1.570843835197925
48.000,24.94203475217459,0.1976110686893189,-1.57084389253621
48.032,24.95829121014456,0.1976110686893587,-1.5708439689190397
48.064,24.97454766784233,0.19761106868940376,-1.570844062403267
48.096,24.990804125262216,0.19761106868944753,-1.5708441706106873
48.128,25.00706058240556,0.1976110686894836,-1.5708442907885558
48.160,25.023317039280716,0.19761106868950565,-1.5708444198796379
48.192,25.039573495902818,0.19761106868950917,-1.5708445545999943
48.224,25.055829952293422,0.19761106868949074,-1.5708446915225418
48.256,25.072086408479983,0.1976110686894496,-1.5708448271642483
48.288,25.08834286449515,0.19761106868938688,-1.5708449580747406
48.320,25.104599320375957,0.19761106868930653,-1.5708450809240786
48.352,25.120855776162887,0.19761106868921366,-1.5708451925874407
48.384,25.137112231898854,0.19761106868911596,-1.570845290224615
48.416,25.15336868762812,0.19761106868902076,-1.5708453713522166
48.448,25.169625143395145,0.19761106868893566,-1.5708454339068378
48.480,25.185881599243462,0.19761106868886838,-1.570845476297512
48.512,25.202138055214572,0.19761106868882478,-1.5708454974461536
48.544,25.218394511346865,0.19761106868880846,-1.5708454968149606
48.576,25.234650967674618,0.19761106868882117,-1.5708454744200842
48.608,25.250907424227137,0.1976110686888619,-1.570845430831204
48.640,25.26716388102797,0.1976110686889275,-1.5708453671570313
48.672,25.283420338094334,0.19761106868901251,-1.5708452850171213
48.704,25.299676795436625,0.19761106868910983,-1.570845186500688
48.736,25.315933253058198,0.19761106868921152,-1.5708450741134774
48.768,25.33218971095526,0.19761106868930994,-1.5708449507140512
48.800,25.348446169116958,0.19761106868939735,-1.5708448194410993
48.832,25.36470262752571,0.19761106868946754,-1.5708446836336343
48.864,25.380959086157628,0.19761106868951622,-1.5708445467460674
48.896,25.397215544983144,0.1976110686895415,-1.5708444122603522
48.928,25.41347200396779,0.19761106868954365,-1.5708442835974241
48.960,25.42972846307308,0.19761106868952483,-1.57084416403019
48.992,25.44598492225748,0.19761106868948955,-1.5708440566002506
49.024,25.4622413814775,0.19761106868944375,-1.5708439640405276
49.056,25.478497840688792,0.19761106868939393,-1.570843888705724
49.088,25.494754299847248,0.19761106868934683,-1.5708438325124023
49.120,25.51101075891015,0.1976110686893083,-1.5708437968901976
49.152,25.527267217837228,0.19761106868928316,-1.5708437827454433
49.184,25.543523676591683,0.19761106868927453,-1.5708437904380836
49.216,25.559780135141096,0.19761106868928288,-1.5708438197725054
49.248,25.576036593458245,0.19761106868930695,-1.570843870002515
49.280,25.59229305152179,0.19761106868934344,-1.570843939850313
49.312,25.60854950931679,0.19761106868938738,-1.5708440275390054
49.344,25.624805966835122,0.1976110686894325,-1.570844130837824
49.376,25.64106242407563,0.1976110686894721,-1.5708442471188937
49.408,25.65731888104421,0.19761106868949985,-1.5708443734240936
49.440,25.673575337753626,0.19761106868951028,-1.5708445065403414
49.472,25.68983179422322,0.19761106868949996,-1.5708446430813379
49.504,25.70608825047843,0.19761106868946676,-1.5708447795737321
49.536,25.72234470655016,0.1976110686894115,-1.5708449125454826
49.568,25.738601162473987,0.19761106868933678,-1.570845038614185
49.600,25.754857618289304,0.19761106868924763,-1.5708451545731055
49.632,25.771114074038266,0.1976110686891509,-1.5708452574727434
49.664,25.7873705297648,0.19761106868905348,-1.570845344695839
49.696,25.803626985513414,0.19761106868896394,-1.5708454140239307
49.728,25.819883441328113,0.1976110686888897,-1.5708454636937537
49.760,25.836139897251236,0.197611068688837,-1.5708454924420747
49.792,25.852396353322384,0.19761106868881087,-1.570845499537804
49.824,25.868652809577405,0.19761106868881323,-1.5708454848005653
49.856,25.884909266047448,0.1976110686888446,-1.570845448605273
49.888,25.901165722758183,0.19761106868890188,-1.5708453918725986
49.920,25.914370490441403,0.1976110615929817,-1.573161229445342
49.952,25.925131294258716,0.19761088580769898,-1.5735743877304025
49.984,25.934066187196912,0.19761082225399715,-1.5735733169119122
50.016,25.94166932078203,0.1976109006921706,-1.5734404279989644
50.048,25.949243241482204,0.19761122454097493,-1.5727881483253532
50.080,25.956758245761907,0.19761157948495597,-1.5721582889619636
50.112,25.96403830267983,0.19761192799570368,-1.5717439584629047
50.144,25.971324430737376,0.19761229065834177,-1.5714312203571974
50.176,25.978803770231263,0.1976126381870928,-1.5711813275014295
50.208,25.986486115321508,0.1976129416595431,-1.5709355974010766
50.240,25.99430371989093,0.19761321202152304,-1.5707154898561229
50.272,26.001600840397323,0.19761344193508482,-1.570722865617201
50.304,26.008366722677586,0.19761366567042715,-1.5707273541223645
50.336,26.014811397021635,0.19761390941951784,-1.5706628461241146
50.368,26.021068317134894,0.19761416239932472,-1.5705787850029256
50.400,26.02719287286569,0.19761439609459241,-1.570486884140051
50.432,26.033140226921276,0.1976145897456149,-1.5704168449859486
50.464,26.038911579986767,0.19761474860295386,-1.570417067618762
50.496,26.044569816951174,0.1976148801863629,-1.5705164719711318
50.528,26.0502480908551,0.19761495287004455,-1.5704685616300988
50.560,26.059959606902876,0.19761480784112814,-1.5672569170121196
50.592,26.066237028653223,0.19761507851842952,-1.569444500987833
50.624,26.075774126004884,0.19761461403686456,-1.5679607345946946
50.656,26.085632248421096,0.1976141770252166,-1.568283534201709
50.688,26.092095768650896,0.19761405744683902,-1.5705245419055647
50.720,26.09758653995366,0.19761363857681172,-1.5717655879164618
50.752,26.106281643159022,0.1976135436478048,-1.5689538646131382
50.784,26.111814486541974,0.19761346572327065,-1.5708418390605874
50.816,26.120262991122,0.19761322266569345,-1.5691432744610587
50.848,26.12898252892495,0.19761291907208114,-1.569239812281162
50.880,26.137737060957207,0.19761261720230477,-1.5695312114653546
50.912,26.143309682282936,0.19761250743565978,-1.5715275304824474
50.944,26.148354727584586,0.19761222597200154,-1.5723917433763142
50.976,26.15357812003113,0.19761211475151658,-1.5727711783665395
51.008,26.160765375938453,0.19761250725648874,-1.5693141374063186
51.040,26.168224455658443,0.19761242331425755,-1.5691945738826476
51.072,26.175729508103853,0.1976122771616413,-1.5694720745283395
51.104,26.183245199039252,0.19761210432234722,-1.5697454513301476
51.136,26.19076472530046,0.19761193115783918,-1.5699699042866626
51.168,26.198284992384238,0.19761177300322397,-1.570147993049671
51.200,26.205805939571356,0.19761163663062364,-1.570289325857047
51.232,26.21044890449181,0.1976115901152538,-1.572074570709007
51.264,26.217426969609182,0.1976116779675445,-1.5703620749835097
51.296,26.22459993704644,0.19761160064746505,-1.5702483886185368
51.328,26.229090236032167,0.19761157283795855,-1.571937353022576
51.360,26.23576436208378,0.19761165912002024,-1.5703153892237134
51.392,26.242621762874833,0.19761159597174618,-1.570220282525955
51.424,26.249503120223082,0.19761151306646077,-1.570319760699369
51.456,26.256389014044217,0.19761143476285953,-1.5704233457436487
51.488,26.260731596421927,0.19761141002874197,-1.5720449896902102
51.520,26.267110072652148,0.1976115218006358,-1.5704582156972529
51.552,26.273658282005073,0.19761148065235087,-1.570342773403267
51.584,26.280228679968253,0.1976114166421681,-1.5704181199721763
51.616,26.286803472960205,0.19761135525370252,-1.5705016606470628
51.648,26.291109498193524,0.19761133674670667,-1.572086613155536
51.680,26.297188569917743,0.19761145332449523,-1.5705082861017643
51.712,26.303420870056613,0.19761142492930228,-1.5703864248834292
51.744,26.309673896413184,0.19761137183073688,-1.5704533110816874
51.776,26.315931356702247,0.19761131943914376,-1.5705297309175899
51.808,26.322190704385356,0.19761127298186734,-1.5705935240439999
51.840,26.326551788825046,0.1976112599310473,-1.5721860649895887
51.872,26.33232150347157,0.1976113853103488,-1.5705624862173482
51.904,26.338224440720584,0.19761136912653443,-1.5704280750902253
51.936,26.3441465270592,0.19761132657737165,-1.5704862203187644
51.968,26.350073067607855,0.19761128309887738,-1.5705559083271012
52.000,26.356001654234547,0.19761124400498412,-1.570614440236892
52.032,26.36009349715922,0.19761123333186376,-1.5721619404058595
52.064,26.36554080598402,0.1976113590853649,-1.5705805883387813
52.096,26.37111424175985,0.19761134787766663,-1.5704478025099056
52.128,26.376705850959517,0.1976113096415577,-1.5705026207573611
52.160,26.382301909593373,0.1976112696735048,-1.5705690707707076
52.192,26.387900125085952,0.19761123337607914,-1.570624950557581
52.224,26.393499778793334,0.19761120205387525,-1.5706696670639382
52.256,26.397261142861385,0.19761119262564333,-1.5721854266287754
52.288,26.402381385577392,0.197611326385702,-1.5706192288864171
52.320,26.407623465057053,0.19761131990566638,-1.5704812667724957
52.352,26.41288285605081,0.19761128597013655,-1.5705295537423407
52.384,26.418146533198414,0.19761125007251132,-1.5705905174360995
52.416,26.423412336287367,0.19761121741575963,-1.5706420373376142
52.448,26.428679580927902,0.19761118920042448,-1.5706833214441227
52.480,26.43394784136689,0.19761116554087743,-1.5707161345179101
52.512,26.43745882368766,0.1976111584299714,-1.5721802890541798
52.544,26.442256661551745,0.19761129130972366,-1.570653161646221
52.576,26.447167957437106,0.19761128964271488,-1.5705137853132696
52.608,26.452095386722593,0.1976112606657037,-1.570556142328242
52.640,26.457026936928767,0.1976112293275417,-1.5706117048873816
52.672,26.46196060808791,0.19761120063881765,-1.5706589151410415
52.704,26.46689574730907,0.1976111757484949,-1.5706967765171616
52.736,26.471831939662117,0.19761115480927363,-1.5707268714509983
52.768,26.47522185613223,0.1976111492711908,-1.5721134794650644
52.800,26.47970792268877,0.197611265222428,-1.5706656913660269
52.832,26.484293310974678,0.19761126646441568,-1.5705335573335364
52.864,26.488893310892927,0.1976112415690851,-1.570573259734789
52.896,26.493497322054647,0.1976112138402746,-1.5706255091438242
52.928,26.498103507709946,0.1976111881691959,-1.5706699439282132
52.960,26.502711223178462,0.19761116575757695,-1.570705587303534
52.992,26.507320044002682,0.19761114683365927,-1.5707339221115304
53.024,26.511929633878104,0.19761113122037904,-1.5707564366418958
53.056,26.5151285135614,0.19761112773078737,-1.5721108398564319
53.088,26.51931090484267,0.1976112391167413,-1.5706876667135368
53.120,26.5235831645232,0.19761124278034253,-1.5705548416611685
53.152,26.5278688333657,0.19761122120262256,-1.5705907620293396
53.184,26.532158264526917,0.1976111968389206,-1.5706395248768086
53.216,26.536449775152043,0.19761117426947503,-1.5706811268969159
53.248,26.54074276379812,0.19761115455814454,-1.5707145560067195
53.280,26.54503682906896,0.19761113789278548,-1.570741135001968
53.312,26.549331651617678,0.19761112411838413,-1.5707622490514976
53.344,26.553626975069736,0.1976111129167752,-1.5707790377544641
53.376,26.55661979710568,0.19761111102878395,-1.5721193452975006
53.408,26.56051141270946,0.19761122075016926,-1.5707043038650634
53.440,26.564485443693712,0.1976112260934025,-1.570569764590207
53.472,26.56847187613897,0.1976112067731357,-1.570602901080332
53.504,26.57246183878772,0.19761118474145906,-1.5706492229737499
53.536,26.576453782410614,0.19761116434316303,-1.5706888377388541
53.568,26.580447147746305,0.19761114653073558,-1.5707207106313443
53.600,26.584441557161014,0.19761113145708276,-1.5707460656110896
53.632,26.588436708412008,0.19761111898058625,-1.5707662011357582
53.664,26.59243235800118,0.19761110882021915,-1.5707822154487467
53.696,26.595232213292856,0.19761110763079254,-1.5721113208737776
53.728,26.59884706419612,0.19761121262786518,-1.5707083483046742
53.760,26.602537337393855,0.19761121805059162,-1.5705746994837402
53.792,26.60623912306452,0.19761119951530093,-1.5706071104797998
53.824,26.609944258679263,0.19761117843346157,-1.5706526160983938
53.856,26.61365130132759,0.19761115900019713,-1.5706915452654946
53.888,26.61735971799947,0.19761114209167402,-1.570722856874042
53.920,26.62106914489954,0.19761112782296208,-1.5707477775039815
53.952,26.6247792899801,0.19761111603741818,-1.5707675691556748
53.984,26.628489918338396,0.19761110645574165,-1.5707833226340109
54.016,26.63220084580655,0.19761109875119193,-1.5707958667853514
54.048,26.634819278472563,0.19761109855513104,-1.5721140745725861
54.080,26.63817128631262,0.19761120073411065,-1.570718759015109
54.112,26.641591884767248,0.19761120675578497,-1.5705843611693118
54.144,26.645023085069784,0.1976111894903665,-1.5706150204357505
54.176,26.648457426063366,0.1976111698709498,-1.5706589435959595
54.208,26.651893580965073,0.19761115188629366,-1.5706965973346612
54.240,26.655331053578315,0.19761113629936602,-1.570726895372338
54.272,26.658769501704125,0.1976111231741166,-1.570751018786217
54.304,26.662208649034625,0.19761111234227216,-1.5707701994639862
54.336,26.665648272168802,0.1976111035346947,-1.570785457205872
54.368,26.669088195423992,0.19761109644791863,-1.5707976049757642
54.400,26.671569789632265,0.19761109687822098,-1.572082919190402
54.432,26.674670153963447,0.19761119072069497,-1.5707227606177336
54.464,26.677830717621227,0.19761119725263232,-1.5705918487976582
54.496,26.68100092773681,0.19761118138724293,-1.570621628055399
54.528,26.68417414115994,0.19761116316109367,-1.5706643080627332
54.560,26.68734913557737,0.19761114642191943,-1.5707009024628986
54.592,26.690525432692464,0.19761113190050364,-1.5707303526212368
54.624,26.693702696735624,0.19761111966014772,-1.5707538028146328
54.656,26.69688065582689,0.19761110954702957,-1.570772447585474
54.688,26.700059090118568,0.19761110131391224,-1.570787276510118
54.720,26.703237826709543,0.1976110946815825,-1.5707990791288629
54.752,26.70559977770647,0.19761109561592646,-1.572046275390422
54.784,26.70845703477826,0.19761118070977648,-1.5707267215108494
54.816,26.711365833583454,0.19761118781620446,-1.5705999008990221
54.848,26.71428333099554,0.19761117339323842,-1.5706287784124382
54.880,26.717203706789014,0.19761115654420294,-1.570670110972751
54.912,26.720125839472676,0.19761114100322788,-1.5707055435787798
54.944,26.723049266329106,0.1976111274933746,-1.5707340561002838
54.976,26.725973656337842,0.19761111609221244,-1.5707567569788325
55.008,26.728898740726393,0.19761110666710716,-1.5707748029417796
55.040,26.731824302143888,0.19761109899382348,-1.5707891524948447
55.072,26.734750169625677,0.197611092815181,-1.5708005706784687
55.104,26.737676213092808,0.19761108787680878,-1.5708096630972612
55.136,26.740602337266957,0.19761108394736573,-1.5708169082484738
55.168,26.742852336114304,0.197611085684333,-1.5720249198967366
55.200,26.74547412207701,0.19761116528316025,-1.5707408681918735
55.232,26.748138831363008,0.1976111739271113,-1.5706157387394422
55.264,26.750811301783628,0.19761116168294612,-1.5706420096966018
55.296,26.753486518224513,0.19761114689277928,-1.5706807077601384
55.328,26.756163468124093,0.19761113315566955,-1.5707139752938966
55.360,26.758841712742612,0.1976111211723158,-1.5707407631855719
55.392,26.761520931048334,0.19761111103453818,-1.5707620964334825
55.424,26.764200859812178,0.19761110263901938,-1.5707790575215659
55.456,26.766881284598085,0.197611095795732,-1.5707925455533218
55.488,26.769562035470738,0.1976110902811027,-1.5708032789073647
55.520,26.772242982028708,0.19761108587107507,-1.5708118266032507
55.552,26.774924027754896,0.19761108236034736,-1.570818638384264
55.584,26.77706831840591,0.19761108455207935,-1.5719921519617026
55.616,26.77946178492898,0.19761115683224773,-1.5707446245238552
55.648,26.781889977197043,0.19761116586862312,-1.5706230963082208
55.680,26.784325083653716,0.1976111548364056,-1.5706485038528721
55.712,26.78676283112794,0.1976111412422243,-1.570685969724667
55.744,26.789202293215485,0.1976111285653701,-1.5707181856619183
55.776,26.79164304324906,0.1976111174858421,-1.5707441317200956
55.808,26.79408476345946,0.19761110809824103,-1.5707647975189778
55.840,26.796527192835004,0.1976111003122181,-1.5707812291258483
55.872,26.79897011888899,0.1976110939558896,-1.57079429584428
55.904,26.801413373334142,0.19761108882563475,-1.5708046926779473
55.936,26.80385682705057,0.19761108471679345,-1.5708129705251235
55.968,26.806300384419913,0.19761108144145562,-1.5708195651220376
56.000,26.808743977536746,0.19761107883678558,-1.5708248211214875
56.032,26.81118756069759,0.1976110767670523,-1.570829011426868
56.064,26.81323230434205,0.19761107938107403,-1.5719680455253713
56.096,26.815404355948665,0.19761114656765244,-1.570753743610357
56.128,26.817603049556283,0.19761115661595827,-1.5706344330937694
56.160,26.819807838750293,0.19761114715233893,-1.5706581082843174
56.192,26.822015172016933,0.19761113499078256,-1.570693692193179
56.224,26.82422421103337,0.19761112352305313,-1.570724345352807
56.256,26.826434544419037,0.19761111343468607,-1.570749041666915
56.288,26.828645859243256,0.19761110484716424,-1.5707687127456749
56.320,26.830857896781414,0.19761109770194588,-1.570784351865871
56.352,26.8330704455369,0.19761109185770334,-1.570796786150995
56.384,26.835283337299575,0.19761108713738845,-1.5708066775727643
56.416,26.837496442364134,0.19761108335804742,-1.5708145511665774
56.448,26.83970966407219,0.19761108034878835,-1.5708208223243971
56.480,26.841922933197814,0.19761107795980257,-1.5708258196014924
56.512,26.844136202577175,0.19761107606525263,-1.5708298030922878
56.544,26.84608674684682,0.1976110789838954,-1.5719378265395598
56.576,26.848044016973635,0.19761113997870314,-1.5707565879119352
56.608,26.850020190659766,0.19761115012263977,-1.570640616864102
56.640,26.852001687760698,0.19761114151182457,-1.5706636225697403
56.672,26.853985633803294,0.1976111302350865,-1.5706981711802122
56.704,26.855971266816553,0.1976111195802168,-1.5707279288072995
56.736,26.85795818633893,0.19761111021042851,-1.5707519032371344
56.768,26.85994608273263,0.19761110224185952,-1.5707709996664592
56.800,26.86193469961835,0.19761109561803825,-1.5707861822402294
56.832,26.863923827536908,0.19761109020445233,-1.5707982535700107
56.864,26.865913299971695,0.19761108583375492,-1.570807855966277
56.896,26.867902988515727,0.1976110823340361,-1.5708154989250325
56.928,26.86989279741037,0.1976110795456223,-1.5708215856389087
56.960,26.87188265796467,0.19761107732930963,-1.5708264351150183
56.992,26.873872523240117,0.19761107556878657,-1.570830299977018
57.024,26.875862363241268,0.19761107416960427,-1.5708333805716908
57.056,26.87785216073818,0.19761107305645395,-1.5708358360526518
57.088,26.879714231394892,0.19761107626540012,-1.5719136145782953
57.120,26.8814630244021,0.1976111327260089,-1.5707626737419125
57.152,26.883223062070254,0.1976111434475924,-1.570649038561772
57.184,26.884987694237367,0.1976111359795473,-1.5706708187643492
57.216,26.886754698024795,0.1976111257711222,-1.5707039614878602
57.248,26.888523384550787,0.19761111602177792,-1.5707325474861535
57.280,26.890293363531626,0.19761110739190868,-1.5707555870219712
57.312,26.892064327560472,0.19761110001448423,-1.570773941454556
57.344,26.893836021105848,0.19761109385586426,-1.5707885343090524
57.376,26.895608235028945,0.19761108880519512,-1.5708001357699952
57.408,26.897380802760264,0.19761108471690259,-1.5708093629064421
57.440,26.899153595543904,0.1976110814376299,-1.5708167056213775
57.472,26.900926517049015,0.19761107882263243,-1.570822551843564
57.504,26.90269949785986,0.19761107674419046,-1.5708272086113206
57.536,26.90447249022469,0.1976110750945232,-1.5708309190897378
57.568,26.906245463300976,0.19761107378536397,-1.5708338760916614
57.600,26.90801839902128,0.19761107274583178,-1.57083623272816
57.632,26.909791288621896,0.19761107191967406,-1.5708381107615166
57.664,26.91156412981975,0.19761107126251376,-1.5708396071490078
57.696,26.913342037326547,0.19761107471019687,-1.5718889361716628
57.728,26.914888267414057,0.19761112681045295,-1.5707671576423041
57.760,26.91643843707961,0.1976111378016367,-1.5706560810784231
57.792,26.91799250931896,0.1976111311530122,-1.5706769538581307
57.824,26.91954888169447,0.1976111217367645,-1.5707089287044638
57.856,26.921106932116135,0.1976111126841504,-1.570736521387461
57.888,26.92266627850111,0.19761110465310278,-1.5707587610163332
57.920,26.924226614849857,0.1976110977841446,-1.570776477279079
57.952,26.925787686206277,0.1976110920529029,-1.5707905617089974
57.984,26.92734928381645,0.19761108735799376,-1.5708017580031188
58.016,26.92891124132951,0.19761108356301585,-1.5708106620054554
58.048,26.930473430026527,0.1976110805232377,-1.570817746735881
58.080,26.93203575343832,0.19761107810186537,-1.570823386726352
58.112,26.93359814186007,0.1976110761784073,-1.5708278783977236
58.144,26.935160547134398,0.19761107465157646,-1.570831456507475
58.176,26.936722937933215,0.1976110734388706,-1.570834307215286
58.208,26.938285295658297,0.19761107247445317,-1.5708365783699583
58.240,26.93984761099987,0.19761107170641565,-1.5708383875722118
58.272,26.941409881137684,0.19761107109404769,-1.570839828486824
58.304,26.942972107533826,0.19761107060543365,-1.5708409757905908
58.336,26.94453429424709,0.19761107021547517,-1.5708418890621307
58.368,26.946233049380318,0.19761107385898644,-1.5718647871365716
58.400,26.947582429876533,0.19761112198747605,-1.5707705793473392
58.432,26.948928678899694,0.1976111331761225,-1.5706620038631907
58.464,26.950278174211316,0.19761112727485058,-1.5706821185727948
58.496,26.951629901270064,0.19761111858808603,-1.570713098678036
58.528,26.952983299585174,0.19761111016534744,-1.570739849468124
58.560,26.95433799420791,0.19761110265585896,-1.5707614152738303
58.592,26.9556936803248,0.19761109620742356,-1.5707785964140992
58.624,26.95705010362908,0.19761109080856035,-1.5707922555301617
58.656,26.958407055976583,0.1976110863727586,-1.5708031129685676
58.688,26.95976437154027,0.19761108277832012,-1.5708117463425517
58.720,26.96112192197772,0.19761107989372056,-1.5708186145354681
58.752,26.96247961102406,0.19761107759321422,-1.5708240811026004
58.784,26.96383736901139,0.19761107576503453,-1.5708284338927823
58.816,26.965195147674645,0.19761107431445962,-1.5708319009119538
58.848,26.9665529154651,0.19761107316373186,-1.5708346629489327
58.880,26.967910653484942,0.1976110722503379,-1.570836863537369
58.912,26.969268352078068,0.19761107152465507,-1.5708386167809851
58.944,26.97062600805897,0.19761107094755093,-1.5708400134923286
58.976,26.971983622528015,0.1976110704882334,-1.5708411260130848
59.008,26.9733411992025,0.19761107012245496,-1.5708420120080908
59.040,26.974698743185428,0.19761106983107687,-1.5708427174606825
59.072,26.97605626009364,0.1976110695989479,-1.570843279044897
59.104,26.977413755472057,0.19761106941403753,-1.5708437260094508
59.136,26.979037182807414,0.19761107324257732,-1.5718416201458616
59.168,26.980195234580354,0.19761111777004112,-1.5707735972294132
59.200,26.981343269142897,0.19761112896771454,-1.570667477038833
59.232,26.982493918354955,0.19761112360487684,-1.5706869479708858
59.264,26.983646734801873,0.19761111547971172,-1.570717021445219
59.296,26.98480121586128,0.19761110757229178,-1.5707429934550325
59.328,26.985956992965352,0.19761110052015168,-1.57076393078098
59.360,26.987113762322434,0.19761109446913452,-1.5707806102802602
59.392,26.988271270299187,0.19761108940904842,-1.570793869678329
59.424,26.989429309476026,0.1976110852568326,-1.5708044084205508
59.456,26.990587714711026,0.1976110818957692,-1.5708127872902062
59.488,26.991746358217025,0.19761107920022097,-1.5708194517850735
59.520,26.992905144109493,0.19761107705068218,-1.570824754881314
59.552,26.994064002916705,0.19761107534154393,-1.5708289761010603
59.584,26.99522288639929,0.19761107398384914,-1.570832336913672
59.616,26.9963817628901,0.19761107290501467,-1.57083501298323
59.648,26.997540613260394,0.19761107204700631,-1.570837143825154
59.680,26.998725138529984,0.19761107405676026,-1.5720981967867695
59.712,27.0001501733084,0.1976109822679212,-1.5726874567326965
59.744,27.001745572741978,0.1976108841960699,-1.5732749533987773
59.776,27.003526119622386,0.19761083740053903,-1.5735983215966094
59.808,27.00361695110643,0.19763858882743923,-1.569471584105751
59.840,27.00361149155433,0.1976346857409858,-1.5692491935319497
59.872,27.003613116634654,0.19763008078802402,-1.569508910013343
59.904,27.003740147193593,0.19762647514477905,-1.571425487260965
59.936,27.004179600901423,0.19762332445135714,-1.5721813068402966
59.968,27.004795803660144,0.19762076889706184,-1.5727952924562842
60.000,27.004485461600282,0.1976192048661048,-1.56945536733129
60.032,27.004134524385943,0.1976176181273291,-1.5693294929173407
60.064,27.00378689857574,0.19761633009381788,-1.5695853470673293
60.096,27.00344467186892,0.19761528756793145,-1.5698377561757089
60.128,27.003106833605585,0.19761444626610775,-1.570044719456248
60.160,27.002772298462144,0.19761376953445833,-1.5702097650554485
60.192,27.00244016779544,0.19761322657163413,-1.570340788253198
60.224,27.00210973350924,0.1976127917627695,-1.5704446882003058
60.256,27.001914487847003,0.19761250308347078,-1.5726378325318011
60.288,27.00211055344832,0.19761206091455613,-1.573239763234933
60.320,27.002494838771486,0.19761173914600486,-1.573509740533281
60.352,27.001856983754887,0.1976122553895548,-1.5696556181951156
60.384,27.001437814549007,0.19761231535650267,-1.5718627184815839
60.416,27.001386532312512,0.19761198263561783,-1.5725606622183346
60.448,27.000594470946538,0.19761212036989056,-1.5692776465724552
60.480,27.000090970811524,0.19761226603359242,-1.5716290076834727
60.512,26.99925845223602,0.197612083938091,-1.5693134179532326
60.544,26.998401887167518,0.19761190509118662,-1.5693268223762726
60.576,26.997545243039774,0.19761175949324755,-1.5695976486540995
60.608,26.996690854166893,0.19761163490203387,-1.5698489499010222
60.640,26.99618607641564,0.19761170589070817,-1.5723549689211371
60.672,26.995346757672593,0.19761175366659103,-1.5700660988253146
60.704,26.99448138799317,0.19761164482516844,-1.5699491317269474
60.736,26.993613935611652,0.19761153926100225,-1.5700949122504875
60.768,26.992747022009784,0.19761144955138404,-1.5702440141576366
60.800,26.991880764616223,0.1976113756178517,-1.5703670506735536
60.832,26.991015007928766,0.1976113153751794,-1.570465388318008
60.864,26.99050354156833,0.19761132268312567,-1.572769891784246
60.896,26.99036957931995,0.19761108999068328,-1.5734674558315989
60.928,26.990446419546505,0.19761099929563608,-1.5734948246582872
60.960,26.98942008539288,0.1976116716836116,-1.569609684874842
60.992,26.988321051883688,0.19761160267109604,-1.5693943736348943
61.024,26.987217196820215,0.1976115192445857,-1.569627330175181
61.056,26.986115255162222,0.19761144330731126,-1.569868883992586
61.088,26.98501555728146,0.19761137681775295,-1.5700686142301634
61.120,26.98391772645704,0.1976113201240384,-1.5702283219055575
61.152,26.982821357845776,0.1976112726510791,-1.5703552949477817
61.184,26.981726103529244,0.19761123340491726,-1.5704561426194072
61.216,26.980631678935957,0.1976112012623117,-1.5705362288968783
61.248,26.97953785730484,0.19761117512017864,-1.5705998290295153
61.280,26.978444461960496,0.19761115396871037,-1.5706503393760354
61.312,26.977351358331518,0.19761113692164745,-1.570690456368567
61.344,26.976258446362518,0.19761112322243218,-1.5707223205101692
61.376,26.975165653634946,0.1976111122374688,-1.5707476310208663
61.408,26.9740729293488,0.19761110344327687,-1.570767736896014
61.440,26.97298023921239,0.19761109641153207,-1.5707837091754173
61.472,26.97188756121753,0.1976110907942125,-1.5707963982845292
61.504,26.970794882233445,0.19761108630996943,-1.5708064795290724
61.536,26.9697021953279,0.19761108273218744,-1.5708144891934714
61.568,26.96860949771342,0.19761107987882595,-1.570820853187877
61.600,26.967516789215274,0.1976110776039416,-1.5708259097855517
61.632,26.96642407116363,0.1976110757907067,-1.570829927672327
61.664,26.965331345621504,0.19761107434570954,-1.570833120276254
61.696,26.96423861487155,0.19761107319432958,-1.5708356571448423
61.728,26.963145881096782,0.19761107227700084,-1.5708376729784828
61.760,26.962053146201878,0.19761107154620308,-1.570839274802921
61.792,26.960960411732557,0.19761107096404484,-1.570840547664066
61.824,26.959867678860018,0.19761107050032228,-1.5708415591494673
61.856,26.958774948405534,0.1976110701309679,-1.5708423629781405
61.888,26.957682220887044,0.1976110698368063,-1.5708430018506854
61.920,26.956589496575084,0.19761106960256178,-1.5708435097121485
61.952,26.955496775549538,0.19761106941606493,-1.5708439135486862
61.984,26.954404057752036,0.19761106926761907,-1.570844234814169
62.016,26.953311343031096,0.19761106914949741,-1.5708444905630636
62.048,26.95221863117887,0.19761106905553852,-1.5708446943502075
62.080,26.951125921959427,0.19761106898082836,-1.570844856945579
62.112,26.950033215129256,0.19761106892144473,-1.5708449869022882
62.144,26.94894051045103,0.19761106887425603,-1.5708450910080922
62.176,26.947847807701812,0.19761106883676066,-1.5708451746445167
62.208,26.94675510667698,0.1976110688069603,-1.5708452420726724
62.240,26.945662407191026,0.19761106878326004,-1.5708452966609225
62.272,26.944569709076198,0.1976110687643879,-1.570845341066401
62.304,26.943477012179862,0.1976110687493319,-1.5708453773799143
62.336,26.942384316361267,0.19761106873729073,-1.5708454072417497
62.368,26.94129162148822,0.19761106872763184,-1.5708454319343637
62.400,26.940198927434043,0.1976110687198598,-1.5708454524566664
62.432,26.939106234075062,0.19761106871358813,-1.570845469583634
62.464,26.938013541288772,0.1976110687085186,-1.5708454839141974
62.496,26.936920848952713,0.1976110687044214,-1.570845495909739
62.528,26.935828156944147,0.19761106870112016,-1.5708455059250483
62.560,26.934735465140296,0.19761106869847883,-1.570845514233191
62.592,26.933642773419283,0.1976110686963897,-1.5708455210454673
62.624,26.932550081661475,0.19761106869476672,-1.5708455265273735
62.656,26.931457389751266,0.19761106869353667,-1.5708455308113158
62.688,26.930364697579016,0.19761106869263528,-1.5708455340066632
62.720,26.92927200504319,0.19761106869200268,-1.5708455362076257
62.752,26.928179312052457,0.1976110686915829,-1.5708455374993364
62.784,26.927086618527706,0.19761106869132233,-1.5708455379624482
62.816,26.925993924403855,0.19761106869117012,-1.5708455376765018
62.848,26.924901229631402,0.19761106869108006,-1.5708455367222671
62.880,26.92380853417762,0.1976110686910111,-1.5708455351832213
62.912,26.92271583802738,0.19761106869093018,-1.5708455331463034
62.944,26.921623141183513,0.1976110686908125,-1.5708455307020506
62.976,26.920530443666756,0.19761106869064307,-1.5708455279442228
63.008,26.919437745515253,0.19761106869041709,-1.5708455249689852
63.040,26.91834504678356,0.19761106869013909,-1.5708455218737316
63.072,26.9172523475413,0.19761106868982212,-1.570845518755621
63.104,26.916159647871357,0.19761106868948547,-1.5708455157098908
63.136,26.915066947867803,0.1976110686891527,-1.570845512828025
63.168,26.91397424763348,0.19761106868884865,-1.5708455101958485
63.200,26.91288154727737,0.19761106868859662,-1.5708455078916184
63.232,26.911788846911826,0.19761106868841607,-1.5708455059841948
63.264,26.9106961466497,0.19761106868832046,-1.57084550453136
63.296,26.90960344660144,0.19761106868831538,-1.5708455035783577
63.328,26.90851074687231,0.1976110686883984,-1.5708455031567203
63.360,26.90741804755964,0.1976110686885589,-1.57084550328344
63.392,26.906325348750403,0.19761106868877926,-1.5708455039605123
63.424,26.905232650518933,0.1976110686890365,-1.570845505174903
63.456,26.904139952925064,0.1976110686893045,-1.5708455068989327
63.488,26.903047256012577,0.19761106868955677,-1.5708455090910751
63.520,26.901954559808086,0.19761106868976874,-1.5708455116971611
63.552,26.900861864320326,0.19761106868992057,-1.570845514651928
63.584,26.899769169539947,0.19761106868999848,-1.570845517880884
63.616,26.898676475439736,0.19761106868999712,-1.5708455213024053
63.648,26.89758378197527,0.1976110686899189,-1.5708455248300137
63.680,26.89649108908608,0.197611068689774,-1.570845528374745
63.712,26.895398396697143,0.19761106868958014,-1.570845531847539
63.744,26.894305704720786,0.1976110686893592,-1.5708455351615835
63.776,26.893213013058922,0.19761106868913622,-1.570845538234539
63.808,26.89212032160552,0.1976110686889361,-1.5708455409905941
63.840,26.891027630249322,0.19761106868878117,-1.570845543362302
63.872,26.889934938876635,0.19761106868868894,-1.570845545292161
63.904,26.888842247374242,0.19761106868867068,-1.5708455467339137
63.936,26.88774955563227,0.19761106868872896,-1.570845547653554
63.968,26.886656863546992,0.1976110686888588,-1.5708455480300239
64.000,26.885564171023464,0.19761106868904754,-1.5708455478556138
64.032,26.884471477977925,0.19761106868927594,-1.570845547136061
64.064,26.883378784339946,0.19761106868952039,-1.5708455458903523
64.096,26.882286090054215,0.1976110686897554,-1.5708455441502527
64.128,26.881193395081947,0.19761106868995545,-1.5708455419595633
64.160,26.880100699401858,0.19761106869009906,-1.5708455393731162
64.192,26.879008003010707,0.1976110686901695,-1.5708455364555358
64.224,26.877915305923388,0.19761106869015713,-1.570845533279773
64.256,26.87682260817253,0.19761106869006084,-1.5708455299254267
64.288,26.875729909807685,0.19761106868988787,-1.5708455264768928
64.320,26.874637210894026,0.1976110686896527,-1.570845523021358
64.352,26.873544511510715,0.19761106868937622,-1.5708455196466806
64.384,26.872451811748892,0.19761106868908393,-1.5708455164391963
64.416,26.871359111709317,0.19761106868880265,-1.5708455134815176
64.448,26.870266411499827,0.1976110686885583,-1.5708455108503614
64.480,26.869173711232598,0.1976110686883737,-1.5708455086144784
64.512,26.868081011021268,0.1976110686882656,-1.5708455068327558
64.544,26.866988310978073,0.1976110686882434,-1.570845505552543
64.576,26.865895611210966,0.1976110686883079,-1.5708455048082701
64.608,26.864802911820895,0.19761106868845252,-1.5708455046204093
64.640,26.863710212899235,0.1976110686886617,-1.5708455049948202
64.672,26.86261751452544,0.19761106868891504,-1.570845505922515
64.704,26.86152481676507,0.19761106868918768,-1.5708455073798557
64.736,26.860432119668076,0.19761106868945263,-1.5708455093291747
64.768,26.859339423267567,0.1976110686896847,-1.5708455117198137
64.800,26.858246727578948,0.19761106868986228,-1.5708455144895384
64.832,26.857154032599535,0.1976110686899697,-1.5708455175662788
64.864,26.85606133830862,0.19761106868999845,-1.570845520870141
64.896,26.854968644667995,0.19761106868994813,-1.5708455243156223
64.928,26.853875951622914,0.1976110686898264,-1.570845527813938
64.960,26.852783259103497,0.19761106868964873,-1.5708455312754137
64.992,26.851690567026484,0.19761106868943537,-1.5708455346118457
65.024,26.850597875297375,0.19761106868921086,-1.5708455377387682
65.056,26.849505183812795,0.19761106868900033,-1.5708455405775712
65.088,26.848412492463165,0.19761106868882763,-1.5708455430574173
65.120,26.847319801135463,0.197611068688712,-1.57084554511691
65.152,26.84622710971609,0.19761106868866699,-1.5708455467054965
65.184,26.84513441809379,0.19761106868869857,-1.570845547784568
65.216,26.844041726162455,0.19761106868880418,-1.5708455483282735
65.248,26.842949033823857,0.1976110686889739,-1.5708455483240198
65.280,26.841856340990105,0.197611068689191,-1.5708455477726717
65.312,26.840763647585938,0.19761106868943282,-1.570845546688461
65.344,26.83967095355059,0.19761106868967404,-1.5708455450986036
65.376,26.83857825883938,0.1976110686898893,-1.570845543042654
65.408,26.837485563424824,0.197611068690055,-1.5708455405715898
65.440,26.836392867297338,0.19761106869015257,-1.570845537746656
65.472,26.835300170465484,0.1976110686901701,-1.570845534637967
65.504,26.834207472955757,0.19761106869010323,-1.5708455313229126
65.536,26.833114774811897,0.19761106868995618,-1.5708455278843514
65.568,26.832022076093775,0.1976110686897408,-1.5708455244086656
65.600,26.830929376875883,0.19761106868947612,-1.5708455209836731
65.632,26.82983667724541,0.1976110686891864,-1.5708455176964498
65.664,26.828743977300036,0.19761106868889824,-1.5708455146311309
65.696,26.82765127714545,0.19761106868863823,-1.5708455118667133
65.728,26.82655857689264,0.19761106868843037,-1.5708455094749487
65.760,26.8254658766551,0.1976110686882939,-1.5708455075183776
65.792,26.824373176545926,0.19761106868824055,-1.5708455060485642
65.824,26.82328047667493,0.19761106868827505,-1.5708455051046075
65.856,26.822187777145867,0.19761106868839257,-1.5708455047119732
65.888,26.8210950780538,0.1976110686885812,-1.5708455048817016
65.920,26.820002379482677,0.19761106868882172,-1.5708455056100241
65.952,26.818909681503193,0.19761106868909054,-1.570845506878403
65.984,26.817816984171,0.19761106868936126,-1.570845508654003
66.016,26.816724287525314,0.1976110686896078,-1.5708455108905879
66.048,26.81563159158788,0.19761106868980705,-1.5708455135298085
66.080,26.81453889636244,0.19761106868994074,-1.570845516502829
66.112,26.813446201834637,0.19761106868999767,-1.5708455197322557
66.144,26.812353507972375,0.19761106868997466,-1.5708455231342853
66.176,26.811260814726637,0.19761106868987688,-1.5708455266210035
66.208,26.81016812203272,0.19761106868971684,-1.5708455301027588
66.240,26.809075429811877,0.19761106868951356,-1.570845533490544
66.272,26.80798273797333,0.19761106868929007,-1.570845536698305
66.304,26.806890046416576,0.19761106868907166,-1.5708455396451182
66.336,26.805797355033917,0.197611068688883,-1.570845542257181
66.368,26.804704663713228,0.19761106868874517,-1.5708455444695724
66.400,26.8036119723408,0.1976110686886741,-1.57084554622775
66.432,26.802519280804223,0.19761106868867853,-1.5708455474887664
66.464,26.80142658899526,0.19761106868875877,-1.5708455482221797
66.496,26.80033389681261,0.19761106868890752,-1.5708455484106612
66.528,26.79924120416446,0.19761106868911021,-1.5708455480503065
66.560,26.798148510970854,0.19761106868934594,-1.5708455471506417
66.592,26.79705581716571,0.19761106868959022,-1.5708455457343493
66.624,26.795963122698513,0.19761106868981745,-1.5708455438367068
66.656,26.794870427535596,0.19761106869000325,-1.5708455415047673
66.688,26.793777731661006,0.19761106869012682,-1.5708455387962867
66.720,26.792685035076893,0.19761106869017367,-1.570845535778415
66.752,26.791592337803475,0.1976110686901365,-1.5708455325261574
66.784,26.790499639878494,0.19761106869001663,-1.5708455291206553
66.816,26.789406941356287,0.19761106868982356,-1.5708455256472744
66.848,26.78831424230637,0.19761106868957382,-1.5708455221935629
66.880,26.787221542811686,0.19761106868929004,-1.5708455188471084
66.912,26.786128842966477,0.19761106868899822,-1.5708455156933345
66.944,26.78503614287391,0.1976110686887254,-1.5708455128133
66.976,26.783943442643416,0.1976110686884964,-1.5708455102815508
67.008,26.782850742387936,0.1976110686883326,-1.5708455081640929
67.040,26.78175804222103,0.197611068688249,-1.570845506516553
67.072,26.780665342253997,0.19761106868825265,-1.570845505382587
67.104,26.779572642593063,0.19761106868834205,-1.570845504792588
67.136,26.778479943336638,0.1976110686885074,-1.5708455047627616
67.168,26.777387244572868,0.19761106868873235,-1.5708455052945896
67.200,26.776294546377354,0.19761106868899403,-1.5708455063747206
67.232,26.77520184881126,0.19761106868926706,-1.5708455079752923
67.264,26.774109151919742,0.19761106868952513,-1.5708455100546779
67.296,26.773016455730808,0.19761106868974354,-1.5708455125586367
67.328,26.771923760254598,0.19761106868990186,-1.5708455154218346
67.360,26.770831065483144,0.19761106868998682,-1.5708455185696677
67.392,26.769738371390556,0.19761106868999204,-1.5708455219203394
67.424,26.768645677933673,0.19761106868991948,-1.5708455253871154
67.456,26.767552985053168,0.19761106868977957,-1.5708455288806875
67.488,26.76646029267506,0.1976110686895888,-1.5708455323115489
67.520,26.765367600712562,0.19761106868936973,-1.5708455355923463
67.552,26.764274909068337,0.19761106868914668,-1.5708455386401001
67.584,26.763182217636924,0.19761106868894496,-1.5708455413782767
67.616,26.762089526307445,0.19761106868878708,-1.5708455437386288
67.648,26.760996834966424,0.197611068688691,-1.5708455456627928
67.680,26.75990414350065,0.19761106868866807,-1.5708455471035985
67.712,26.7588114518001,0.19761106868872202,-1.5708455480260974
67.744,26.757718759760714,0.19761106868884804,-1.5708455484082735
67.776,26.75662606728704,0.19761106868903364,-1.5708455482414594
67.808,26.755533374294686,0.19761106868926023,-1.570845547530451
67.840,26.754440680712452,0.1976110686895046,-1.5708455462933288
67.872,26.753347986484155,0.19761106868974065,-1.5708455445609937
67.904,26.752255291570048,0.19761106868994371,-1.5708455423764476
67.936,26.75116259594784,0.19761106869009115,-1.5708455397938006
67.968,26.750069899613273,0.1976110686901663,-1.5708455368770453
68.000,26.748977202580203,0.1976110686901591,-1.5708455336985983
68.032,26.747884504880272,0.19761106869006792,-1.570845530337638
68.064,26.74679180656209,0.1976110686898991,-1.570845526878266
68.096,26.745699107689983,0.1976110686896672,-1.5708455234074974
68.128,26.744606408342374,0.1976110686893925,-1.5708455200131575
68.160,26.743513708609775,0.19761106868910053,-1.5708455167816864
68.192,26.742421008592483,0.19761106868881803,-1.5708455137959352
68.224,26.741328308398025,0.19761106868857092,-1.5708455111329898
68.256,26.74023560813843,0.19761106868838232,-1.570845508862099
68.288,26.73914290792737,0.19761106868826916,-1.5708455070427545
68.320,26.73805020787727,0.19761106868824152,-1.5708455057230075
68.352,26.736957508096463,0.1976110686883011,-1.5708455049380674
68.384,26.735864808686426,0.19761106868844133,-1.5708455047092358
68.416,26.7347721097392,0.19761106868864745,-1.5708455050432342
68.448,26.733679411335064,0.19761106868889888,-1.570845505931941
68.480,26.732586713540478,0.1976110686891711,-1.570845507352562
68.512,26.731494016406412,0.19761106868943723,-1.5708455092682239
68.544,26.730401319967036,0.1976110686896721,-1.5708455116289906
68.576,26.729308624238868,0.19761106868985362,-1.5708455143732563
68.608,26.728215929220347,0.19761106868996547,-1.5708455174294667
68.640,26.727123234891852,0.19761106868999903,-1.5708455207181184
68.672,26.72603054121624,0.1976110686899532,-1.5708455241539576
68.704,26.72493784813973,0.1976110686898355,-1.5708455276483124
68.736,26.72384515559334,0.19761106868966063,-1.570845531111475
68.768,26.72275246349458,0.19761106868944875,-1.5708455344550685
68.800,26.721659771749557,0.19761106868922418,-1.570845537594324
68.832,26.720567080255393,0.1976110686890122,-1.5708455404502033
68.864,26.71947438890281,0.1976110686888365,-1.5708455429513337
68.896,26.718381697578916,0.19761106868871706,-1.5708455450356913
68.928,26.71728900617008,0.19761106868866768,-1.570845546652018
68.960,26.71619631456483,0.19761106868869435,-1.5708455477609464
68.992,26.71510362265668,0.19761106868879577,-1.5708455483358266
69.024,26.714010930346845,0.19761106868896236,-1.5708455483632437
69.056,26.71291823754676,0.19761106868917686,-1.5708455478432373
69.088,26.71182554418034,0.1976110686894179,-1.5708455467892286
69.120,26.710732850185895,0.1976110686896599,-1.5708455452276577
69.152,26.709640155517743,0.19761106868987732,-1.570845543197348
69.184,26.708547460147336,0.19761106869004652,-1.5708455407486102
69.216,26.707454764064,0.19761106869014888,-1.5708455379420971
69.248,26.7063620672752,0.1976110686901714,-1.5708455348474286
69.280,26.705269369806366,0.19761106869010955,-1.5708455315415937
69.312,26.704176671700218,0.19761106868996697,-1.5708455281071734
69.344,26.70308397301571,0.19761106868975523,-1.570845524630391
69.376,26.701991273826472,0.1976110686894933,-1.57084552119903
69.408,26.700898574219007,0.19761106868920428,-1.570845517900276
69.440,26.699805874290426,0.19761106868891523,-1.5708455148184977
69.472,26.698713174146008,0.19761106868865255,-1.5708455120330649
69.504,26.697620473896503,0.19761106868844097,-1.5708455096162248
69.536,26.696527773655344,0.19761106868829956,-1.5708455076311236
69.568,26.695435073535716,0.19761106868824124,-1.5708455061300346
69.600,26.694342373647732,0.1976110686882703,-1.5708455051528463
69.632,26.69324967409559,0.19761106868838332,-1.570845504725876
69.664,26.692156974974946,0.19761106868856806,-1.570845504861052
69.696,26.69106427637049,0.1976110686888063,-1.570845505555503
69.728,26.68997157835378,0.19761106868907405,-1.5708455067915739
69.760,26.688878880981427,0.1976110686893453,-1.5708455085372763
69.792,26.68778618429367,0.1976110686895941,-1.5708455107471504
69.824,26.68669348831333,0.19761106868979655,-1.5708455133635355
69.856,26.68560079304527,0.19761106868993455,-1.5708455163181805
69.888,26.68450809847621,0.19761106868999628,-1.570845519534148
69.920,26.683415404575122,0.19761106868997824,-1.570845522927956
69.952,26.682322711293967,0.19761106868988473,-1.5708455264118708
69.984,26.681230018568964,0.19761106868972786,-1.5708455298962776
70.016,26.680137326322164,0.19761106868952638,-1.570845533292063
70.048,26.67904463446346,0.19761106868930345,-1.5708455365129292
70.080,26.677951942892854,0.19761106868908437,-1.570845539477582
70.112,26.67685925150302,0.19761106868889344,-1.5708455421117336
70.144,26.675766560182023,0.19761106868875206,-1.570845544349877
70.176,26.674673868816157,0.19761106868867653,-1.5708455461368036
70.208,26.67358117729286,0.19761106868867614,-1.5708455474288345
70.240,26.67248848550357,0.19761106868875195,-1.5708455481947454
70.272,26.671395793346473,0.19761106868889697,-1.570845548416402
70.304,26.670303100729125,0.1976110686890969,-1.570845548089083
70.336,26.66921040757078,0.1976110686893313,-1.5708455472215055
70.368,26.668117713804477,0.1976110686895758,-1.570845545835564
70.400,26.66702501937871,0.1976110686898047,-1.5708455439657942
70.432,26.665932324258762,0.19761106868999354,-1.5708455416585634
70.464,26.664839628427586,0.19761106869012132,-1.570845538971013
70.496,26.66374693188624,0.19761106869017306,-1.5708455359697646
70.528,26.662654234653846,0.19761106869014108,-1.5708455327293955
70.560,26.661561536767117,0.1976110686900261,-1.5708455293307275
70.592,26.66046883827942,0.19761106868983697,-1.5708455258589238
70.624,26.65937613925939,0.19761106868959002,-1.5708455224014637
70.656,26.65828343978922,0.19761106868930756,-1.5708455190459942
70.688,26.657190739962527,0.19761106868901554,-1.5708455158781334
70.720,26.65609803988201,0.19761106868874068,-1.5708455129792636
70.752,26.65500533965681,0.19761106868850856,-1.570845510424385
70.784,26.65391263939972,0.19761106868834033,-1.5708455082800772
70.816,26.652819939224354,0.19761106868825162,-1.5708455066026454
70.848,26.651727239242238,0.19761106868824999,-1.570845505436508
70.880,26.65063453955996,0.19761106868833417,-1.5708455048128942
70.912,26.649541840276502,0.1976110686884954,-1.5708455047488885
70.944,26.648449141480686,0.19761106868871736,-1.5708455052468724
70.976,26.647356443248935,0.1976110686889775,-1.5708455062943887
71.008,26.64626374564334,0.19761106868925066,-1.5708455078644392
71.040,26.645171048710058,0.19761106868951017,-1.5708455099162
71.072,26.64407835247816,0.19761106868973147,-1.5708455123961569
71.104,26.642985656958896,0.1976110686898939,-1.5708455152396004
71.136,26.64189296214538,0.19761106868998354,-1.5708455183724284
71.168,26.640800268012796,0.1976110686899937,-1.5708455217132191
71.200,26.639707574519008,0.19761106868992573,-1.5708455251754707
71.232,26.63861488160563,0.19761106868978942,-1.5708455286699625
71.264,26.637522189199515,0.19761106868960146,-1.5708455321071344
71.296,26.6364294972146,0.19761106868938322,-1.5708455353994348
71.328,26.635336805554115,0.19761106868915976,-1.5708455384635602
71.360,26.634244114113013,0.1976110686889561,-1.5708455412225317
71.392,26.633151422780674,0.1976110686887948,-1.5708455436075492
71.424,26.63205873144368,0.19761106868869469,-1.5708455455596102
71.456,26.63096603998875,0.19761106868866732,-1.5708455470308342
71.488,26.62987334830557,0.19761106868871653,-1.5708455479855072
71.520,26.628780656289635,0.19761106868883854,-1.5708455484008144
71.552,26.627687963844917,0.19761106868902117,-1.570845548267275
71.584,26.62659527088627,0.19761106868924594,-1.5708455475888699
71.616,26.625502577341653,0.19761106868948972,-1.5708455463828828
71.648,26.624409883153916,0.19761106868972717,-1.5708455446794585
71.680,26.623317188282293,0.1976110686899328,-1.570845542520888
71.712,26.622224492703413,0.19761106869008427,-1.5708455399606416
71.744,26.621131796411913,0.19761106869016407,-1.5708455370621517
71.776,26.62003909942056,0.19761106869016207,-1.5708455338973697
71.808,26.618946401759928,0.1976110686900759,-1.5708455305451148
71.840,26.617853703477635,0.19761106868991166,-1.570845527089247
71.872,26.6167610046371,0.19761106868968303,-1.570845523616662
71.904,26.61566830531595,0.19761106868941028,-1.5708455202151994
71.936,26.61457560560401,0.19761106868911854,-1.5708455169714457
71.968,26.613482905601064,0.19761106868883457,-1.5708455139685316
72.000,26.612390205414282,0.1976110686885845,-1.5708455112839532
72.032,26.61129750515549,0.1976110686883915,-1.5708455089874909
72.064,26.610204804938352,0.19761106868827352,-1.5708455071392793
72.096,26.609112104875447,0.19761106868824052,-1.5708455057881052
72.128,26.60801940507544,0.19761106868829473,-1.57084550496999
72.160,26.606926705640287,0.1976110686884302,-1.5708455047071026
72.192,26.605834006662683,0.19761106868863304,-1.5708455050070607
72.224,26.604741308223673,0.19761106868888229,-1.5708455058626427
72.256,26.603648610390607,0.19761106868915385,-1.5708455072519278
72.288,26.60255591321544,0.19761106868942116,-1.570845509138872
72.320,26.60146321673339,0.19761106868965864,-1.5708455114742965
72.352,26.60037052096206,0.19761106868984407,-1.570845514197258
72.384,26.599277825900987,0.19761106868996067,-1.57084551723675
72.416,26.598185131531636,0.19761106868999903,-1.5708455205136893
72.448,26.5970924378179,0.19761106868995798,-1.5708455239431067
72.480,26.595999744706983,0.19761106868984443,-1.5708455274364692
72.512,26.594907052130768,0.19761106868967246,-1.570845530904063
72.544,26.593814360007528,0.19761106868946227,-1.5708455342573666
72.576,26.592721668244007,0.19761106868923767,-1.5708455374113262
72.608,26.591628976737784,0.19761106868902423,-1.5708455402865031
72.640,26.590536285379898,0.19761106868884568,-1.5708455428110069
72.672,26.589443594057595,0.19761106868872216,-1.570845544922205
72.704,26.588350902657208,0.19761106868866798,-1.570845546568152
72.736,26.587258211067052,0.19761106868869022,-1.5708455477087309
72.768,26.586165519180256,0.19761106868878753,-1.5708455483165034
72.800,26.585072826897502,0.1976110686889504,-1.570845548377243
72.832,26.58398013412953,0.19761106868916278,-1.5708455478901742
72.864,26.582887440799443,0.19761106868940267,-1.570845546867915
72.896,26.581794746844633,0.19761106868964534,-1.5708455453361294
72.928,26.580702052218406,0.197611068689865,-1.570845543332915
72.960,26.579609356891147,0.1976110686900378,-1.570845540907914
72.992,26.578516660851093,0.19761106869014464,-1.570845538121191
73.024,26.577423964104607,0.19761106869017242,-1.5708455350418642
73.056,26.576331266676043,0.1976110686901158,-1.570845531746525
73.088,26.5752385686071,0.1976110686899779,-1.5708455283174718
73.120,26.574145869955785,0.19761106868977,-1.5708455248407616
73.152,26.573053170794893,0.1976110686895104,-1.5708455214041486
73.184,26.571960471210204,0.19761106868922218,-1.5708455180949128
73.216,26.570867771298254,0.19761106868893252,-1.57084551499766
73.248,26.569775071163896,0.19761106868866754,-1.5708455121921225
73.280,26.56868237091764,0.19761106868845218,-1.5708455097510372
73.312,26.567589670672817,0.19761106868830602,-1.5708455077381562
73.344,26.56649697054274,0.19761106868824235,-1.5708455062064577
73.376,26.565404270637757,0.19761106868826628,-1.5708455051966177
73.408,26.56431157106252,0.1976110686883743,-1.570845504735802
73.440,26.563218871913275,0.19761106868855516,-1.5708455048368293
73.472,26.56212617327543,0.19761106868879083,-1.5708455054977304
73.504,26.56103347522141,0.19761106868905742,-1.570845506701737
73.536,26.559940777808766,0.19761106868932926,-1.5708455084177055
73.568,26.558848081078764,0.19761106868957992,-1.5708455106009658
73.600,26.557755385055312,0.19761106868978603,-1.5708455131945518
73.632,26.556662689744357,0.19761106868992837,-1.5708455161308024
73.664,26.555569995133716,0.19761106868999506,-1.5708455193332485
73.696,26.55447730119342,0.19761106868998188,-1.5708455227187426
73.728,26.553384607876442,0.19761106868989264,-1.5708455261997407
73.760,26.552291915119895,0.19761106868973904,-1.5708455296866706
73.792,26.551199222846652,0.19761106868953957,-1.5708455330903257
73.824,26.55010653096727,0.19761106868931716,-1.5708455363241731
73.856,26.54901383938228,0.19761106868909692,-1.5708455393065548
73.888,26.54792114798473,0.19761106868890346,-1.5708455419627039
73.920,26.546828456662883,0.1976110686887588,-1.5708455442265363
73.952,26.54573576530306,0.19761106868867895,-1.570845546042184
73.984,26.544643073792546,0.19761106868867404,-1.5708455473652354
74.016,26.543550382022445,0.1976110686887453,-1.5708455481636927
74.048,26.54245768989048,0.19761106868888637,-1.5708455484186155
74.080,26.54136499730355,0.19761106868908335,-1.5708455481244645
74.112,26.54027230418015,0.19761106868931644,-1.5708455472891467
74.144,26.539179610452422,0.19761106868956088,-1.5708455459337707
74.176,26.538086916067886,0.19761106868979167,-1.5708455440921267
74.208,26.536994220990778,0.1976110686899836,-1.5708455418098919
74.240,26.535901525202963,0.1976110686901157,-1.5708455391435903
74.272,26.534808828704396,0.19761106869017228,-1.570845536159308
74.304,26.533716131513117,0.19761106869014552,-1.570845532931189
74.336,26.532623433664792,0.19761106869003528,-1.570845529539725
74.368,26.531530735211803,0.19761106868985034,-1.5708455260698784
74.400,26.530438036221923,0.19761106868960648,-1.5708455226090436
74.432,26.529345336776565,0.1976110686893255,-1.5708455192449213
74.464,26.528252636968737,0.19761106868903325,-1.5708455160633157
74.496,26.52715993690064,0.19761106868875644,-1.570845513145928
74.528,26.526067236681108,0.19761106868852113,-1.5708455105682047
74.560,26.5249745364228,0.1976110686883487,-1.570845508397291
74.592,26.523881836239358,0.19761106868825476,-1.570845506690163
74.624,26.522789136242515,0.19761106868824768,-1.570845505492002
74.656,26.521696436539248,0.19761106868832684,-1.5708455048348662
74.688,26.52060373722906,0.19761106868848388,-1.5708455047367167
74.720,26.519511038401458,0.19761106868870246,-1.570845505200836
74.752,26.518418340133678,0.19761106868896103,-1.5708455062156634
74.784,26.51732564248873,0.19761106868923406,-1.570845507755063
74.816,26.51623294551377,0.19761106868949518,-1.5708455097790235
74.848,26.515140249238943,0.1976110686897194,-1.5708455122347598
74.880,26.514047553676576,0.19761106868988618,-1.5708455150581917
74.912,26.512954858820898,0.19761106868998052,-1.5708455181757315
74.944,26.511862164648154,0.19761106868999545,-1.570845521506338
74.976,26.510769471117232,0.19761106868993192,-1.5708455249637518
75.008,26.5096767781707,0.1976110686897993,-1.570845528458848
75.040,26.50858408573625,0.1976110686896137,-1.570845531902019
75.072,26.50749139372855,0.19761106868939685,-1.5708455352055277
75.104,26.506398702051403,0.19761106868917286,-1.5708455382857514
75.136,26.505306010600197,0.1976110686889674,-1.5708455410652724
75.168,26.504213319264565,0.1976110686888031,-1.5708455434747461
75.200,26.503120627931192,0.19761106868869874,-1.5708455454545347
75.232,26.50202793648668,0.19761106868866699,-1.5708455469560518
75.264,26.500935244820475,0.1976110686887116,-1.5708455479428218
75.296,26.499842552827637,0.19761106868882916,-1.570845548391234
75.328,26.498749860411543,0.1976110686890085,-1.570845548290991
75.360,26.49765716748634,0.19761106868923128,-1.5708455476452585
75.392,26.496564473979124,0.19761106868947476,-1.5708455464705235
75.424,26.4954717798318,0.19761106868971326,-1.5708455447961691
75.456,26.49437908500257,0.19761106868992154,-1.5708455426637753
75.488,26.49328638946699,0.19761106869007689,-1.5708455401261687
75.520,26.492193693218596,0.19761106869016154,-1.570845537246214
75.552,26.491100996269065,0.19761106869016465,-1.5708455340953924
75.584,26.490008298647915,0.1976110686900833,-1.5708455307521585
75.616,26.488915600401743,0.19761106868992356,-1.5708455273001178
75.648,26.48782290159307,0.1976110686896981,-1.5708455238260448
75.680,26.486730202298695,0.19761106868942752,-1.570845520417781
75.712,26.485637502607787,0.19761106868913608,-1.570845517162053
75.744,26.48454480261958,0.19761106868885084,-1.5708455141422635
75.776,26.483452102440882,0.1976110686885982,-1.5708455114363122
75.808,26.482359402183317,0.19761106868840142,-1.570845509114502
75.840,26.48126670196051,0.19761106868827857,-1.5708455072376037
75.872,26.4801740018852,0.1976110686882402,-1.5708455058551374
75.904,26.479081302066355,0.19761106868828932,-1.5708455050039318
75.936,26.47798860260643,0.19761106868842018,-1.5708455047070178
75.968,26.476895903598745,0.1976110686886194,-1.5708455049729089
76.000,26.475803205125104,0.19761106868886666,-1.5708455057952844
76.032,26.474710507253754,0.1976110686891377,-1.5708455071531016
76.064,26.473617810037613,0.19761106868940603,-1.5708455090111504
76.096,26.472525113512955,0.1976110686896457,-1.5708455113210122
76.128,26.471432417698455,0.1976110686898348,-1.570845514022409
76.160,26.470339722594755,0.19761106868995598,-1.5708455170448914
76.192,26.46924702818442,0.19761106868999914,-1.5708455203098073
76.224,26.468154334432366,0.1976110686899628,-1.5708455237324772
76.256,26.46706164128679,0.19761106868985326,-1.5708455272245172
76.288,26.46596894868045,0.1976110686896841,-1.5708455306962186
76.320,26.46487625653239,0.1976110686894756,-1.5708455340589178
76.352,26.463783564749985,0.1976110686892512,-1.57084553722729
76.384,26.462690873231303,0.19761106868903627,-1.5708455401214987
76.416,26.461598181867704,0.1976110686888551,-1.5708455426691452
76.448,26.460505490546574,0.1976110686887279,-1.5708455448069942
76.480,26.459412799154226,0.19761106868866937,-1.5708455464824125
76.512,26.458320107578768,0.1976110686886869,-1.5708455476545427
76.544,26.457227415712964,0.19761106868877978,-1.5708455482951555
76.576,26.45613472345695,0.19761106868893913,-1.570845548389217
76.608,26.45504203072081,0.1976110686891489,-1.5708455479351329
76.640,26.453949337426824,0.19761106868938785,-1.5708455469447167
76.672,26.45285664351148,0.19761106868963121,-1.5708455454428583
76.704,26.45176394892707,0.19761106868985298,-1.5708455434669213
76.736,26.450671253642916,0.1976110686900292,-1.5708455410658793
76.768,26.449578557646163,0.19761106869014056,-1.570845538299202
76.800,26.44848586094208,0.19761106869017322,-1.5708455352354997
76.832,26.447393163553937,0.19761106869012166,-1.570845531950962
76.864,26.446300465522416,0.19761106868998835,-1.5708455285275926
76.896,26.445207766904563,0.19761106868978393,-1.5708455250512803
76.928,26.444115067772334,0.19761106868952696,-1.5708455216097355
76.960,26.443022368210773,0.19761106868923994,-1.5708455182903307
76.992,26.441929668315836,0.19761106868894934,-1.5708455151778962
77.024,26.44083696819195,0.19761106868868214,-1.5708455123525225
77.056,26.43974426794935,0.19761106868846318,-1.5708455098874277
77.088,26.438651567701296,0.19761106868831266,-1.570845507846962
77.120,26.43755886756116,0.1976110686882436,-1.570845506284804
77.152,26.436466167639573,0.19761106868826206,-1.5708455052424122
77.184,26.4353734680416,0.19761106868836537,-1.5708455047478007
77.216,26.43428076886407,0.1976110686885422,-1.5708455048146723
77.248,26.43318807019311,0.1976110686887753,-1.5708455054419608
77.280,26.432095372101983,0.19761106868904074,-1.570845506613787
77.312,26.431002674649203,0.19761106868931314,-1.5708455082998602
77.344,26.42990997787705,0.19761106868956593,-1.5708455104562962
77.376,26.428817281810502,0.19761106868977527,-1.5708455130268342
77.408,26.427724586456602,0.19761106868992173,-1.5708455159444084
77.440,26.426631891804274,0.19761106868999329,-1.5708455191330282
77.472,26.4255391978246,0.19761106868998476,-1.5708455225098836
77.504,26.424446504471558,0.19761106868989992,-1.5708455259876317
77.536,26.423353811683192,0.19761106868974962,-1.5708455294767592
77.568,26.42226111938317,0.19761106868955255,-1.5708455328879647
77.600,26.42116842748274,0.197611068689331,-1.570845536134491
77.632,26.42007573588298,0.19761106868910985,-1.5708455391343248
77.664,26.418983044477304,0.19761106868891398,-1.5708455418122291
77.696,26.41789035315419,0.1976110686887657,-1.570845544101547
77.728,26.41679766179999,0.1976110686886818,-1.5708455459457504
77.760,26.415704970301853,0.197611068688672,-1.5708455472997043
77.792,26.414612278550575,0.1976110686887387,-1.570845548130637
77.824,26.41351958644339,0.19761106868887615,-1.5708455484188042
77.856,26.412426893886582,0.19761106868907038,-1.5708455481578494
77.888,26.411334200797874,0.1976110686893019,-1.57084554735487
77.920,26.41024150710853,0.19761106868954675,-1.570845546030185
77.952,26.40914881276509,0.19761106868977898,-1.570845544216834
77.984,26.408056117730755,0.19761106868997372,-1.570845541959804
78.016,26.4069634219863,0.1976110686901098,-1.5708455393149932
78.048,26.40587072553058,0.19761106869017128,-1.57084553634795
78.080,26.404778028380544,0.19761106869014944,-1.570845533132376
78.112,26.40368533057081,0.19761106869004436,-1.570845529748432
78.144,26.40259263215279,0.1976110686898635,-1.570845526280863
78.176,26.401499933193353,0.19761106868962272,-1.5708455228169784
78.208,26.40040723377316,0.19761106868934314,-1.5708455194445203
78.240,26.399314533984565,0.19761106868905096,-1.5708455162494703
78.272,26.398221833929295,0.19761106868877248,-1.5708455133138444
78.304,26.39712913371585,0.19761106868853395,-1.5708455107135246
78.336,26.396036433456743,0.19761106868835696,-1.5708455085162152
78.368,26.39494373326564,0.19761106868825803,-1.570845506779558
78.400,26.393851033254464,0.19761106868824563,-1.5708455055494894
78.432,26.39275833353057,0.19761106868831974,-1.5708455048588965
78.464,26.39166563419398,0.19761106868847236,-1.570845504726617
78.496,26.39057293533488,0.19761106868868783,-1.5708455051568304
78.528,26.389480237031307,0.19761106868894474,-1.5708455061388706
78.560,26.388387539347182,0.19761106868921754,-1.5708455076474723
78.592,26.38729484233066,0.19761106868948014,-1.570845509643437
78.624,26.386202146012945,0.1976110686897071,-1.570845512074716
78.656,26.38510945040746,0.1976110686898777,-1.5708455148778655
78.688,26.384016755509517,0.19761106868997674,-1.5708455179798193
78.720,26.382924061296464,0.19761106868999653,-1.5708455212999237
78.752,26.3818313677282,0.1976110686899378,-1.570845524752171
78.784,26.380738674748248,0.19761106868980904,-1.570845528247541
78.816,26.37964598228515,0.19761106868962627,-1.5708455316963883
78.848,26.37855329025431,0.19761106868941047,-1.570845535010797
78.880,26.377460598560123,0.19761106868918646,-1.5708455381068336
78.912,26.37636790709841,0.19761106868897896,-1.570845540906647
78.944,26.37527521575907,0.1976110686888116,-1.5708455433403585
78.976,26.374182524428893,0.19761106868870315,-1.5708455453476968
79.008,26.373089832994403,0.1976110686886666,-1.5708455468793745
79.040,26.371997141344785,0.19761106868870654,-1.5708455478981556
79.072,26.370904449374684,0.19761106868882003,-1.570845548379634
79.104,26.369811756986905,0.1976110686889962,-1.5708455483126982
79.136,26.368719064094872,0.197611068689217,-1.5708455476996992
79.168,26.367626370624837,0.1976110686894599,-1.570845546556324
79.200,26.36653367651777,0.19761106868969955,-1.5708455449111933
79.232,26.365440981730842,0.19761106868991038,-1.5708455428051726
79.264,26.364348286238542,0.19761106869006934,-1.5708455402904358
79.296,26.3632555900333,0.19761106869015854,-1.570845537429279
79.328,26.362162893125703,0.19761106869016662,-1.5708455342927063
79.360,26.361070195544198,0.19761106869009062,-1.5708455309587992
79.392,26.359977497334384,0.19761106868993517,-1.5708455275109041
79.424,26.358884798557845,0.19761106868971326,-1.5708455240356658
79.456,26.357792099290585,0.19761106868944478,-1.570845520620922
79.488,26.356699399621068,0.19761106868915398,-1.5708455173535276
79.520,26.355606699648,0.19761106868886763,-1.5708455143171502
79.552,26.354513999477795,0.19761106868861222,-1.570845511590085
79.584,26.353421299221875,0.1976110686884113,-1.570845509243153
79.616,26.352328598993815,0.19761106868828365,-1.570845507337752
79.648,26.351235898906495,0.1976110686882401,-1.570845505924129
79.680,26.3501431990692,0.19761106868828401,-1.570845505039916
79.712,26.349050499584845,0.19761106868841027,-1.5708455047090073
79.744,26.347957800547373,0.19761106868860578,-1.5708455049408097
79.776,26.34686510203936,0.19761106868885103,-1.5708455057298998
79.808,26.345772404129917,0.19761106868912118,-1.57084550705612
79.840,26.344679706872938,0.1976110686893903,-1.5708455088850934
79.872,26.343587010305736,0.19761106868963257,-1.5708455111691686
79.904,26.342494314448075,0.19761106868982511,-1.5708455138487425
79.936,26.341401619301692,0.1976110686899509,-1.5708455168539275
79.968,26.340308924850234,0.19761106868999914,-1.5708455201065066
80.000,26.339216231059677,0.19761106868996728,-1.5708455235221033
80.032,26.338123537879188,0.19761106868986184,-1.5708455270124893
80.064,26.33703084524242,0.1976110686896959,-1.57084553048797
80.096,26.335938153069197,0.1976110686894889,-1.5708455338597516
80.128,26.334845461267534,0.1976110686892648,-1.570845537042245
80.160,26.333752769735998,0.19761106868904857,-1.5708455399552206
80.192,26.332660078366263,0.19761106868886477,-1.5708455425257781
80.224,26.33156738704589,0.19761106868873388,-1.570845544690081
80.256,26.33047469566117,0.197611068688671,-1.5708455463948203
80.288,26.329382004100015,0.19761106868868386,-1.570845547598396
80.320,26.328289312254835,0.19761106868877223,-1.5708455482717965
80.352,26.327196620025244,0.1976110686889278,-1.5708455483991712
80.384,26.32610392732065,0.19761106868913522,-1.5708455479781163
80.416,26.32501123406253,0.19761106868937325,-1.5708455470196354
80.448,26.323918540186465,0.19761106868961714,-1.5708455455478403
80.480,26.322825845643756,0.19761106868984082,-1.5708455435993602
80.512,26.321733150402665,0.19761106869002046,-1.570845541222496
80.544,26.320640454449233,0.19761106869013617,-1.5708455384761164
80.576,26.31954775778764,0.19761106869017372,-1.57084553542832
80.608,26.318455060440073,0.1976110686901274,-1.5708455321548862
80.640,26.31736236244618,0.19761106868999878,-1.570845528737517
80.672,26.316269663862048,0.19761106868979836,-1.5708455252619258
80.704,26.3151769647588,0.1976110686895437,-1.5708455218157706
80.736,26.31408426522072,0.19761106868925768,-1.5708455184865084
80.768,26.312991565343182,0.1976110686889666,-1.5708455153591883
80.800,26.311898865230173,0.19761106868869724,-1.5708455125142466
80.832,26.310806164991657,0.19761106868847483,-1.5708455100253795
80.864,26.309713464740778,0.19761106868831946,-1.570845507957527
80.896,26.308620764590998,0.19761106868824538,-1.5708455063650606
80.928,26.307528064653194,0.19761106868825856,-1.5708455052902197
80.960,26.306435365032836,0.19761106868835698,-1.5708455047618612
80.992,26.30534266582733,0.19761106868852993,-1.570845504794574
81.024,26.30424996712353,0.19761106868875977,-1.570845505388192
81.056,26.30315726899552,0.19761106868902414,-1.5708455065277265
81.088,26.302064571502754,0.19761106868929676,-1.5708455081837422
81.120,26.30097187468854,0.1976110686895515,-1.5708455103131482
81.152,26.299879178578927,0.19761106868976386,-1.5708455128603909
81.184,26.298786483182045,0.19761106868991474,-1.5708455157590122
81.216,26.297693788487923,0.19761106868999098,-1.5708455189334998
81.248,26.296601094468702,0.19761106868998735,-1.5708455223013968
81.280,26.29550840107937,0.19761106868990674,-1.570845525775567
81.312,26.294415708258896,0.19761106868976028,-1.5708455292665595
81.344,26.29332301593177,0.19761106868956538,-1.5708455326849964
81.376,26.29223032400993,0.19761106868934455,-1.5708455359438993
81.408,26.291137632395007,0.19761106868912268,-1.5708455389609084
81.440,26.290044940980792,0.1976110686889248,-1.5708455416603215
81.472,26.288952249655992,0.19761106868877307,-1.5708455439749147
81.504,26.287859558307005,0.19761106868868475,-1.570845545847508
81.536,26.286766866820845,0.19761106868867057,-1.5708455472322447
81.568,26.285674175088005,0.19761106868873277,-1.570845548095582
81.600,26.28458148300526,0.19761106868886588,-1.570845548416972
81.632,26.28348879047827,0.19761106868905728,-1.5708455481892407
81.664,26.282396097423998,0.1976110686892872,-1.5708455474186729
81.696,26.281303403772846,0.19761106868953177,-1.5708455461247997
81.728,26.28021070947037,0.19761106868976552,-1.5708455443399103
81.760,26.27911801447874,0.19761106868996334,-1.5708455421082903
81.792,26.278025318777644,0.19761106869010372,-1.5708455394852117
81.824,26.27693262236483,0.19761106869016995,-1.570845536535679
81.856,26.27583992525616,0.19761106869015338,-1.5708455333329456
81.888,26.274747227485214,0.19761106869005315,-1.5708455299568325
81.920,26.273654529102405,0.1976110686898765,-1.5708455264918633
81.952,26.272561830173718,0.19761106868963868,-1.5708455230252496
81.984,26.27146913077902,0.1976110686893607,-1.5708455196447715
82.016,26.270376431010035,0.19761106868906844,-1.57084551643658
82.048,26.269283730967988,0.19761106868878855,-1.5708455134829933
82.080,26.268191030761045,0.19761106868854686,-1.5708455108603272
82.112,26.267098330501558,0.19761106868836573,-1.5708455086368347
82.144,26.266005630303205,0.1976110686882616,-1.5708455068708183
82.176,26.264912930278097,0.19761106868824377,-1.5708455056089647
82.208,26.263820230533938,0.19761106868831285,-1.5708455048849856
82.240,26.263327740721195,0.19761107102332823,-1.5720466601682928
82.272,26.26308896821339,0.1976109497215762,-1.5729259532302406
82.304,26.263086201365116,0.19761081962997318,-1.5734876395179878
82.336,26.263304113762512,0.19761071824543933,-1.5738506167803803
82.368,26.26369562703788,0.19761078526975465,-1.573568203412611
82.400,26.264171838463742,0.19761092516222406,-1.573098358452024
82.432,26.264689258654908,0.19761105823225342,-1.5726964341191043
82.464,26.265245266574183,0.1976111920651074,-1.5723694281494305
82.496,26.26584699425196,0.1976113237124521,-1.5721521221353782
82.528,26.266484403476262,0.19761148176647975,-1.5719136493650152
82.560,26.267117624185975,0.19761166128066043,-1.5717802188883239
82.592,26.267314115211356,0.19761185090391095,-1.571627830009482
82.624,26.267066907417078,0.19761205972944879,-1.5715174314339857
82.656,26.266395520373628,0.19761227233411877,-1.5714044230573474
82.688,26.26531104762855,0.1976124703240735,-1.5713106413670814
82.720,26.26382350133537,0.19761264278467425,-1.5712363845188284
82.752,26.261919018052993,0.19761278915048186,-1.5711307648120831
82.784,26.259613790034987,0.19761290599544598,-1.5710872498913084
82.816,26.25690288737959,0.19761299584494627,-1.5710378867731765
82.848,26.25379850872394,0.19761306122330938,-1.5710132155495853
82.880,26.25030565373532,0.19761310434672283,-1.5709942860960742
82.912,26.2463916775134,0.19761312991167732,-1.570943418197489
82.944,26.242041286654587,0.19761314458929266,-1.5708949771171419
82.976,26.237341252076508,0.19761315984488256,-1.5708578315759936
83.008,26.23244821393985,0.19761318514381518,-1.570773071194069
83.040,26.227309919483137,0.1976132043558158,-1.570694548599541
83.072,26.221912269264404,0.19761323327787453,-1.5706279108779717
83.104,26.21622036008063,0.19761327273711812,-1.5706956455963057
83.136,26.210342508085617,0.19761333361079503,-1.570958731190101
83.168,26.20428724325172,0.19761341342100877,-1.5711987511054306
83.200,26.197958204891123,0.19761354601576517,-1.5711431061131895
83.232,26.191345633480086,0.19761369263561193,-1.5711793843420627
83.264,26.18444556582802,0.197613834504699,-1.5712165511052754
83.296,26.17724404274455,0.19761395996096492,-1.5711762850093012
83.328,26.169731557989635,0.1976140432874026,-1.5711969373855543
83.360,26.16208477793105,0.1976141316346411,-1.5711900922597084
83.392,26.154298406816,0.19761420261015353,-1.5711579084987277
83.424,26.14625883893433,0.19761425303584787,-1.5711156216768907
83.456,26.138018440445496,0.19761430974873792,-1.5710985074811952
83.488,26.12953191558274,0.19761437275220245,-1.5710825828658301
83.520,26.120798596768786,0.19761445436528458,-1.5710795548324006
83.552,26.11181508823742,0.19761455994333174,-1.571088059740919
83.584,26.10263867988071,0.19761469467042608,-1.5711196327866168
83.616,26.087241264508524,0.19761448586605823,-1.5686153842676258
83.648,26.073579600422825,0.19761474992864198,-1.5712566378251722
83.680,26.05768089745686,0.19761437727512193,-1.5691862488419797
83.712,26.041510611615372,0.19761399596401863,-1.569326582600333
83.744,26.025325795638754,0.19761356164273725,-1.5696609108811572
83.776,26.009155388444306,0.19761312877051765,-1.5699426553848734
83.808,25.995409934610713,0.19761292893379218,-1.5726172339417088
83.840,25.979448913682237,0.19761264559666195,-1.5703303571057754
83.872,25.963213621449324,0.19761236677516725,-1.5702233880469187
83.904,25.946947161092062,0.19761212079438703,-1.5703406592109028
83.936,25.930682870787628,0.19761191399820527,-1.570456290960179
83.968,25.91677570745059,0.1976118307578507,-1.5729134132488114
84.000,25.900701852385613,0.19761180902912354,-1.5706156505200146
84.032,25.884355291110108,0.19761169666078895,-1.5704466139985136
84.064,25.867975906393678,0.1976115831210578,-1.5705102071458616
84.096,25.851597125622387,0.19761148485182475,-1.5705849715948004
84.128,25.837678070835672,0.1976114514193096,-1.5728737555692618
84.160,25.821490790036346,0.19761152789813705,-1.5707139263269996
84.192,25.805026245489216,0.1976114802601846,-1.5705332488006687
84.224,25.78852743582652,0.19761141458761045,-1.5705796555364633
84.256,25.772028561284827,0.19761135306525635,-1.5706406749235033
84.288,25.755533294742538,0.19761129971254784,-1.5706912216075
84.320,25.741570114669784,0.19761128385787846,-1.5728276885139167
84.352,25.725269420765546,0.1976113978466934,-1.570810221889524
84.384,25.70868929535953,0.19761137845511684,-1.570619776732644
84.416,25.69207398573504,0.19761133407685816,-1.5706495834176801
84.448,25.67545803577971,0.197611289223649,-1.5706967954413973
84.480,25.65884527695353,0.19761124900603694,-1.5707363249707624
84.512,25.642235421540477,0.1976112145401651,-1.5707667101762284
84.544,25.628113407813967,0.19761120422213638,-1.5729219872219353
84.576,25.611699265278197,0.19761133596296523,-1.5708636933518783
84.608,25.595008795727868,0.1976113275659095,-1.5706619275200424
84.640,25.578282929913023,0.1976112921187997,-1.5706827247410984
84.672,25.56155588568583,0.1976112549958987,-1.5707227013261027
84.704,25.5448316818833,0.19761122135603718,-1.5707565968340942
84.736,25.528110129530504,0.19761119235762536,-1.5707826046062974
84.768,25.51384121487618,0.1976111837196768,-1.5729949942804005
84.800,25.4973188286106,0.19761131958409295,-1.5708810654962777
84.832,25.480522750544328,0.1976113145083578,-1.5706746265741944
84.864,25.46369141012312,0.19761128168874886,-1.5706933243803687
84.896,25.446858742709342,0.19761124670775745,-1.5707315997097742
84.928,25.430028792979147,0.19761121478973234,-1.5707641621913966
84.960,25.413201424843937,0.19761118715791873,-1.570789123652062
84.992,25.396376067856938,0.19761116395451447,-1.5708076220520868
85.024,25.381910515389496,0.19761115701444654,-1.5729666973871836
85.056,25.36528139548189,0.1976112853573818,-1.5709113903331788
85.088,25.348387260434546,0.19761128434283498,-1.570706041966129
85.120,25.331458836408437,0.19761125633498772,-1.5707192454493553
85.152,25.31452881806501,0.19761122585588395,-1.570752402380889
85.184,25.297601266379434,0.19761119788223241,-1.5707809412629714
85.216,25.28067609718626,0.19761117357292365,-1.570802797922711
85.248,25.263752789964737,0.19761115309805977,-1.570818894099798
85.280,25.246830875614354,0.197611136225283,-1.5708304087111489
85.312,25.232145275855164,0.19761113197554553,-1.572867666859327
85.344,25.215413733264217,0.19761124748275197,-1.5709477605838584
85.376,25.19842917386005,0.19761125101322252,-1.5707477575123543
85.408,25.181411798135343,0.19761122861511957,-1.5707540585090363
85.440,25.16439267590298,0.1976112032381531,-1.570780490185366
85.472,25.14737572852032,0.1976111796302579,-1.5708036060536887
85.504,25.130360964688222,0.19761115894633285,-1.5708211823763034
85.536,25.11334791496274,0.1976111414244387,-1.5708338718307506
85.568,25.09633614849911,0.19761112692764143,-1.5708426426682807
85.600,25.08156050639627,0.19761112389365904,-1.5728601681086507
85.632,25.064748342451534,0.197611234894743,-1.5709634429442723
85.664,25.04768452221956,0.19761123910500675,-1.5707632003461354
85.696,25.030587981706333,0.19761121810019805,-1.57076692838043
85.728,25.013489594786886,0.19761119425239482,-1.5707909441273993
85.760,24.996393213142223,0.19761117213058368,-1.5708120043354394
85.792,24.979298916654813,0.19761115280013153,-1.5708278668838331
85.824,24.962206264271444,0.1976111364545632,-1.5708391151750485
85.856,24.94511484573044,0.1976111229467296,-1.5708466676366692
85.888,24.928024336136378,0.19761111196640851,-1.5708513800974502
85.920,24.913174411051816,0.19761111033259326,-1.572847614232921
85.952,24.8962919740406,0.19761121853979152,-1.5709735247372694
85.984,24.879158596223096,0.19761122380749432,-1.5707726418118537
86.016,24.861992480418426,0.19761120465102014,-1.5707738023214222
86.048,24.844824358205884,0.19761118286089013,-1.5707956784724875
86.080,24.827658017568677,0.1976111627311759,-1.5708151339299095
86.112,24.81049359796304,0.19761114518510947,-1.570829849398557
86.144,24.79333074481141,0.19761113035811634,-1.5708403078602693
86.176,24.77616907728852,0.19761111809845153,-1.5708473307495947
86.208,24.759008338714462,0.19761110812178942,-1.570851719676219
86.240,24.744089694379316,0.197611107091594,-1.5728271763205137
86.272,24.72714460787664,0.19761121084271574,-1.570981865138477
86.304,24.70994954416826,0.19761121620058344,-1.5707819844029012
86.336,24.692721897666665,0.19761119782533304,-1.5707818059086995
86.368,24.675492186359442,0.19761117697550953,-1.570802419941675
86.400,24.65826418246582,0.19761115779140842,-1.570820893999993
86.432,24.64103800381046,0.1976111411182297,-1.5708348680988249
86.464,24.623813342657964,0.1976111270553918,-1.5708447840062085
86.496,24.606589848939354,0.19761111543993412,-1.5708514117498407
86.528,24.589367273655174,0.1976111059928811,-1.5708555099652373
86.560,24.572145408656684,0.19761109839207075,-1.5708577241902817
86.592,24.557164763681616,0.19761109824951087,-1.5728049971490778
86.624,24.54016476909473,0.19761119917863157,-1.5709941995459504
86.656,24.522915755142705,0.19761120522803327,-1.5707948966497889
86.688,24.50563425498639,0.19761118815261094,-1.570792710916711
86.720,24.488350584656068,0.19761116874235882,-1.570811552018921
86.752,24.471068511494657,0.1976111509541808,-1.5708286570046128
86.784,24.453788172852455,0.19761113553873905,-1.5708415762333143
86.816,24.436509267648113,0.19761112255650123,-1.5708506535330273
86.848,24.419231494641082,0.19761111184063568,-1.5708565943159591
86.880,24.401954604590046,0.1976111031258606,-1.5708600922729374
86.912,24.384678398783123,0.1976110961132729,-1.57086175864189
86.944,24.369574957265463,0.1976110966977645,-1.5727206026775868
86.976,24.352519151098548,0.19761118817579643,-1.571020494553386
87.008,24.33522101687879,0.19761119481348835,-1.5708252853940143
87.040,24.317891317314217,0.19761117928412905,-1.5708184580564888
87.072,24.300559479050424,0.19761116138450535,-1.5708326454867503
87.104,24.28322916194225,0.19761114493601095,-1.5708458160077958
87.136,24.265900505047323,0.19761113066787725,-1.570855453869987
87.168,24.248573221842594,0.19761111864568223,-1.570861780602659
87.200,24.231247024871656,0.19761110871869017,-1.5708654015935273
87.232,24.21392167623372,0.1976111006429371,-1.5708669353783067
87.264,24.196596986196152,0.19761109414243386,-1.5708669374041775
87.296,24.18137816207444,0.19761109525834875,-1.5726252097566333
87.328,24.16427209912984,0.19761117815409485,-1.571050458834512
87.360,24.14693018982455,0.19761118533418848,-1.5708587311637752
87.392,24.129557616801375,0.19761117123882863,-1.5708461936098481
87.424,24.112182938195577,0.19761115473308788,-1.5708549358836033
87.456,24.094809709328324,0.19761113951143386,-1.5708636410360794
87.488,24.077438070487005,0.19761112628508495,-1.5708696842973398
87.520,24.060067748855566,0.19761111512727672,-1.5708731279648394
87.552,24.04269846999017,0.19761110590516648,-1.5708744450881282
87.584,24.02533000669144,0.1976110983970542,-1.5708741500133827
87.616,24.00796217769271,0.1976110923499585,-1.570872715855122
87.648,23.99059484019374,0.19761108751449338,-1.5708705480687588
87.680,23.973227882534772,0.1976110836644306,-1.570867976592283
87.712,23.957902317901162,0.1976110854898687,-1.5725083874714787
87.744,23.940751674848986,0.19761116316382654,-1.571078911056895
87.776,23.923371327597113,0.19761117193483868,-1.5708916172871639
87.808,23.90596105884038,0.19761116002468862,-1.5708735071500677
87.840,23.888548640984308,0.19761114555311401,-1.5708772093407246
87.872,23.871137549057735,0.1976111320884359,-1.5708820299232782
87.904,23.853727938476954,0.197611120328341,-1.570885127805661
87.936,23.836319559838962,0.1976111103685328,-1.5708863274189164
87.968,23.81891215875275,0.1976111021121549,-1.5708859146914773
88.000,23.801505523858694,0.197611095376427,-1.570884263591227
88.032,23.784099486124695,0.19761108994472495,-1.570881743036264
88.064,23.766693912093814,0.19761108559902163,-1.5708786813297375
88.096,23.749288697180795,0.19761108213886158,-1.57087535125524
88.128,23.731883759885132,0.19761107939036865,-1.5708719662899375
88.160,23.716456971955846,0.19761108173106573,-1.5723792167446424
88.192,23.69926619987314,0.1976111531428085,-1.5711190092935723
88.224,23.68185164824126,0.19761116264549722,-1.5709362597978787
88.256,23.66440794507635,0.19761115216895167,-1.5709113239317483
88.288,23.64696209947769,0.19761113906982097,-1.5709086058439217
88.320,23.629517498332778,0.19761112680817686,-1.570908119035747
88.352,23.612074302132346,0.19761111606859466,-1.5709068372779162
88.384,23.594632276691463,0.19761110695629464,-1.5709043755662233
88.416,23.577191181484807,0.19761109939247637,-1.5709008582933774
88.448,23.559750816422365,0.19761109321570433,-1.5708965413147196
88.480,23.54231102135691,0.19761108823098436,-1.5708917084274547
88.512,23.524871669723833,0.19761108424042512,-1.5708866269679178
88.544,23.507432662215546,0.1976110810613039,-1.5708815261448659
88.576,23.48999392132482,0.19761107853476645,-1.5708765882221922
88.608,23.47447160024703,0.19761108120547397,-1.5722285942790815
88.640,23.457244850833437,0.19761114606604818,-1.5711668706897401
88.672,23.439800053263458,0.19761115582843433,-1.5709877844819995
88.704,23.42232689918347,0.19761114636888985,-1.570953893246563
88.736,23.4048516378485,0.19761113427310828,-1.570942941672741
88.768,23.387377564180156,0.1976111228958417,-1.5709357032126245
88.800,23.369904838440586,0.19761111290727382,-1.5709289361291037
88.832,23.35243323720977,0.19761110441799068,-1.570922015100333
88.864,23.334962530358773,0.1976110973619924,-1.5709148735336813
88.896,23.31749252640722,0.19761109159386112,-1.5709076201482046
88.928,23.300023072061634,0.1976110869352535,-1.570900424458149
88.960,23.282554046101033,0.1976110832038834,-1.5708934633067495
88.992,23.26508535331567,0.1976110802306678,-1.5708868924323516
89.024,23.24761691929324,0.19761107786808813,-1.570880832768698
89.056,23.230148686100353,0.19761107599261585,-1.5708753661058663
89.088,23.21268060877208,0.19761107450362916,-1.5708705365035558
89.120,23.197069183128146,0.19761107751199292,-1.5720368835322944
89.152,23.179810795289388,0.19761113759342458,-1.5712150797373607
89.184,23.162339736948415,0.19761114804349325,-1.5710420611533893
89.216,23.144841028057407,0.19761113983881898,-1.5709995407026809
89.248,23.127340215658112,0.19761112891609287,-1.570980808791557
89.280,23.10984051559452,0.19761111854672145,-1.5709673942580138
89.312,23.092342093241303,0.19761110939986373,-1.5709557489519537
89.344,23.074844739182122,0.19761110160246162,-1.5709449388227663
89.376,23.057348235913615,0.19761109510928138,-1.570934658875553
89.408,23.0398524021675,0.19761108979580044,-1.5709248390995199
89.440,23.022357092690793,0.19761108550277387,-1.5709155149962628
89.472,23.004862192510263,0.19761108206442998,-1.570906762165865
89.504,22.9873676112206,0.19761107932549324,-1.5708986590423455
89.536,22.96987327806778,0.19761107714977097,-1.5708912668546235
89.568,22.952379137876527,0.19761107542294779,-1.5708846208272265
89.600,22.934885147740353,0.19761107405188422,-1.5708787285040933
89.632,22.917391274365198,0.19761107296215516,-1.5708735722763492
89.664,22.89989749195706,0.19761107209496576,-1.5708691140841167
89.696,22.88420255760592,0.19761107536867703,-1.571811275364187
89.728,22.866916272260138,0.19761113084413642,-1.5712812396795586
89.760,22.849422424067225,0.19761114170248625,-1.571114187239108
89.792,22.831901575487876,0.1976111344955163,-1.5710600372828747
89.824,22.81437863422988,0.19761112453429533,-1.5710306845931767
89.856,22.79685674168487,0.1976111150020018,-1.5710085117850903
89.888,22.779336066508094,0.19761110655892777,-1.5709896304173456
89.920,22.76181641111706,0.19761109934030702,-1.5709727749953073
89.952,22.74429756887398,0.1976110933151325,-1.5709573917138042
89.984,22.726779367366515,0.19761108837523494,-1.5709432295781707
90.016,22.70926166834203,0.19761108437770838,-1.5709301927778232
90.048,22.691744362274477,0.19761108117181353,-1.5709182609403705
90.080,22.674227362945036,0.1976110786153338,-1.570907441241486
90.112,22.656710602781533,0.1976110765829473,-1.570897740674235
90.144,22.639194029001704,0.1976110749690914,-1.5708891517784171
90.176,22.62167760048086,0.19761107368749903,-1.5708816471337361
90.208,22.604161285238995,0.1976110726690379,-1.570875179245419
90.240,22.586645058442276,0.1976110718589383,-1.5708696834494806
90.272,22.569128900823856,0.19761107121403965,-1.5708650822216716
90.304,22.55335508656077,0.19761107471907774,-1.571529319326754
90.336,22.53604397793509,0.19761112566686118,-1.5713620110683484
90.368,22.518530398098797,0.19761113668617897,-1.571200878900287
90.400,22.500990530118113,0.1976111302214623,-1.5711320533826938
90.432,22.48344860127702,0.19761112098635494,-1.5710896332240403
90.464,22.46590767240412,0.19761111208894228,-1.5710569488643495
90.496,22.44836791169595,0.19761110418438732,-1.5710296531323025
90.528,22.43082913063391,0.19761109741532298,-1.5710060386078026
90.560,22.413291131352597,0.19761109176125288,-1.5709852084137288
90.592,22.395753748723575,0.19761108712522876,-1.5709666491073788
90.624,22.378216850324108,0.19761108337512215,-1.5709500619816643
90.656,22.360680331210023,0.19761108036989172,-1.5709352670244543
90.688,22.343144108711822,0.19761107797567218,-1.570922143179299
90.720,22.32560811796958,0.19761107607412967,-1.5709105922313613
90.752,22.308072308245478,0.19761107456545993,-1.570900518739565
90.784,22.290536639934032,0.1976110733681129,-1.5708918206086915
90.816,22.273001082166953,0.19761107241682868,-1.5708843863775603
90.848,22.25546561091049,0.19761107166003125,-1.5708780964309264
90.880,22.237930207463105,0.19761107105720924,-1.5708728262091163
90.912,22.22039485727429,0.1976110705765848,-1.5708684501402135
90.944,22.202859549019106,0.19761107019318302,-1.5708648454978449
90.976,22.18532427387509,0.19761106988730123,-1.57086189573036
91.008,22.16947697475407,0.1976110735664979,-1.5711720519228258
91.040,22.15214446039531,0.19761112079370344,-1.571470572692357
91.072,22.134614221796276,0.19761113199967337,-1.5713170429880692
91.104,22.11705830170014,0.19761112624609523,-1.5712297501209376
91.136,22.099500338861127,0.19761111771232573,-1.571170725122565
91.168,22.08194332481817,0.19761110943103116,-1.5711243887187558
91.200,22.064387429161275,0.19761110204857418,-1.5710858239840997
91.232,22.04683247283503,0.19761109571193833,-1.5710527995968764
91.264,22.02927826686796,0.19761109040949282,-1.5710240261576611
91.296,22.011724653451616,0.19761108605515057,-1.570998702114256
91.328,21.994171505988568,0.19761108252815215,-1.5709763169297766
91.360,21.976618724090336,0.1976110796983061,-1.570956533436704
91.392,21.959066228601287,0.19761107744144485,-1.5709391122620675
91.424,21.94151395733813,0.1976110756474826,-1.5709238643299235
91.456,21.923961861578203,0.19761107422335583,-1.5709106227255798
91.488,21.9064099032164,0.19761107309285061,-1.570899227613086
91.520,21.88885805248981,0.19761107219481894,-1.5708895195891979
91.552,21.871306286171023,0.1976110714807936,-1.5708813381629265
91.584,21.853754586141257,0.197611070912579,-1.5708745230568262
91.616,21.836202938267817,0.19761107046011236,-1.5708689167866652
91.648,21.81865133152332,0.19761107009969187,-1.570864367538426
91.680,21.801099757296292,0.197611069812572,-1.5708607317660408
91.712,21.783548208852707,0.1976110695838752,-1.5708578762157208
91.744,21.765996680916462,0.19761106940175782,-1.5708556792716513
91.776,21.74844516934318,0.197611069256771,-1.570854031637206
91.808,21.732528681497097,0.19761107313385462,-1.5706958304068397
91.840,21.71517752476146,0.19761111686411212,-1.5716100505195716
91.872,21.697633268902358,0.1976111280978165,-1.571465347958998
91.904,21.68006396951731,0.19761112288203952,-1.5713533740658934
91.936,21.662492656827087,0.19761111489305688,-1.5712725476159102
91.968,21.644922250564257,0.19761110709785876,-1.571208618796405
92.000,21.62735291958973,0.19761110013563926,-1.571155872163089
92.032,21.60978449263406,0.19761109415604167,-1.5711113460377777
92.064,21.59221678834237,0.19761108915271627,-1.5710731912408074
92.096,21.574649655272278,0.19761108504598832,-1.5710401810605161
92.128,21.557082971949168,0.1976110817218955,-1.5710114785057658
92.160,21.539516642028072,0.1976110790568941,-1.5709864914995295
92.192,21.521950589495642,0.1976110769329719,-1.5709647776765563
92.224,21.504384754574904,0.19761107524552748,-1.5709459830199606
92.256,21.486819090359177,0.1976110739062588,-1.5709298041161595
92.288,21.469253560093467,0.19761107284301002,-1.5709159665285433
92.320,21.451688135003067,0.1976110719980461,-1.5709042137562037
92.352,21.43412279257206,0.19761107132573824,-1.5708943027793882
92.384,21.416557515185147,0.19761107079022902,-1.570886003384053
92.416,21.39899228905954,0.19761107036335993,-1.5708790993634654
92.448,21.38142710340665,0.1976110700229647,-1.5708733903672765
92.480,21.36386194977524,0.19761106975152085,-1.5708686936562173
92.512,21.34629682153743,0.1976110695351144,-1.5708648453634053
92.544,21.32873171348711,0.19761106936265366,-1.5708617010947208
92.576,21.31116662152666,0.1976110692252722,-1.5708591358507258
92.608,21.293601542423062,0.1976110691158724,-1.5708570433402305
92.640,21.276036473618245,0.19761106902877262,-1.570855334801866
92.672,21.258471413081875,0.1976110689594288,-1.570853937466399
92.704,21.24249026651583,0.19761107294245833,-1.570047255918195
92.736,21.225123263314707,0.19761111368127549,-1.5718149660629626
92.768,21.207567524387436,0.19761112486639779,-1.5716798626232757
92.800,21.189987332016123,0.1976111200915055,-1.5715316846268423
92.832,21.172405154205986,0.19761111256601557,-1.5714187955575565
92.864,21.154823844443058,0.19761110518686512,-1.571328659784684
92.896,21.137243570955793,0.19761109858168904,-1.5712544544677125
92.928,21.1196641696554,0.19761109290076528,-1.5711922287933653
92.960,21.102085466175502,0.19761108814271275,-1.5711393857472447
92.992,21.084507314879783,0.19761108423480692,-1.571094138569291
93.024,21.066929598934532,0.19761108107061992,-1.5710552268403712
93.056,21.049352225633346,0.19761107853379675,-1.5710217329669147
93.088,21.0317751217734,0.1976110765126425,-1.570992958783336
93.120,21.01419822971978,0.1976110749077969,-1.5709683440492022
93.152,20.996621504177643,0.19761107363513433,-1.570947414563787
93.184,20.98114350020957,0.19761107631436128,-1.5708661241478148
93.216,20.967599749106913,0.19761098514171377,-1.5694887355334575
93.248,20.950447073083154,0.19761123558313712,-1.5737162126635604
93.280,20.932891777149973,0.19761124913374464,-1.5733246904785054
93.312,20.915285160016936,0.19761122982779258,-1.5729017830256133
93.344,20.89767548538514,0.19761120586483602,-1.5725732732670874
93.376,20.880068665363307,0.1976111828529546,-1.5723077664572538
93.408,20.8624648620099,0.1976111622922207,-1.572087382350226
93.440,20.847094345211328,0.19761117173331438,-1.5708127376362964
93.472,20.833615694966625,0.19761106912027013,-1.5669748984732674
93.504,20.816457308371678,0.19761128792543495,-1.5789900855973629
93.536,20.798890964162517,0.19761128691855792,-1.57815003030869
93.568,20.781273677898948,0.197611258365396,-1.5769398065823614
93.600,20.763654062029467,0.197611227498202,-1.5759377095676959
93.632,20.746037943680122,0.1976111993061632,-1.5751129746485928
93.664,20.728425401114965,0.1976111749080859,-1.5744264169521802
93.696,20.710815751528976,0.1976111543930994,-1.5738498456320593
93.728,20.693208364538965,0.1976111374735436,-1.57336270050452
93.760,20.675602806399613,0.19761112370670963,-1.5729496013624025
93.792,20.657998700266536,0.19761111260631214,-1.5725987461289974
93.824,20.640395744895482,0.19761110370870566,-1.5723008769725602
93.856,20.622793701554492,0.19761109660146026,-1.572048505572841
93.888,20.60519238130507,0.19761109093423684,-1.5718353946265087
93.920,20.587591634588517,0.19761108641816272,-1.5716562160422123
93.952,20.569991342952893,0.19761108281949516,-1.5715063309096071
93.984,20.55239141252648,0.1976110799511958,-1.5713816509788276
94.016,20.534791768877085,0.19761107766444208,-1.5712785524662902
94.048,20.517192352961168,0.1976110758410432,-1.5711938216537449
94.080,20.49959311792755,0.1976110743870992,-1.5711246183677983
94.112,20.481994026591487,0.19761107322789856,-1.5710684483547406
94.144,20.46439504943545,0.19761107230389302,-1.5710231391195577
94.176,20.44679616302495,0.19761107156755253,-1.5709868162719431
94.208,20.42919734875218,0.19761107098090924,-1.5709578790686274
94.240,20.4115985918393,0.19761107051362628,-1.5709349748724244
94.272,20.39399988054757,0.197611070141473,-1.5709169728414911
94.304,20.376401205549936,0.19761106984510882,-1.5709029374425938
94.336,20.358802559433318,0.197611069609111,-1.5708921024650884
94.368,20.341203936303998,0.1976110694211912,-1.5708838461697492
94.400,20.323605331474603,0.19761106927156588,-1.570877668095836
94.432,20.306006741216013,0.19761106915244872,-1.570873167909379
94.464,20.28840816256057,0.19761106905764392,-1.5708700265329814
94.496,20.27080959314597,0.19761106898221967,-1.5708679896667344
94.528,20.253211031091404,0.19761106892224717,-1.5708668536983232
94.560,20.2356124748992,0.1976110688745934,-1.5708664539139543
94.592,20.21801392337666,0.19761106883675666,-1.5708666548569932
94.624,20.20041537557399,0.1976110688067359,-1.5708673426409057
94.656,20.182816830734822,0.19761106878292886,-1.570868418995906
94.688,20.16521828825692,0.19761106876405152,-1.5708697968215286
94.720,20.147619747660798,0.19761106874907472,-1.5708713970176655
94.752,20.13002120856478,0.1976110687371742,-1.570873146377039
94.784,20.112422670665037,0.19761106872769213,-1.5708749763365624
94.816,20.09482413371973,0.19761106872010623,-1.5708768224030916
94.848,20.077225597536312,0.19761106871400477,-1.5708786240900081
94.880,20.05962706196143,0.19761106870906686,-1.57088032521973
94.912,20.042028526872862,0.19761106870504508,-1.570881874468623
94.944,20.024429992173122,0.19761106870175207,-1.5708832260477184
94.976,20.006831457784322,0.19761106869904765,-1.5708843404309838
95.008,19.989232923644185,0.19761106869682868,-1.5708851850586014
95.040,19.971634389702793,0.19761106869502,-1.5708857349566694
95.072,19.954035855920107,0.1976110686935655,-1.5708859732279457
95.104,19.936437322263973,0.19761106869242198,-1.5708858913805248
95.136,19.918838788708552,0.1976110686915533,-1.5708854894699789
95.168,19.901240255233112,0.1976110686909264,-1.5708847760427813
95.200,19.883641721821064,0.19761106869050787,-1.5708837678746974
95.232,19.8660431884592,0.1976110686902631,-1.5708824895071851
95.264,19.848444655137097,0.1976110686901549,-1.5708809725902944
95.296,19.830846121846612,0.197611068690145,-1.5708792550484962
95.328,19.813247588581486,0.1976110686901945,-1.5708773800884483
95.360,19.79564905533698,0.19761106869026637,-1.5708753950751178
95.392,19.778050522109616,0.19761106869032777,-1.5708733503028882
95.424,19.76045198889688,0.1976110686903515,-1.5708712976949766
95.456,19.74285345569702,0.19761106869031844,-1.5708692894625247
95.488,19.72525492250884,0.19761106869021844,-1.5708673767583616
95.520,19.707656389331525,0.19761106869005055,-1.570865608359905
95.552,19.6900578561645,0.1976110686898223,-1.570864029414009
95.584,19.672459323007324,0.19761106868955003,-1.570862680276038
95.616,19.654860789859594,0.19761106868925518,-1.5708615954731362
95.648,19.637262256720902,0.19761106868896275,-1.5708608028171727
95.680,19.61966372359079,0.1976110686886989,-1.570860322690281
95.712,19.602065190468757,0.1976110686884869,-1.570860167521198
95.744,19.584466657354266,0.19761106868834638,-1.5708603414656275
95.776,19.566868124246767,0.19761106868828976,-1.570860840297779
95.808,19.549269591145727,0.19761106868832165,-1.570861651516928
95.840,19.531671058050676,0.19761106868843847,-1.5708627546651182
95.872,19.51407252496122,0.19761106868862804,-1.5708641218481254
95.904,19.496473991877057,0.19761106868887146,-1.5708657184458525
95.936,19.478875458797994,0.1976110686891441,-1.5708675039944748
95.968,19.461276925723922,0.19761106868941952,-1.5708694332167858
96.000,19.443678392654817,0.19761106868967046,-1.5708714571754412
96.032,19.426079859590665,0.1976110686898724,-1.570873524518402
96.064,19.408481326531458,0.197611068690006,-1.5708755827861782
96.096,19.390882793477118,0.19761106869005898,-1.5708775797460297
96.128,19.373284260427457,0.1976110686900269,-1.5708794647203792
96.160,19.355685727382152,0.19761106868991415,-1.5708811898755368
96.192,19.338087194340684,0.19761106868973305,-1.5708827114376163
96.224,19.320488661302377,0.19761106868950304,-1.5708839908048324
96.256,19.302890128266355,0.1976110686892478,-1.5708849955288373
96.288,19.285291595231598,0.19761106868899378,-1.5708857001388248
96.320,19.26769306219698,0.19761106868876727,-1.57088608678931
96.352,19.25009452916131,0.19761106868859102,-1.570886145713715
96.384,19.232495996123422,0.19761106868848322,-1.5708858754730612
96.416,19.214897463082217,0.1976110686884546,-1.5708852829932363
96.448,19.197298930036773,0.19761106868850736,-1.5708843833897648
96.480,19.179700396986362,0.19761106868863598,-1.5708831995847574
96.512,19.162101863930523,0.19761106868882647,-1.5708817617252746
96.544,19.14450333086908,0.19761106868905867,-1.5708801064182485
96.576,19.126904797802155,0.19761106868930817,-1.5708782758007889
96.608,19.109306264730147,0.19761106868954867,-1.5708763164694366
96.640,19.09170773165372,0.19761106868975434,-1.5708742782961846
96.672,19.074109198573726,0.19761106868990316,-1.5708722131604111
96.704,19.056510665491164,0.19761106868997907,-1.5708701736294155
96.736,19.038912132407084,0.19761106868997252,-1.5708682116209476
96.768,19.02131359932256,0.19761106868988326,-1.5708663770818752
96.800,19.00371506623858,0.19761106868971895,-1.5708647167166478
96.832,18.98611653315602,0.19761106868949532,-1.570863272798198
96.864,18.96851800007559,0.19761106868923398,-1.5708620820911694
96.896,18.950919466997828,0.19761106868896025,-1.5708611749157122
96.928,18.93332093392308,0.1976110686887016,-1.57086057437503
96.960,18.915722400851525,0.1976110686884836,-1.5708602957672895
96.992,18.89812386778319,0.19761106868832784,-1.5708603461958577
97.024,18.880525334718023,0.19761106868825035,-1.5708607243890655
97.056,18.862926801655885,0.19761106868825895,-1.5708614207327076
97.088,18.84532826859664,0.19761106868835326,-1.5708624175160457
97.120,18.82772973554017,0.19761106868852446,-1.5708636893831505
97.152,18.810131202486424,0.19761106868875591,-1.5708652039796096
97.184,18.792532669435406,0.197611068689025,-1.57086692277683
97.216,18.774934136387195,0.19761106868930584,-1.5708688020533044
97.248,18.757335603341925,0.19761106868957112,-1.5708707940082105
97.280,18.739737070299757,0.19761106868979517,-1.5708728479776575
97.312,18.722138537260832,0.1976110686899568,-1.570874911724199
97.344,18.704540004225247,0.19761106869004083,-1.5708769327653513
97.376,18.68694147119298,0.19761106869004041,-1.570878859708138
97.408,18.66934293816387,0.19761106868995632,-1.570880643555241
97.440,18.65174440513757,0.19761106868979864,-1.570882238950536
97.472,18.634145872113557,0.19761106868958414,-1.5708836053313135
97.504,18.6165473390911,0.1976110686893355,-1.5708847079586836
97.536,18.598948806069316,0.1976110686890785,-1.5708855188001272
97.568,18.581350273047168,0.1976110686888398,-1.5708860172415013
97.600,18.563751740023548,0.19761106868864406,-1.5708861906107447
97.632,18.54615320699734,0.1976110686885107,-1.5708860345001532
97.664,18.528554673967463,0.19761106868845363,-1.5708855528784804
97.696,18.510956140932976,0.19761106868847805,-1.5708847579908474
97.728,18.493357607893117,0.19761106868858122,-1.5708836700481066
97.760,18.475759074847378,0.19761106868875214,-1.5708823167140553
97.792,18.458160541795515,0.19761106868897224,-1.5708807324032004
97.824,18.44056200873758,0.19761106868921866,-1.5708789574065583
97.856,18.42296347567392,0.19761106868946537,-1.570877036868221
97.888,18.405364942605136,0.1976110686896861,-1.5708750196378323
97.920,18.38776640953205,0.19761106868985714,-1.5708729570287474
97.952,18.370167876455636,0.19761106868996017,-1.5708709015127331
97.984,18.352569343376974,0.19761106868998313,-1.5708689053850757
98.016,18.33497081029715,0.19761106868992276,-1.5708670194337389
98.048,18.317372277217217,0.19761106868978368,-1.570865291646317
98.080,18.299773744138115,0.19761106868957892,-1.5708637659881564
98.112,18.282175211060636,0.197611068689328,-1.5708624812826644
98.144,18.264576677985403,0.19761106868905573,-1.570861470222276
98.176,18.246978144912838,0.1976110686887888,-1.570860758535887
98.208,18.229379611843193,0.1976110686885537,-1.5708603643332404
98.240,18.21178107877657,0.19761106868837375,-1.5708602976438897
98.272,18.194182545712945,0.19761106868826733,-1.5708605601618006
98.304,18.176584012652217,0.19761106868824516,-1.5708611452028656
98.336,18.15898547959426,0.19761106868831005,-1.57086203787555
98.368,18.141386946538965,0.19761106868845543,-1.5708632154607927
98.400,18.12378841348625,0.1976110686886681,-1.5708646479910946
98.432,18.106189880436116,0.19761106868892694,-1.5708662990143278
98.464,18.08859134738863,0.19761106868920672,-1.5708681265224644
98.496,18.070992814343914,0.19761106868948067,-1.5708700840210046
98.528,18.053394281302133,0.19761106868972197,-1.570872121712745
98.560,18.03579574826345,0.1976110686899078,-1.5708741877647328
98.592,18.018197215227982,0.1976110686900206,-1.5708762296269652
98.624,18.00059868219577,0.19761106869005038,-1.5708781953686943
98.656,17.9830001491667,0.19761106868999528,-1.5708800349984648
98.688,17.965401616140515,0.19761106868986197,-1.570881701734784
98.720,17.94780308311675,0.19761106868966508,-1.5708831531947167
98.752,17.930204550094754,0.1976110686894256,-1.5708843524706015
98.784,17.912606017073703,0.19761106868916856,-1.570885269067476
98.816,17.895007484052602,0.19761106868892042,-1.570885879677989
98.848,17.877408951030382,0.1976110686887068,-1.5708861687739497
98.880,17.85981041800591,0.19761106868854952,-1.570886129001431
98.912,17.84221188497809,0.19761106868846456,-1.570885761367784
98.944,17.82461335194594,0.19761106868846015,-1.5708850752161083
98.976,17.807014818908616,0.19761106868853628,-1.5708840879890587
99.008,17.789416285865528,0.19761106868868486,-1.5708828247858027
99.040,17.771817752816332,0.19761106868888997,-1.570881317725123
99.072,17.75421921976098,0.19761106868913003,-1.5708796051298382
99.104,17.736620686699716,0.19761106868937955,-1.5708777305532569
99.136,17.71902215363306,0.19761106868961237,-1.5708757416722205
99.168,17.70142362056176,0.19761106868980335,-1.5708736890752149
99.200,17.683825087486753,0.19761106868993206,-1.57087162497584
99.232,17.666226554409082,0.1976110686899845,-1.5708696018845456
99.264,17.648628021329852,0.1976110686899535,-1.5708676712723244
99.296,17.631029488250125,0.19761106868984113,-1.5708658822605266
99.328,17.613430955170895,0.19761106868965747,-1.5708642803702813
99.360,17.595832422093007,0.1976110686894204,-1.570862906362876
99.392,17.578233889017145,0.19761106868915257,-1.570861795201852
99.424,17.560635355943813,0.19761106868888056,-1.5708609751621085
99.456,17.543036822873315,0.1976110686886313,-1.5708604671099842
99.488,17.525438289805813,0.19761106868842948,-1.5708602839714887
99.520,17.507839756741305,0.1976110686882954,-1.5708604304034055
99.552,17.490241223679728,0.19761106868824277,-1.5708609026748594
99.584,17.472642690620955,0.197611068688277,-1.5708616887630507
99.616,17.45504415756487,0.1976110686883951,-1.5708627686598884
99.648,17.437445624511376,0.197611068688586,-1.5708641148823415
99.680,17.41984709146045,0.1976110686888312,-1.57086569317281
99.712,17.40224855841213,0.1976110686891066,-1.570867463371739
99.744,17.38465002536652,0.1976110686893857,-1.5708693804407015
99.776,17.367051492323778,0.1976110686896414,-1.5708713956088247
99.808,17.349452959284076,0.19761106868984943,-1.5708734576141643
99.840,17.33185442624755,0.19761106868998965,-1.5708755140076403
99.872,17.314255893214266,0.19761106869004944,-1.570877512487008
99.904,17.296657360184184,0.19761106869002396,-1.5708794022267383
99.936,17.27905882715709,0.197611068689917,-1.5708811351696872
99.968,17.261460294132597,0.19761106868974065,-1.5708826672483145
100.000,17.243861761110125,0.19761106868951367,-1.570883959504365
100.032,17.2262632280889,0.19761106868925984,-1.570884979078247
100.064,17.20866469506799,0.19761106868900538,-1.5708857000440604
100.096,17.19106616204634,0.19761106868877687,-1.570886104067785
100.128,17.173467629022838,0.19761106868859749,-1.5708861808732444
100.160,17.15586909599637,0.19761106868848544,-1.5708859285035734
100.192,17.13827056296589,0.19761106868845213,-1.5708853533711182
100.224,17.12067202993051,0.19761106868850042,-1.5708844700949265
100.256,17.103073496889554,0.197611068688625,-1.5708833011303955
100.288,17.085474963842564,0.19761106868881237,-1.570881876198962
100.320,17.067876430789408,0.1976110686890428,-1.570880231533663
100.352,17.05027789773022,0.19761106868929218,-1.5708784089586745
100.384,17.03267936466542,0.1976110686895338,-1.5708764548266194
100.416,17.015080831595686,0.19761106868974215,-1.5708744188405974
100.448,16.9974822985219,0.197611068689895,-1.5708723527899173
100.480,16.97988376544507,0.19761106868997566,-1.5708703092330791
100.512,16.962285232366288,0.19761106868997427,-1.5708683401602843
100.544,16.944686699286635,0.19761106868988987,-1.5708664956703446
100.576,16.92708816620714,0.19761106868972986,-1.5708648226950008
100.608,16.909489633128704,0.19761106868950942,-1.570863363803793
100.640,16.891891100052078,0.19761106868924938,-1.5708621561199068
100.672,16.87429256697782,0.1976110686889756,-1.5708612303745046
100.704,16.856694033906315,0.1976110686887153,-1.5708606101238942
100.736,16.839095500837754,0.19761106868849407,-1.5708603111496227
100.768,16.821496967772205,0.19761106868833414,-1.5708603410564503
100.800,16.803898434709616,0.1976110686882517,-1.5708606990789704
100.832,16.78629990164988,0.1976110686882552,-1.5708613761016967
100.864,16.768701368592865,0.1976110686883445,-1.5708623548915972
100.896,16.75110283553847,0.19761106868851144,-1.5708636105378142
100.928,16.733504302486644,0.19761106868873965,-1.5708651110864085
100.960,16.7159057694374,0.19761106868900738,-1.5708668183548147
100.992,16.698307236390825,0.19761106868928838,-1.5708686889043268
101.024,16.68070870334706,0.19761106868955547,-1.5708706751459576
101.056,16.66311017030627,0.19761106868978262,-1.5708727265518652
101.088,16.645511637268612,0.1976110686899487,-1.5708747909411633
101.120,16.62791310423419,0.19761106869003775,-1.5708768158067492
101.152,16.610314571203,0.19761106869004263,-1.5708787496508212
101.184,16.592716038174885,0.19761106868996367,-1.5708805432935165
101.216,16.57511750514954,0.19761106868981,-1.5708821511230655
101.248,16.557518972126434,0.1976110686895983,-1.5708835322544092
101.280,16.539920439104872,0.1976110686893509,-1.5708846515680694
101.312,16.522321906083967,0.19761106868909376,-1.5708854806020192
101.344,16.50472337306271,0.19761106868885342,-1.5708859982746946
101.376,16.487124840039993,0.19761106868865436,-1.5708861914205665
101.408,16.469526307014696,0.1976110686885169,-1.5708860551248396
101.440,16.45192777398575,0.1976110686884548,-1.5708855928485872
101.472,16.434329240952202,0.19761106868847422,-1.5708848163413374
101.504,16.416730707913285,0.19761106868857303,-1.5708837453430784
101.536,16.399132174868463,0.1976110686887399,-1.5708824070834275
101.568,16.38153364181749,0.19761106868895764,-1.5708808355903443
101.600,16.363935108760398,0.19761106868920297,-1.570879070826015
101.632,16.34633657569752,0.19761106868945047,-1.570877157671328
101.664,16.328738042629443,0.19761106868967337,-1.570875144785574
101.696,16.311139509556984,0.19761106868984812,-1.5708730833689044
101.728,16.293540976481108,0.19761106868995573,-1.5708710258604135
101.760,16.275942443402887,0.1976110686899838,-1.570869024604032
101.792,16.258343910323422,0.19761106868992837,-1.5708671305160304
101.824,16.240745377243766,0.1976110686897939,-1.5708653917891755
101.856,16.223146844164866,0.19761106868959238,-1.5708638526654937
101.888,16.205548311087526,0.19761106868934364,-1.5708625523095283
101.920,16.187949778012378,0.1976110686890718,-1.570861523810574
101.952,16.170351244939866,0.19761106868880388,-1.570860793339892
101.984,16.152752711870253,0.19761106868856607,-1.5708603794841238
102.016,16.13515417880364,0.1976110686883823,-1.5708602927718438
102.048,16.117555645740012,0.1976110686882712,-1.570860535405762
102.080,16.09995711267928,0.19761106868824388,-1.5708611012066305
102.112,16.082358579621317,0.19761106868830328,-1.5708619757716167
102.144,16.06476004656601,0.19761106868844427,-1.570863136841467
102.176,16.047161513513277,0.1976110686886533,-1.570864554868119
102.208,16.029562980463115,0.19761106868890982,-1.5708661937676263
102.240,16.011964447415583,0.19761106868918926,-1.570868011839414
102.272,15.994365914370807,0.19761106868946418,-1.5708699628281835
102.304,15.976767381328944,0.19761106868970837,-1.5708719971013634
102.336,15.959168848290165,0.1976110686898982,-1.5708740629122508
102.368,15.941570315254594,0.19761106869001577,-1.5708761077162143
102.400,15.923971782222267,0.19761106869005082,-1.570878079506929
102.432,15.906373249193095,0.1976110686900009,-1.5708799281384764
102.464,15.888774716166816,0.197611068689872,-1.5708816065998354
102.496,15.871176183142992,0.19761106868967845,-1.5708830722094094
102.528,15.853577650120977,0.197611068689441,-1.5708842876993496
102.560,15.835979117099951,0.1976110686891842,-1.5708852221620635
102.592,15.818380584078941,0.1976110686889349,-1.5708858518355862
102.624,15.80078205105687,0.19761106868871856,-1.5708861607069
102.656,15.783183518032615,0.19761106868855746,-1.570886140919032
102.688,15.765584985005075,0.1976110686884675,-1.570885792970828
102.720,15.747986451973254,0.19761106868845799,-1.5708851257047818
102.752,15.730387918936307,0.1976110686885295,-1.5708841560829048
102.784,15.712789385893615,0.1976110686886741,-1.5708829087564533
102.816,15.695190852844828,0.1976110686888763,-1.5708814154401953
102.848,15.677592319789879,0.1976110686891149,-1.5708797141070117
102.880,15.659993786728993,0.19761106868936476,-1.5708778480233299
102.912,15.642395253662672,0.1976110686895993,-1.57087586464963
102.944,15.624796720591657,0.19761106868979372,-1.5708738144339027
102.976,15.60719818751687,0.19761106868992662,-1.5708717495288167
103.008,15.589599654439356,0.19761106868998374,-1.57086972246489
103.040,15.572001121360207,0.1976110686899578,-1.5708677848138273
103.072,15.554402588280505,0.19761106868984998,-1.5708659858758398
103.104,15.536804055201236,0.19761106868967043,-1.5708643714242856
103.136,15.519205522123265,0.19761106868943595,-1.5708629825399267
103.168,15.501606989047284,0.19761106868916925,-1.570861854564781
103.200,15.484008455973804,0.1976110686888968,-1.57086101620165
103.232,15.466409922903146,0.1976110686886454,-1.5708604887829944
103.264,15.448811389835466,0.1976110686884401,-1.5708602857276268
103.296,15.431212856770793,0.19761106868830142,-1.5708604121991534
103.328,15.413614323709055,0.19761106868824369,-1.570860864974692
103.360,15.396015790650129,0.19761106868827263,-1.5708616325274745
103.392,15.378417257593894,0.1976110686883861,-1.5708626953210338
103.424,15.360818724540255,0.1976110686885729,-1.570864026307271
103.456,15.34322019148918,0.1976110686888152,-1.570865591616017
103.488,15.325621658440708,0.19761106868908965,-1.5708673514179325
103.520,15.30802312539494,0.1976110686893693,-1.5708692609387598
103.552,15.290424592352029,0.19761106868962713,-1.5708712715993312
103.584,15.272826059312143,0.1976110686898385,-1.5708733322520332
103.616,15.255227526275426,0.19761106868998324,-1.5708753904819244
103.648,15.237628993241957,0.19761106869004819,-1.570877393939848
103.680,15.220030460211692,0.19761106869002784,-1.5708792916733278
103.712,15.202431927184431,0.1976110686899257,-1.5708810354217864
103.744,15.184833394159801,0.197611068689753,-1.570882580842802
103.776,15.167234861137233,0.1976110686895284,-1.5708838886386476
103.808,15.149636328115964,0.19761106868927547,-1.5708849255546875
103.840,15.132037795095071,0.1976110686890204,-1.5708856652238887
103.872,15.114439262073503,0.1976110686887896,-1.5708860888367853
103.904,15.096840729050147,0.19761106868860667,-1.5708861856192557
103.936,15.07924219602389,0.19761106868849015,-1.5708859531064014
103.968,15.061643662993689,0.19761106868845194,-1.5708853972056671
104.000,15.044045129958636,0.19761106868849523,-1.5708845320471416
104.032,15.026446596918031,0.19761106868861528,-1.5708833796253672
104.064,15.008848063871422,0.19761106868879932,-1.5708819692410665
104.096,14.99124953081864,0.19761106868902786,-1.5708803367570459
104.128,14.97365099775981,0.19761106868927678,-1.5708785236875356
104.160,14.95605246469534,0.1976110686895196,-1.5708765761431975
104.192,14.938453931625887,0.19761106868973088,-1.5708745436591722
104.224,14.92085539855232,0.19761106868988765,-1.5708724779355077
104.256,14.903256865475646,0.19761106868997286,-1.5708704315221076
104.288,14.885658332396952,0.19761106868997652,-1.5708684564816593
104.320,14.868059799317328,0.197611068689897,-1.5708666030645257
104.352,14.850461266237799,0.19761106868974118,-1.57086491842936
104.384,14.83286273315928,0.19761106868952372,-1.5708634454423935
104.416,14.815264200082527,0.19761106868926567,-1.5708622215854326
104.448,14.797665667008117,0.1976110686889921,-1.5708612780011628
104.480,14.780067133936436,0.19761106868873016,-1.5708606386999426
104.512,14.762468600867697,0.19761106868850586,-1.5708603199480917
104.544,14.744870067801967,0.1976110686883416,-1.570860329853726
104.576,14.727271534739202,0.19761106868825415,-1.5708606681604949
104.608,14.709673001679299,0.19761106868825223,-1.5708613262546245
104.640,14.692074468622124,0.19761106868833664,-1.5708622873847162
104.672,14.674475935567575,0.19761106868849934,-1.5708635270891624
104.704,14.656877402515594,0.1976110686887247,-1.5708650138195754
104.736,14.639278869466192,0.19761106868899053,-1.5708667097447582
104.768,14.621680336419452,0.1976110686892715,-1.5708685717143382
104.800,14.604081803375513,0.19761106868954004,-1.5708705523574007
104.832,14.586483270334538,0.19761106868977044,-1.570872601288315
104.864,14.56888473729669,0.1976110686899406,-1.5708746663887878
104.896,14.551286204262071,0.19761106869003467,-1.570876695133456
104.928,14.533687671230687,0.1976110686900446,-1.5708786359255273
104.960,14.516089138202398,0.19761106868997041,-1.5708804394083586
104.992,14.498490605176896,0.1976110686898209,-1.5708820597197608
105.024,14.480892072153676,0.19761106868961237,-1.5708834556572333
105.056,14.463293539132044,0.19761106868936643,-1.5708845917247436
105.088,14.445695006111132,0.19761106868910908,-1.5708854390342553
105.120,14.428096473089926,0.19761106868886685,-1.570885976039591
105.152,14.410497940067334,0.19761106868866457,-1.5708861890837484
105.184,14.39289940704223,0.1976110686885229,-1.5708860727459741
105.216,14.375300874013533,0.197611068688456,-1.5708856299799323
105.248,14.357702340980287,0.19761106868847067,-1.5708848720390054
105.280,14.340103807941711,0.1976110686885646,-1.5708838181910705
105.312,14.32250527489726,0.19761106868872796,-1.5708824952295497
105.344,14.304906741846663,0.1976110686889434,-1.5708809367932648
105.376,14.287308208789938,0.19761106868918812,-1.5708791825120796
105.408,14.2697096757274,0.1976110686894364,-1.5708772770001513
105.440,14.252111142659617,0.1976110686896614,-1.5708752687219525
105.472,14.234512609587396,0.19761106868983963,-1.5708732087602548
105.504,14.2169140765117,0.1976110686899517,-1.5708711495169114
105.536,14.199315543433595,0.19761106868998485,-1.5708691433795932
105.568,14.181717010354175,0.1976110686899344,-1.570867241388653
105.600,14.164118477274503,0.1976110686898043,-1.5708654919378424
105.632,14.146519944195532,0.19761106868960654,-1.5708639395418786
105.664,14.12892141111808,0.19761106868935996,-1.5708626237029029
105.696,14.11132287804279,0.19761106868908881,-1.5708615779042483
105.728,14.093724344970111,0.19761106868881972,-1.5708608287574444
105.760,14.076125811900319,0.19761106868857933,-1.5708603953244702
105.792,14.058527278833525,0.19761106868839176,-1.5708602886320906
105.824,14.040928745769722,0.19761106868827577,-1.5708605113914416
105.856,14.023330212708823,0.197611068688243,-1.5708610579291904
105.888,14.005731679650697,0.19761106868829748,-1.5708619143326412
105.920,13.988133146595231,0.1976110686884338,-1.5708630588046226
105.952,13.970534613542345,0.19761106868863917,-1.5708644622192738
105.984,13.952936080492027,0.19761106868889367,-1.5708660888642798
106.016,13.935337547444332,0.19761106868917222,-1.5708678973506474
106.048,13.917739014399382,0.1976110686894483,-1.5708698416666773
106.080,13.900140481357342,0.19761106868969494,-1.570871872349343
106.112,13.882541948318375,0.1976110686898886,-1.5708739377429635
106.144,13.864943415282607,0.19761106869001102,-1.5708759853132348
106.176,13.847344882250086,0.1976110686900511,-1.57087796298326
106.208,13.829746349220729,0.19761106869000597,-1.570879820457432
106.240,13.812147816194289,0.19761106868988157,-1.570881510499682
106.272,13.794549283170332,0.19761106868969164,-1.5708829901338461
106.304,13.776950750148233,0.19761106868945613,-1.5708842217354013
106.336,13.759352217127175,0.19761106868919978,-1.5708851739871388
106.368,13.741753684106197,0.19761106868894912,-1.5708858226746816
106.400,13.724155151084222,0.19761106868873013,-1.5708861513017125
106.432,13.706556618060132,0.19761106868856484,-1.5708861515088846
106.464,13.688958085032825,0.19761106868847053,-1.5708858232867347
106.496,13.671359552001288,0.19761106868845615,-1.5708851749761856
106.528,13.653761018964671,0.1976110686885228,-1.5708842230572477
106.560,13.636162485922343,0.19761106868866335,-1.5708829917309335
106.592,13.61856395287393,0.19761106868886275,-1.5708815123050124
106.624,13.600965419819353,0.1976110686890999,-1.5708798223988887
106.656,13.583366886758817,0.19761106868934977,-1.5708779649882405
106.688,13.565768353692809,0.19761106868958597,-1.570875987312619
106.720,13.548169820622054,0.19761106868978337,-1.5708739396748783
106.752,13.53057128754747,0.1976110686899207,-1.5708718741618053
106.784,13.512972754470091,0.19761106868998268,-1.5708698433191504
106.816,13.495374221391014,0.1976110686899618,-1.5708678988145335
106.848,13.477775688311315,0.197611068689859,-1.57086609012239
106.880,13.460177155231996,0.19761106868968323,-1.5708644632640856
106.912,13.442578622153926,0.1976110686894514,-1.5708630596360478
106.944,13.42498008907781,0.19761106868918601,-1.5708619149553904
106.976,13.407381556004168,0.197611068688913,-1.5708610583499982
107.008,13.389783022933333,0.19761106868865952,-1.5708605116166543
107.040,13.372184489865475,0.19761106868845088,-1.5708602886657492
107.072,13.354585956800623,0.19761106868830786,-1.5708603951672104
107.104,13.336987423738709,0.19761106868824474,-1.570860828406406
107.136,13.319388890679617,0.1976110686882684,-1.5708615773536738
107.168,13.301790357623222,0.19761106868837688,-1.5708626229459677
107.200,13.284191824569431,0.1976110686885598,-1.5708639385728314
107.232,13.266593291518202,0.1976110686887995,-1.5708654907547321
107.264,13.24899475846957,0.19761106868907255,-1.570867239996082
107.296,13.231396225423635,0.1976110686893526,-1.570869141791094
107.328,13.213797692380547,0.19761106868961262,-1.5708711477569526
107.360,13.196199159340477,0.1976110686898274,-1.5708732068651265
107.392,13.178600626303567,0.19761106868997677,-1.5708752667397154
107.424,13.161002093269902,0.19761106869004663,-1.5708772749894453
107.456,13.143403560239445,0.19761106869003148,-1.5708791805398616
107.488,13.125805027212014,0.19761106868993406,-1.570880934931387
107.520,13.108206494187241,0.19761106868976513,-1.5708824935507795
107.552,13.090607961164569,0.19761106868954317,-1.5708838167647137
107.584,13.073009428143246,0.1976110686892912,-1.5708848709264396
107.616,13.055410895122359,0.19761106868903555,-1.570885629230499
107.648,13.037812362100865,0.1976110686888024,-1.5708860723935707
107.680,13.020213829077653,0.19761106868861605,-1.5708861891444987
107.712,13.002615296051605,0.19761106868849515,-1.57088597651074
107.744,12.98501676302167,0.19761106868845174,-1.5708854398943009
107.776,12.967418229986935,0.19761106868849024,-1.57088459293492
107.808,12.949819696946685,0.19761106868860592,-1.5708834571642751
107.840,12.932221163900447,0.19761106868878672,-1.570882061459517
107.872,12.91462263084804,0.1976110686890131,-1.5708804413100865
107.904,12.89702409778957,0.19761106868926154,-1.5708786379162483
107.936,12.879425564725425,0.1976110686895057,-1.5708766971423627
107.968,12.861827031656254,0.19761106868971934,-1.5708746683510795
108.000,12.844228498582911,0.19761106868988007,-1.5708726031482514
108.032,12.826629965506397,0.19761106868996992,-1.5708705540702779
108.064,12.809031432427796,0.19761106868997866,-1.570868573247433
108.096,12.791432899348198,0.19761106868990416,-1.570866711076958
108.128,12.773834366268634,0.19761106868975278,-1.5708650149401198
108.160,12.756235833190033,0.1976110686895383,-1.5708635279956622
108.192,12.738637300113158,0.1976110686892819,-1.5708622880805132
108.224,12.721038767038593,0.19761106868900855,-1.5708613267460418
108.256,12.70344023396674,0.19761106868874523,-1.570860668454285
108.288,12.68584170089782,0.19761106868851813,-1.5708603299548813
108.320,12.668243167831909,0.1976110686883497,-1.5708603198585163
108.352,12.650644634768968,0.19761106868825723,-1.570860638417933
108.384,12.633046101708896,0.19761106868825,-1.570861277521867
108.416,12.615447568651563,0.1976110686883292,-1.5708622209021517
108.448,12.597849035596857,0.19761106868848755,-1.5708634445487246
108.480,12.580250502544725,0.19761106868870953,-1.5708649173217206
108.512,12.562651969495166,0.19761106868897374,-1.5708666017448347
108.544,12.545053436448264,0.19761106868925443,-1.5708684549601475
108.576,12.527454903404152,0.19761106868952458,-1.570870429819165
108.608,12.509856370362995,0.19761106868975797,-1.5708724760832087
108.640,12.492257837324955,0.1976110686899323,-1.570874541701485
108.672,12.47465930429014,0.19761106869003128,-1.5708765741352293
108.704,12.457060771258561,0.19761106869004652,-1.570878521693612
108.736,12.439462238230094,0.1976110686899772,-1.570880334847711
108.768,12.421863705204435,0.19761106868983183,-1.5708819674892995
108.800,12.404265172181097,0.1976110686896262,-1.5708833781022313
108.832,12.386666639159396,0.19761106868938183,-1.5708845308172863
108.864,12.369068106138467,0.1976110686891244,-1.5708853963230527
108.896,12.351469573117313,0.1976110686888805,-1.57088595261082
108.928,12.333871040094836,0.19761106868867526,-1.5708861855332819
108.960,12.316272507069916,0.1976110686885293,-1.5708860891643135
108.992,12.29867397404147,0.19761106868845776,-1.5708856659499273
109.024,12.281075441008525,0.19761106868846734,-1.5708849266463554
109.056,12.263476907970293,0.19761106868855668,-1.5708838900475104
109.088,12.245878374926209,0.19761106868871647,-1.5708825825081056
109.120,12.228279841875988,0.19761106868892928,-1.5708810372745958
109.152,12.210681308819632,0.1976110686891729,-1.5708792936408893
109.184,12.193082775757432,0.1976110686894214,-1.5708773959501285
109.216,12.17548424268995,0.1976110686896488,-1.5708753924676464
109.248,12.157885709617975,0.19761106868983064,-1.5708733341539323
109.280,12.140287176542461,0.1976110686899471,-1.570871273368589
109.312,12.122688643464471,0.19761106868998532,-1.570869262538374
109.344,12.1050901103851,0.19761106868993986,-1.5708673528228498
109.376,12.087491577305418,0.19761106868981426,-1.5708655928120687
109.408,12.069893044226381,0.19761106868962014,-1.5708640272892793
109.440,12.052294511148819,0.19761106868937592,-1.5708626960906922
109.472,12.034695978073383,0.1976110686891056,-1.5708616330903757
109.504,12.017097445000537,0.19761106868883568,-1.570860865337664
109.536,11.999498911930568,0.19761106868859274,-1.570860412368032
109.568,11.981900378863592,0.19761106868840136,-1.5708602857055296
109.600,11.96430184579961,0.19761106868828054,-1.5708604885695048
109.632,11.94670331273854,0.19761106868824252,-1.570861015792931
109.664,11.929104779680252,0.19761106868829173,-1.5708618539545618
109.696,11.911506246624628,0.19761106868842337,-1.570862981721414
109.728,11.893907713571588,0.19761106868862505,-1.570864370392515
109.760,11.876309180521115,0.19761106868887698,-1.5708659846305575
109.792,11.858710647473263,0.1976110686891551,-1.5708677833620017
109.824,11.841112114428146,0.19761106868943207,-1.570869720823119
109.856,11.823513581385926,0.19761106868968129,-1.5708717477249885
109.888,11.805915048346765,0.19761106868987877,-1.570873812507824
109.920,11.788316515310802,0.19761106869000586,-1.5708758626526262
109.952,11.770717982278088,0.1976110686900511,-1.5708778460167525
109.984,11.753119449248546,0.19761106869001116,-1.5708797121595746
110.016,11.735520916221942,0.1976110686898914,-1.5708814136245013
110.048,11.717922383197852,0.19761106868970466,-1.5708829071447534
110.080,11.70032385017566,0.19761106868947126,-1.5708841547426018
110.112,11.682725317154567,0.19761106868921544,-1.5708851246941415
110.144,11.665126784133614,0.19761106868896383,-1.570885792334974
110.176,11.647528251111735,0.19761106868874206,-1.5708861406868453
110.208,11.629929718087807,0.19761106868857306,-1.5708861608890352
110.240,11.612331185060723,0.19761106868847414,-1.5708858524236646
110.272,11.594732652029473,0.1976110686884547,-1.5708852231293573
110.304,11.577134118993188,0.1976110686885166,-1.5708842890024912
110.336,11.55953558595122,0.1976110686886531,-1.570883073791645
110.368,11.541937052903185,0.19761106868884937,-1.5708816083945778
110.400,11.524338519848978,0.19761106868908498,-1.570879930073847
110.432,11.506739986788793,0.1976110686893348,-1.5708780815101966
110.464,11.489141453723102,0.19761106868957265,-1.5708761097179604
110.496,11.471542920652613,0.19761106868977293,-1.57087406485002
110.528,11.453944387578233,0.19761106868991427,-1.5708719989224647
110.560,11.436345854500994,0.197611068689981,-1.570869964491373
110.592,11.41874732142199,0.19761106868996522,-1.570868013315472
110.624,11.401148788342299,0.19761106868986705,-1.5708661950386211
110.656,11.38355025526293,0.1976110686896954,-1.5708645559260233
110.688,11.365951722184764,0.19761106868946637,-1.5708631376858329
110.720,11.348353189108513,0.1976110686892023,-1.570861976406889
110.752,11.330754656034713,0.1976110686889291,-1.5708611016395762
110.784,11.313156122963704,0.1976110686886738,-1.5708605356427936
110.816,11.295557589895665,0.1976110686884616,-1.5708602928172475
110.848,11.277959056830634,0.19761106868831405,-1.5708603793386677
110.880,11.260360523768547,0.19761106868824596,-1.5708607930008873
110.912,11.24276199070929,0.1976110686882643,-1.5708615232724465
110.944,11.225163457652735,0.197611068688368,-1.5708625515654793
110.976,11.207564924598788,0.19761106868854672,-1.5708638517096107
111.008,11.189966391547406,0.19761106868878364,-1.5708653906191832
111.040,11.173787506876675,0.19761107289672064,-1.5199449588556273
111.072,11.15638274182452,0.19761110677358387,-1.5901575694158199
111.104,11.138802293343046,0.1976111172598027,-1.590421256598456
111.136,11.121198897423538,0.19761111325302494,-1.587149091912992
111.168,11.103593553290976,0.19761110671407348,-1.5843193037401486
111.200,11.08598894666177,0.19761110030162288,-1.5820226146837508
111.232,11.068385250256705,0.1976110945757114,-1.5801496078003927
111.264,11.050782324182128,0.1976110896603666,-1.5786083315038373
111.296,11.033180017002348,0.19761108554763981,-1.5773297912900035
111.328,11.01557820212655,0.19761108217032985,-1.576262415715984
111.360,10.997976777947164,0.1976110794343506,-1.5753673057521387
111.392,10.980375663658586,0.1976110772385674,-1.574614675409312
111.424,10.962774795183817,0.19761107548673912,-1.5739812611681816
111.456,10.94517412176007,0.19761107409366008,-1.5734484762114156
111.488,10.927573603174285,0.19761107298735311,-1.5730011210957815
111.520,10.909973207556442,0.19761107210888026,-1.5726264994034302
111.552,10.892372909631705,0.19761107141093687,-1.5723138204767888
111.584,10.874772689341539,0.19761107085599575,-1.5720538000483837
111.616,10.857172530757436,0.1976110704144479,-1.5718383930946864
111.648,10.8395724212248,0.19761107006295406,-1.5716606119017273
111.680,10.82197235068709,0.19761106978308354,-1.5715143967194953
111.712,10.804372311151285,0.1976110695602356,-1.5713945171922075
111.744,10.786772296264207,0.1976110693828067,-1.5712964906571616
111.776,10.769172300976184,0.19761106924155045,-1.5712165090057328
111.808,10.75157232127373,0.19761106912908816,-1.5711513696330772
111.840,10.73397235396698,0.19761106903953055,-1.5710984085016508
111.872,10.716372396520555,0.19761106896818068,-1.571055434872229
111.904,10.698772446919108,0.1976110689113002,-1.571020668093804
111.936,10.681172503560399,0.19761106886591948,-1.5709926772226084
111.968,10.663572565170346,0.19761106882968688,-1.5709703243220543
112.000,10.645972630735544,0.19761106880074325,-1.5709527121960611
112.032,10.628372699449704,0.19761106877762194,-1.570939137127286
112.064,10.610772770671128,0.19761106875916584,-1.5709290469744537
112.096,10.593172843888977,0.19761106874446066,-1.5709220047695074
112.128,10.575572918696501,0.19761106873278106,-1.5709176577695871
112.160,10.557972994769788,0.19761106872354764,-1.570915711764458
112.192,10.540373071850896,0.1976110687162939,-1.5709159103255899
112.224,10.522773149734457,0.19761106871063813,-1.5709180186004874
112.256,10.505173228257025,0.19761106870626566,-1.570921811205699
112.288,10.487573307288589,0.1976110687029125,-1.570927063747009
112.320,10.46997338672582,0.19761106870035622,-1.5709335474883452
112.352,10.452373466486666,0.19761106869840914,-1.5709410267008566
112.384,10.434773546506037,0.19761106869691297,-1.5709492582396176
112.416,10.417173626732325,0.19761106869573683,-1.5709579929241364
112.448,10.399573707124633,0.1976110686947755,-1.5709669783242448
112.480,10.381973787650532,0.19761106869394812,-1.5709759625868878
112.512,10.364373868284252,0.19761106869319714,-1.5709846989696157
112.544,10.346773949005254,0.19761106869248612,-1.5709929507791032
112.576,10.329174029797066,0.19761106869179823,-1.5710004964442397
112.608,10.311574110646385,0.19761106869113193,-1.5710071344843328
112.640,10.293974191542363,0.1976110686904986,-1.5710126881637674
112.672,10.27637427247606,0.19761106868991735,-1.571017009653707
112.704,10.258774353440048,0.1976110686894119,-1.5710199835509169
112.736,10.241174434428103,0.19761106868900455,-1.57102152963594
112.768,10.223574515434999,0.19761106868871395,-1.571021604776349
112.800,10.205974596456368,0.19761106868855136,-1.5710202039150802
112.832,10.188374677488605,0.19761106868851824,-1.5710173601095065
112.864,10.17077475852879,0.1976110686886064,-1.571013143614491
112.896,10.153174839574653,0.1976110686887968,-1.5710076600285727
112.928,10.135574920624515,0.19761106868906214,-1.5710010475505027
112.960,10.117975001677246,0.19761106868936906,-1.570993473411842
112.992,10.100375082732196,0.1976110686896807,-1.5709851295776383
113.024,10.082775163789112,0.19761106868996056,-1.5709762278232386
113.056,10.065175244848074,0.19761106869017628,-1.570966994311444
113.088,10.047575325909376,0.19761106869030226,-1.570957663807383
113.120,10.029975406973444,0.19761106869032252,-1.570948473678014
113.152,10.012375488040721,0.19761106869023223,-1.5709396578280121
113.184,9.994775569111606,0.1976110686900381,-1.570931440726144
113.216,9.977175650186357,0.19761106868975734,-1.5709240316733954
113.248,9.959575731265062,0.19761106868941683,-1.5709176194594754
113.280,9.941975812347604,0.19761106868904904,-1.5709123675429906
113.312,9.924375893433663,0.19761106868868986,-1.5709084098769897
113.344,9.906775974522738,0.19761106868837475,-1.5709058474887159
113.376,9.8891760556142,0.19761106868813486,-1.5709047458985983
113.408,9.871576136707349,0.19761106868799375,-1.5709051334450765
113.440,9.853976217801476,0.19761106868796566,-1.5709070005594379
113.472,9.836376298895944,0.19761106868805345,-1.5709103000058378
113.504,9.818776379990247,0.1976110686882484,-1.5709149480831253
113.536,9.801176461084053,0.19761106868853145,-1.570920826756612
113.568,9.783576542177238,0.19761106868887474,-1.570927786665031
113.600,9.765976623269905,0.19761106868924427,-1.5709356509255248
113.632,9.748376704362345,0.19761106868960404,-1.5709442196397294
113.664,9.730776785455022,0.19761106868991873,-1.5709532749847428
113.696,9.713176866548505,0.19761106869015774,-1.5709625867593155
113.728,9.695576947643406,0.19761106869029824,-1.5709719182452009
113.760,9.677977028740305,0.19761106869032755,-1.5709810322300575
113.792,9.660377109839677,0.19761106869024403,-1.5709896970431494
113.824,9.64277719094183,0.19761106869005732,-1.5709976924471414
113.856,9.625177272046864,0.19761106868978742,-1.5710048152376117
113.888,9.60757735315464,0.1976110686894628,-1.5710108844080801
113.920,9.589977434264783,0.19761106868911701,-1.571015745748527
113.952,9.572377515376703,0.19761106868878622,-1.5710192757629606
113.984,9.554777596489632,0.19761106868850403,-1.5710213848055705
114.016,9.5371776776027,0.19761106868829945,-1.5710220193560784
114.048,9.519577758715005,0.19761106868819336,-1.5710211633783695
114.080,9.501977839825686,0.19761106868819614,-1.57101883872628
114.112,9.484377920934008,0.19761106868830752,-1.571015104588988
114.144,9.46677800203942,0.19761106868851566,-1.5710100559871296
114.176,9.44917808314161,0.19761106868879846,-1.5710038213594206
114.208,9.431578164240523,0.1976110686891269,-1.5709965593012711
114.240,9.413978245336375,0.19761106868946646,-1.5709884545363901
114.272,9.396378326429621,0.1976110686897816,-1.570979713224297
114.304,9.378778407520914,0.19761106869003908,-1.570970557722107
114.336,9.361178488611042,0.1976110686902118,-1.570961220933523
114.368,9.343578569700856,0.19761106869028072,-1.5709519403876129
114.400,9.325978650791189,0.19761106869023756,-1.5709429521989957
114.432,9.308378731882778,0.19761106869008502,-1.5709344850613065
114.464,9.290778812976201,0.19761106868983752,-1.5709267544277659
114.496,9.273178894071842,0.19761106868951875,-1.5709199570273942
114.528,9.255578975169842,0.19761106868915995,-1.5709142658555655
114.560,9.23797905627011,0.19761106868879652,-1.5709098257675842
114.592,9.220379137372351,0.1976110686884645,-1.5709067497883946
114.624,9.202779218476095,0.19761106868819692,-1.5709051162320509
114.656,9.185179299580764,0.19761106868802042,-1.5709049667047732
114.688,9.167579380685732,0.19761106868795292,-1.5709063050442036
114.720,9.149979461790418,0.1976110686880015,-1.5709090972204485
114.752,9.13237954289433,0.19761106868816128,-1.5709132722019898
114.784,9.11477962399714,0.1976110686884171,-1.5709187237658586
114.816,9.097179705098705,0.19761106868874354,-1.5709253132035077
114.848,9.0795797861991,0.1976110686891087,-1.5709328728539604
114.880,9.061979867298597,0.1976110686894767,-1.5709412103757399
114.912,9.044379948397651,0.19761106868981182,-1.5709501136449318
114.944,9.029632624227508,0.19761106746434087,-1.4942143150135299
114.976,9.016810055770843,0.19761094952775016,1.5570108906357933
115.008,9.006081514309948,0.19761083287411108,1.563149425034319
115.040,8.99676218496147,0.19761079333198273,1.5648000490682465
115.072,8.9875217613127,0.1976109117366777,1.5660701645417232
115.104,8.978261579698747,0.19761101177786344,1.5691163983003176
115.136,8.968990924266114,0.19761108993343243,1.5699963607699898
115.168,8.959663174340763,0.1976111439535234,1.5707215382190953
115.200,8.950360558936245,0.197611167381838,1.5718383461666658
115.232,8.94105367513598,0.19761118820330936,1.571754205076056
115.264,8.931695903151175,0.19761119474930802,1.5719353756029566
115.296,8.922369215364897,0.19761118747384518,1.5724114148032309
115.328,8.913040767655156,0.1976111808105588,1.5721536592435597
115.360,8.903709077870412,0.19761117000145056,1.5719066226588339
115.392,8.894374730455713,0.19761115717879502,1.571705887952447
115.424,8.885006844449448,0.19761114433513657,1.5715345312421443
115.456,8.875613791762206,0.19761113229359023,1.5714061493322735
115.488,8.866195454630311,0.19761112147260468,1.5713021566342642
115.520,8.856751773386641,0.19761111209221013,1.5712172115324254
115.552,8.847282699423996,0.19761110414907418,1.571147656691181
115.584,8.837788194011317,0.19761109752929154,1.5710906116746195
115.616,8.828268226342585,0.1976110920731644,1.5710437700053166
115.648,8.818722771819955,0.1976110876111384,1.5710052737553608
115.680,8.809151810805217,0.19761108398235136,1.570973619298783
115.712,8.799555327613701,0.19761108104301925,1.5709475843216583
115.744,8.78993330980217,0.1976110786691257,1.570926171351353
115.776,8.780285747371781,0.19761107675610934,1.5709085630980706
115.808,8.770951444504512,0.19761107729944088,1.570799009350911
115.840,8.761648700078979,0.19761107318995275,1.5707798864738733
115.872,8.75234873671511,0.19761107196878205,1.5707779165936528
115.904,8.743047691535008,0.1976110713992112,1.5707780532921416
115.936,8.73374540837246,0.1976110709722167,1.5707779142534388
115.968,8.724442215045253,0.1976110706069748,1.5707773242969076
116.000,8.71527574988397,0.19761107075777948,1.5708093958924767
116.032,8.706141665303843,0.19761106949627208,1.5708788691058246
116.064,8.697009908498096,0.1976110692163447,1.5708909249868739
116.096,8.687877020348694,0.1976110693240721,1.5708489213365575
116.128,8.67874276003609,0.19761106949853524,1.5708084273593341
116.160,8.6696072250943,0.19761106969733094,1.5707727239420761
116.192,8.660470522425515,0.19761106990989635,1.5707414047966228
116.224,8.6513327416182,0.19761107012811818,1.5707139287224765
116.256,8.642176415154049,0.19761106978115753,1.5703978732302037
116.288,8.632993918017332,0.19761106994732205,1.5704578831527092
116.320,8.62382951922734,0.197611070371543,1.5705808646812858
116.352,8.614666932233762,0.1976110701759528,1.5706793784656672
116.384,8.605504082155424,0.1976110700751248,1.5706963843370685
116.416,8.59634078066575,0.19761106999432376,1.5706901849368649
116.448,8.58717704494314,0.19761106993453117,1.5706827196667785
116.480,8.578085105566855,0.19761107037973583,1.5707558366335885
116.512,8.568999121585689,0.19761107001772313,1.570832286441292
116.544,8.559818030897919,0.19761106925090705,1.5704033229861414
116.576,8.550627701119328,0.19761107037868453,1.5704331448785966
116.608,8.541436286690606,0.19761107064368777,1.5704831908921064
116.640,8.532244836207378,0.1976110706114807,1.5705246957758319
116.672,8.523053457077081,0.19761107047451942,1.5705581197259277
116.704,8.513862133595985,0.19761107029837818,1.5705850760991817
116.736,8.504670830610637,0.19761107011314846,1.5706068190966709
116.768,8.495479521810664,0.19761106993479075,1.5706244200874024
116.800,8.486288187422113,0.19761106977132023,1.5706387050281727
116.832,8.47709681189696,0.19761106962616418,1.570650315304028
116.864,8.467976120126064,0.1976110699382666,1.5707403370901085
116.896,8.458768617985104,0.19761106871490416,1.5705283889889197
116.928,8.449552835968857,0.19761106945740647,1.5705634217775197
116.960,8.440336244763666,0.19761106951022792,1.5706024917690025
116.992,8.431116783544534,0.19761106938363462,1.5706348975375068
117.024,8.421893771503658,0.19761106926191654,1.57066093644571
117.056,8.412746587958072,0.1976110696301972,1.570751271397162
117.088,8.403606493733287,0.1976110689267296,1.570843514441697
117.120,8.394466535352555,0.19761106894625013,1.570907293475935
117.152,8.385325793086936,0.19761106912607984,1.5709235024826682
117.184,8.376184154111883,0.19761106930285005,1.570857733685254
117.216,8.367064362446394,0.19761106925866712,1.5703808254022247
117.248,8.357947290966857,0.1976110692164912,1.570414273746493
117.280,8.348830470634176,0.1976110693521708,1.5704723695013405
117.312,8.339713541801693,0.19761106943022347,1.5705207918890884
117.344,8.330596474137387,0.1976110694426245,1.5705594339225897
117.376,8.321545344887353,0.1976110698121902,1.5706800921972064
117.408,8.31249998351436,0.19761106935502895,1.5707941366432314
117.440,8.3033701173778,0.19761106876825654,1.5704243335291
117.472,8.294217833169533,0.1976110695387953,1.5704763445082073
117.504,8.285055947524686,0.19761106970276368,1.5705365441049814
117.536,8.275973836800606,0.19761107021054275,1.5706612164430054
117.568,8.266899406043729,0.19761106945480528,1.5707867748729927
117.600,8.257825449787425,0.19761106940841466,1.5708751952790267
117.632,8.248750952786379,0.19761106946093104,1.5708422332778775
117.664,8.239657333297778,0.1976110691386214,1.5703870082688198
117.696,8.230537778830977,0.19761106925663846,1.5704439840418445
117.728,8.22139271182449,0.19761106934171913,1.5705162224730085
117.760,8.212222125529813,0.19761106934257422,1.5705751352434476
117.792,8.203026005233138,0.1976110692987676,1.5706219881585213
117.824,8.193804338379884,0.1976110692375273,1.5706592692785242
117.856,8.184557115061178,0.19761106917360904,1.5706890012574668
117.888,8.175441145445385,0.19761107016498142,1.5707776347728997
117.920,8.166337962732685,0.19761106887320573,1.5708126426632218
117.952,8.157236150343438,0.1976110686733822,1.570797743566172
117.984,8.148134133109933,0.19761106869592476,1.5707797004662911
118.016,8.139012854645651,0.19761106858052935,1.5705775189643323
118.048,8.129865873317147,0.19761106869896006,1.570614463703298
118.080,8.120693389236878,0.19761106879748364,1.5706562053925894
118.112,8.111495388575689,0.19761106885155238,1.5706897877195334
118.144,8.102271856003888,0.1976110688781091,1.5707162465633322
118.176,8.09302277905696,0.1976110688892407,1.5707370924631283
118.208,8.083748147743634,0.19761106889206995,1.5707535360855276
118.240,8.074604455211846,0.19761106993442534,1.570716204282699
118.272,8.06547372199053,0.19761106867483438,1.570716511068693
118.304,8.056344609449122,0.19761106849786336,1.5707224342193205
118.336,8.0472155733453,0.197611068530456,1.570727958840161
118.368,8.038086437224711,0.19761106857911898,1.5707323187878708
118.400,8.028957211493118,0.19761106861740246,1.5707356174968903
118.432,8.019827924791112,0.19761106864500327,1.5707380527221926
118.464,8.01069859674245,0.19761106866448233,1.5707398047025924
118.496,8.001569242350596,0.19761106867813064,1.5707410224061429
118.528,7.99243987699349,0.19761106868765124,1.5707418305381355
118.560,7.983310508933508,0.19761106869417042,1.57074291504422
118.592,7.974239825640066,0.19761106901218073,1.5708491968804423
118.624,7.965174456491989,0.19761106854949861,1.5709493690410488
118.656,7.956071641728614,0.19761106831007197,1.570598624403878
118.688,7.946944001515189,0.19761106865939312,1.5706208038674427
118.720,7.937790843824462,0.19761106880164098,1.570657355786307
118.752,7.928612167956534,0.19761106887296812,1.5706869491494302
118.784,7.919407958885201,0.19761106890442984,1.5707100635644942
118.816,7.910178204359826,0.19761106891381128,1.57072813222654
118.848,7.900943672952492,0.1976110690478662,1.5707375380712827
118.880,7.891835342359519,0.19761106980885235,1.570828113617526
118.912,7.882739203962603,0.19761106861651756,1.5709194905047936
118.944,7.873622615000915,0.19761106834937608,1.570629470746425
118.976,7.864480319893266,0.19761106850778276,1.570649416240807
119.008,7.855312533175345,0.19761106865066744,1.5706813094183798
119.040,7.846119239511016,0.19761106874130746,1.5707074450711482
119.072,7.836900422118019,0.19761106879638843,1.570728137666836
119.104,7.827656066719424,0.19761106882906504,1.5707445297678515
119.136,7.818386162200714,0.1976110688477748,1.570757560752413
119.168,7.809247271459468,0.19761106988400107,1.5707189993661805
119.200,7.800121277626446,0.19761106863792383,1.5707157492851411
119.232,7.7909968428057095,0.19761106846875734,1.5707316817559454
119.264,7.781852570515574,0.1976110683940143,1.5707421222714646
119.296,7.772686822856925,0.19761106855243524,1.5707632204435296
119.328,7.763495554717032,0.19761106866842754,1.5707733257089647
119.360,7.754278771828013,0.1976110687484534,1.5707805891355484
119.392,7.7450364574794275,0.19761106879988954,1.5707861046983307
119.424,7.735768599086674,0.19761106883177715,1.5707903302960966
119.456,7.72657956684386,0.197611069522984,1.5708780510127633
119.488,7.7173982445272,0.1976110687492255,1.5709545379645056
119.520,7.708217636182404,0.19761106863689135,1.5709120283001519
119.552,7.699088457322259,0.1976110689566789,1.570997224015736
119.584,7.689986588025047,0.19761106864510614,1.57072051866238
119.616,7.680887514643544,0.19761106853753607,1.5706882353060347
119.648,7.671788359141298,0.1976110687238102,1.5706757898771397
119.680,7.662669260726152,0.19761106864654907,1.5703799053155378
119.712,7.653524448707138,0.19761106886687965,1.5704492040217222
119.744,7.6443541450756625,0.19761106900934677,1.570523434051229
119.776,7.635158334137481,0.1976110690648018,1.5705832239617228
119.808,7.626019933492069,0.1976110695875549,1.5705993546708965
119.840,7.616887344411951,0.19761106897453273,1.5706245267528567
119.872,7.607755521666021,0.19761106884179203,1.5706474726415556
119.904,7.598623764293535,0.1976110688113337,1.5706665131087294
119.936,7.5894719180641745,0.19761106866680683,1.5707050162990845
119.968,7.580294545900212,0.19761106874504042,1.570731895980057
120.000,7.571091661269825,0.19761106880673648,1.570752793528062
120.032,7.561863247575328,0.19761106884511792,1.5707693806257985
120.064,7.552613330193391,0.19761106887152352,1.570786147174963
120.096,7.543417913007675,0.19761106939996492,1.5708904847730865
120.128,7.5342279480409875,0.19761106883517268,1.5709284223399582
120.160,7.525006577681775,0.19761106856745583,1.570669208431067
120.192,7.515763574212649,0.19761106866984243,1.570683678704628
120.224,7.506569889729421,0.19761106913187731,1.5707793356460837
120.256,7.497342847008258,0.19761106854101376,1.5706776712129413
120.288,7.488150790720554,0.19761106895447558,1.5707747071116256
120.320,7.478926163657126,0.19761106852834762,1.5706704631072068
120.352,7.469803502846009,0.19761106934859343,1.570784800832546
120.384,7.460655054170473,0.19761106829556777,1.5706578950060075
120.416,7.451440558225753,0.1976110682531847,1.5706992657736354
120.448,7.442219406238926,0.1976110688913757,1.570715755331247
120.480,7.432997505260458,0.19761106895220507,1.5707258374527417
120.512,7.423775678127544,0.19761106890743804,1.5707333982411034
120.544,7.414554015301018,0.1976110688576675,1.5707393739795166
120.576,7.40533250799891,0.19761106881695553,1.5707441344122577
120.608,7.396090552098827,0.19761106864149258,1.5707706269737138
120.640,7.386819121431172,0.19761106870263567,1.5707728630264308
120.672,7.377522180797218,0.19761106876300702,1.5707805942925992
120.704,7.3681996921611095,0.19761106879942147,1.570786876614613
120.736,7.358851647873576,0.19761106882209453,1.5707916613273898
120.768,7.349633155167208,0.19761106985618998,1.5707748939587252
120.800,7.340427338623126,0.19761106863368338,1.5707793320110812
120.832,7.331223039177205,0.19761106846817103,1.570782384467547
120.864,7.322018709760191,0.19761106850855267,1.5707814058739282
120.896,7.312814169558803,0.19761106856637062,1.57077720942773
120.928,7.3036094254642245,0.19761106861555208,1.5707709271401857
120.960,7.294384077768352,0.19761106852094196,1.5706847891916829
120.992,7.285133151399579,0.19761106863404237,1.5707082647061246
121.024,7.275856718397087,0.19761106872395895,1.5707307407873645
121.056,7.266561409687377,0.19761106884020638,1.5707388407951863
121.088,7.257261919384504,0.1976110689193099,1.5707471820014305
121.120,7.2479601264373645,0.19761106889333288,1.5707530415523976
121.152,7.238656669696254,0.19761106885345972,1.5707572212801688
121.184,7.229329012893083,0.1976110686725634,1.5707725989861665
121.216,7.219975820700018,0.19761106872609718,1.570781237937268
121.248,7.210597084133279,0.19761106877278745,1.570787757079798
121.280,7.201192793875212,0.19761106880448512,1.5707928391154125
121.312,7.191762941868622,0.1976110688251933,1.5707968219776467
121.344,7.182307522050972,0.19761106883824295,1.5707999562316521
121.376,7.172826530735479,0.19761106884599883,1.5708024369773355
121.408,7.163336638703193,0.19761106896576194,1.5708005815766175
121.440,7.153846190263856,0.1976110689846395,1.5707967925908881
121.472,7.1445636961151004,0.19761107020453564,1.5707367824566443
121.504,7.13530379129008,0.1976110683106996,1.5707319945660028
121.536,7.126021334946402,0.19761106803613634,1.5707591263232399
121.568,7.116713462034318,0.1976110683296527,1.5707733656360228
121.600,7.107380142497693,0.19761106855135863,1.5707842294333347
121.632,7.09801813322359,0.1976110686971923,1.5707850243503378
121.664,7.088630641329205,0.19761106879377865,1.5707901659778705
121.696,7.079223438908633,0.19761106885266144,1.5708079879019343
121.728,7.069790667346573,0.1976110688804338,1.5708130406379763
121.760,7.060332352669158,0.197611068901128,1.5708165877307247
121.792,7.050848484822492,0.19761106891247662,1.5708194904101493
121.824,7.041339056844142,0.19761106891763125,1.5708219208804282
121.856,7.031804062949083,0.19761106891888688,1.5708239783587783
121.888,7.0222434987578515,0.19761106891778135,1.5708257376766133
121.920,7.0126542840447925,0.1976110689136653,1.5708215204148175
121.952,7.0030395095669835,0.1976110689136432,1.5708233355048586
121.984,6.993410348476895,0.19761106898838202,1.5708225483933507
122.016,6.983807461946216,0.19761106920271815,1.5708243578551488
122.048,6.974173526216238,0.19761106875903897,1.5708214338072108
122.080,6.964514083455359,0.1976110687909622,1.5708239492544227
122.112,6.954829082244998,0.19761106882550897,1.5708263292821973
122.144,6.945118517285707,0.19761106884997925,1.570828307524359
122.176,6.9353823835723345,0.19761106886652502,1.5708299404412953
122.208,6.9256206774602616,0.19761106887741736,1.57083129087567
122.240,6.915839587134472,0.19761106892764696,1.5708309873141193
122.272,6.90605656641651,0.1976110690392839,1.5708266285421797
122.304,6.896579675628435,0.1976110708343788,1.5707681648013265
122.336,6.887056908309107,0.19761106800755024,1.570771424266303
122.368,6.877508976599323,0.19761106830619876,1.5707845777095606
122.400,6.867935634271025,0.19761106859026023,1.570795748263563
122.432,6.85833684770611,0.19761106877443377,1.5708062982234612
122.464,6.848709899250573,0.19761106888823304,1.5708064514906224
122.496,6.839057465349599,0.19761106895714523,1.5708123959932163
122.528,6.829379515042384,0.1976110689921054,1.5708174708230613
122.560,6.819891661720275,0.19761107023314559,1.5707879463031051
122.592,6.810370897752756,0.1976110683964381,1.5708018184868224
122.624,6.800822237387949,0.19761106857137906,1.57080479553804
122.656,6.791248138736722,0.1976110687492665,1.5708110908529045
122.688,6.781648559544417,0.19761106886153934,1.5708162799015493
122.720,6.772023477874012,0.19761106892879124,1.5708203431221786
122.752,6.762372876247626,0.19761106896632508,1.5708234907459269
122.784,6.752696740997267,0.1976110689845529,1.5708259056467573
122.816,6.743082504385246,0.1976110695094107,1.5708219748830818
122.848,6.733472471154987,0.19761106893582567,1.5708179108000377
122.880,6.723832704042914,0.19761106868748984,1.5708146783881178
122.912,6.714167464253526,0.1976110687776283,1.5708184888335504
122.944,6.704701161395607,0.19761107007760237,1.5707862425066261
122.976,6.69525326125878,0.19761106837660464,1.5707862493781302
123.008,6.6858064538928685,0.197611068255292,1.5707937164710235
123.040,6.676330371267147,0.19761106832896844,1.5708009118744928
123.072,6.666828895297057,0.1976110685970605,1.570810261855863
123.104,6.657301962906124,0.19761106878024254,1.570817987143585
123.136,6.647749548957804,0.19761106889877378,1.5708242055137736
123.168,6.6381694089587,0.19761106897418132,1.5708235027056248
123.200,6.628717244687987,0.19761106987409996,1.570804103774772
123.232,6.619276866586098,0.19761106876318862,1.5708043124500124
123.264,6.609837304058706,0.19761106864194886,1.5708090848137832
123.296,6.60039701018392,0.19761106871030515,1.570813659658503
123.328,6.590955849009696,0.19761106878818974,1.5708174206607688
123.360,6.581513892785641,0.19761106885112462,1.5708204301133506
123.392,6.572071308523751,0.1976110689000174,1.5708228126068153
123.424,6.562617984025406,0.19761106892162963,1.570743802377156
123.456,6.553164040984703,0.19761106924272648,1.5706715730126297
123.488,6.543684794023049,0.19761106903171774,1.570959433219659
123.520,6.534180369385992,0.1976110693512109,1.5709554734144742
123.552,6.52465043853372,0.1976110695428676,1.5709371218719308
123.584,6.515094978418593,0.19761106963750238,1.5709217707117298
123.616,6.505511966645693,0.19761106967234934,1.5709043946728878
123.648,6.495903416064857,0.1976110696606016,1.570893263217544
123.680,6.48626930989075,0.19761106961975716,1.5708845221980956
123.712,6.476754396802537,0.19761107048098261,1.570856563608908
123.744,6.467250935436405,0.19761106937888648,1.5708527606740847
123.776,6.457724713497802,0.1976110691097985,1.5708561404857966
123.808,6.448193732335447,0.1976110692925353,1.5708520853993149
123.840,6.43865981712327,0.1976110693299944,1.5708480411802552
123.872,6.4291236804571925,0.1976110693274505,1.570844777726332
123.904,6.419558939237319,0.1976110691863469,1.5708431922621073
123.936,6.40996872338961,0.1976110692524271,1.5708447612418421
123.968,6.400457697977389,0.19761106989206545,1.5708012913494398
124.000,6.390954353679343,0.19761106922000787,1.5708025320303138
124.032,6.381452427965129,0.19761106916779073,1.5708112990418484
124.064,6.371959021768222,0.19761106924665184,1.570867905521008
124.096,6.3624666663593334,0.1976110692693697,1.5708645058869786
124.128,6.352974602684406,0.19761106933200717,1.5708590203867183
124.160,6.343482750877687,0.19761106937874,1.5708546121183653
124.192,6.333991121358336,0.19761106940566905,1.5708511850997295
124.224,6.324481193384442,0.19761106938427792,1.57078164178193
124.256,6.314926206062088,0.19761106929494407,1.5709166452030021
124.288,6.305366895408941,0.19761106984479887,1.5709135554056226
124.320,6.295807550340094,0.19761106995806207,1.57090246192004
124.352,6.28624874443367,0.19761106996794534,1.5708928380193437
124.384,6.276661337473907,0.19761106980399443,1.5708878033571998
124.416,6.26706061323224,0.1976110699299395,1.5708803141743921
124.448,6.257455676307263,0.1976110699621882,1.5708721435085158
124.480,6.247884529394379,0.1976110701590787,1.570791746825629
124.512,6.238317367765747,0.19761107000187958,1.5707192104172958
124.544,6.228758558194941,0.19761106982932425,1.570902098737912
124.576,6.219201042499964,0.19761106995556826,1.5709056432142026
124.608,6.209644245773122,0.19761107011974208,1.5708989828622244
124.640,6.200072555127374,0.1976110702913379,1.5708275333448858
124.672,6.190457808809194,0.19761107049908058,1.5708774352517187
124.704,6.180845513253533,0.19761107099698566,1.5709944498428896
124.736,6.171233820428608,0.19761107123303723,1.5709739685497268
124.768,6.161619715431346,0.19761107128858985,1.5709508016795009
124.800,6.1520031808081965,0.19761107127073976,1.570932004298342
124.832,6.14238449077162,0.1976110711974258,1.5709169351679537
124.864,6.13274589809737,0.19761107100661565,1.5709057353228253
124.896,6.1231011744479185,0.19761107098370337,1.5708934863256379
124.928,6.1134809633861735,0.19761107107283185,1.5708187898608412
124.960,6.103864090875318,0.19761107092237803,1.5707602799397402
124.992,6.094249070496949,0.19761107087442495,1.5707908251578495
125.024,6.084640771391761,0.19761107074826836,1.5709329743392175
125.056,6.075020544532471,0.1976110710454343,1.5708631246908702
125.088,6.05819341538128,0.19761093105753216,1.5743623094699895
125.120,6.040636055801808,0.1976109829172899,1.574138699586452
125.152,6.023005681410051,0.19761108059261256,1.573543298057996
125.184,6.005387914037611,0.19761113771713934,1.5730064819671
125.216,5.987790021996222,0.19761116192618208,1.572566277666645
125.248,5.970209292484,0.19761116691442174,1.5722106918854006
125.280,5.952642386446767,0.19761116183931698,1.571924152336728
125.312,5.9350864874562195,0.19761115212884844,1.571693318435984
125.344,5.917539336347123,0.19761114085512663,1.5715073599770937
125.376,5.899999136069879,0.19761112967112715,1.5713575624507743
125.408,5.882464459052719,0.19761111939397566,1.5712369212536235
125.440,5.864934171324329,0.19761111036100748,1.5711398030927721
125.472,5.847407372003392,0.19761110264442555,1.5710616729789526
125.504,5.829883345264636,0.19761109617876982,1.5709988758487512
125.536,5.812361522235391,0.19761109083504763,1.5709484623156122
125.568,5.794841450767484,0.19761108646255252,1.5709080497183407
125.600,5.777322771450512,0.1976110829113596,1.5708757112675442
125.632,5.759805198571615,0.19761108004346636,1.5708498875003407
125.664,5.742288504996384,0.19761107773742648,1.570829315427848
125.696,5.724772510159242,0.19761107588938723,1.5708129717183374
125.728,5.707257070520658,0.19761107441225767,1.5708000270297504
125.760,5.689742071982239,0.19761107323400892,1.5707898092186836
125.792,5.672227423856476,0.19761107229567296,1.5707817736368135
125.824,5.654713054071523,0.1976110715493413,1.5707754791052697
125.856,5.637198905357481,0.19761107095631789,1.570770568453639
125.888,5.6196849322129925,0.19761107048548848,1.5707667527411653
125.920,5.602171098492388,0.19761107011192208,1.5707637984574212
125.952,5.584657375486463,0.19761106981569618,1.5707615171398976
125.984,5.567143740395966,0.19761106958092275,1.5707597569556697
126.016,5.549630175117587,0.19761106939494893,1.5707583958805469
126.048,5.532116665278597,0.19761106924770833,1.5707573361774052
126.080,5.51460319946934,0.19761106913119628,1.5707564999299193
126.112,5.497089768633156,0.19761106903904885,1.5707558254317004
126.144,5.479576365581527,0.19761106896620562,1.5707552642665703
126.176,5.46206298460885,0.19761106890864277,1.5707547789447993
126.208,5.444549621186415,0.1976110688631599,1.5707543409842948
126.240,5.4270362717193645,0.19761106882721285,1.5707539293458306
126.272,5.409522933353709,0.19761106879878002,1.5707535291480936
126.304,5.392009603823126,0.19761106877625842,1.570753130602528
126.336,5.374496281327365,0.19761106875838047,1.570752728119776
126.368,5.356982964435748,0.19761106874414763,1.5707523195494602
126.400,5.339469652010633,0.19761106873277812,1.5707519055235046
126.432,5.321956343146708,0.19761106872366305,1.5707514888801435
126.464,5.3044430371228515,0.19761106871633285,1.5707510741515294
126.496,5.286929733364008,0.19761106871042733,1.5707506671027647
126.528,5.269416431410981,0.19761106870567197,1.570750274313866
126.560,5.251903130896523,0.19761106870185768,1.5707499027993992
126.592,5.234389831526441,0.19761106869882386,1.570749559662845
126.624,5.216876533064644,0.1976110686964449,1.5707492517845427
126.656,5.199363235321358,0.19761106869461967,1.5707489855433516
126.688,5.181849938143807,0.19761106869326134,1.5707487665730053
126.720,5.164336641408864,0.19761106869229308,1.5707485995545507
126.752,5.146823345017258,0.19761106869164316,1.5707484880464635
126.784,5.129310048888982,0.19761106869124337,1.5707484343537508
126.816,5.111796752959671,0.19761106869102793,1.5707484394371984
126.848,5.094283457177711,0.19761106869093506,1.570748502863228
126.880,5.076770161501941,0.197611068690908,1.5707486227943206
126.912,5.059256865899802,0.1976110686908976,1.5707487960191064
126.944,5.041743570345842,0.19761106869086437,1.570749018020643
126.976,5.024230274820499,0.19761106869077955,1.57074928308038
127.008,5.006716979309102,0.19761106869062736,1.570749584414782
127.040,4.989203683801045,0.19761106869040357,1.5707499143406851
127.072,4.9716903882891,0.19761106869011635,1.5707502644649276
127.104,4.954177092768853,0.19761106868978331,1.5707506258931827
127.136,4.936663797238211,0.19761106868942968,1.570750989452506
127.168,4.919150501697005,0.19761106868908504,1.5707513459217912
127.200,4.901637206146648,0.1976110686887793,1.5707516862641284
127.232,4.884123910589833,0.1976110686885404,1.5707520018550922
127.264,4.866610615030282,0.1976110686883896,1.5707522847009703
127.296,4.849097319472515,0.19761106868834066,1.5707525276413625
127.328,4.831584023921631,0.19761106868839717,1.5707527245309008
127.360,4.814070728383117,0.1976110686885524,1.5707528703953109
127.392,4.796557432862645,0.19761106868878986,1.570752961557863
127.424,4.7790441373658785,0.19761106868908504,1.5707529957328883
127.456,4.761530841898281,0.19761106868940725,1.570752972083923
127.488,4.744017546464918,0.19761106868972286,1.570752891244955
127.520,4.726504251070274,0.19761106868999914,1.570752755304241
127.552,4.708990955718063,0.19761106869020725,1.570752567751038
127.584,4.691477660411072,0.19761106869032474,1.570752333386655
127.616,4.673964365151022,0.19761106869033826,1.5707520582020567
127.648,4.6564510699384485,0.1976110686902452,1.5707517492251835
127.680,4.638937774772641,0.19761106869005296,1.5707514143418921
127.712,4.621424479651612,0.19761106868977932,1.5707510620950924
127.744,4.603911184572117,0.19761106868945003,1.57075070146724
127.776,4.586397889529721,0.19761106868909661,1.5707503416517115
127.808,4.568884594518925,0.19761106868875308,1.5707499918189283
127.840,4.551371299533321,0.19761106868845207,1.5707496608831757
127.872,4.533858004565787,0.19761106868822242,1.570749357276026
127.904,4.516344709608719,0.1976110686880857,1.570749088732151
127.936,4.498831414654266,0.1976110686880545,1.570748862092915
127.968,4.481318119694582,0.19761106868813066,1.5707486831327586
128.000,4.463804824722069,0.19761106868830547,1.5707485564126913
128.032,4.446291529729596,0.19761106868856054,1.570748485164666
128.064,4.428778234710706,0.19761106868886982,1.5707484712096615
128.096,4.411264939659782,0.19761106868920164,1.5707485149115954
128.128,4.393751644572172,0.19761106868952266,1.5707486151681922
128.160,4.376238349444283,0.19761106868980097,1.5707487694390219
128.192,4.358725054273636,0.19761106869000897,1.5707489738100358
128.224,4.341211759058872,0.19761106869012668,1.5707492230929303
128.256,4.3236984637997455,0.19761106869014322,1.570749510956856
128.288,4.306185168497072,0.1976110686900584,1.5707498300891518
128.320,4.288671873152669,0.19761106868988232,1.5707501723810589
128.352,4.271158577769282,0.19761106868963443,1.5707505291336892
128.384,4.253645282350489,0.1976110686893416,1.5707508912790873
128.416,4.236131986900615,0.19761106868903508,1.5707512496107447
128.448,4.218618691424631,0.1976110686887477,1.5707515950177642
128.480,4.201105395928062,0.19761106868851025,1.5707519187166803
128.512,4.183592100416886,0.19761106868834827,1.570752212475058
128.544,4.166078804897428,0.19761106868827974,1.5707524688211676
128.576,4.148565509376252,0.19761106868831288,1.5707526812343675
128.608,4.131052213860041,0.19761106868844538,1.5707528443113328
128.640,4.113538918355469,0.1976110686886646,1.5707529539038465
128.672,4.0960256228690595,0.19761106868894912,1.570753007224645
128.704,4.078512327407033,0.19761106868927042,1.5707530029185532
128.736,4.060999031975151,0.19761106868959616,1.570752941097136
128.768,4.043485736578547,0.19761106868989312,1.5707528233358983
128.800,4.025972441221568,0.19761106869013062,1.5707526526341582
128.832,4.008459145907621,0.19761106869028403,1.5707524333385943
128.864,3.9909458506390325,0.19761106869033654,1.5707521710324286
128.896,3.973432555416944,0.19761106869028194,1.570751872393109
128.928,3.9559192602412323,0.19761106869012413,1.5707515450221
128.960,3.938405965110475,0.19761106868987746,1.5707511972512145
128.992,3.920892670021959,0.19761106868956502,1.5707508379303867
129.024,3.9033793749717365,0.19761106868921702,1.570750476202325
129.056,3.88586607995473,0.19761106868886633,1.5707501212698347
129.088,3.8683527849648827,0.19761106868854714,1.5707497821617
129.120,3.8508394899953435,0.19761106868828981,1.5707494675031115
129.152,3.8333261950386888,0.19761106868811867,1.5707491852964488
129.184,3.815812900087156,0.19761106868804962,1.5707489427180064
129.216,3.7982996051328985,0.1976110686880886,1.5707487459357576
129.248,3.7807863101682258,0.1976110686882304,1.570748599952813
129.280,3.763273015185838,0.19761106868846007,1.5707485084805006
129.312,3.7457597201790382,0.19761106868875378,1.5707484738442379
129.344,3.7282464251419123,0.19761106868908176,1.5707484969245888
129.376,3.7107331300694697,0.19761106868941078,1.5707485771349956
129.408,3.693219834957749,0.19761106868970774,1.5707487124366988
129.440,3.675706539803888,0.19761106868994352,1.5707488993904972
129.472,3.658193244606142,0.19761106869009507,1.5707491332440455
129.504,3.6406799493638866,0.19761106869014836,1.5707494080524556
129.536,3.623166654077579,0.1976110686900989,1.5707497168291953
129.568,3.605653358748701,0.1976110686899534,1.57075005172347
129.600,3.5881400633796874,0.19761106868972822,1.570750404219591
129.632,3.570626767973839,0.1976110686894479,1.570750765353328
129.664,3.5531134725352347,0.1976110686891427,1.5707511259397318
129.696,3.5356001770686354,0.19761106868884476,1.5707514768066866
129.728,3.5180868815793884,0.1976110686885866,1.5707518090282266
129.760,3.500573586073326,0.19761106868839545,1.5707521141517133
129.792,3.4830602905566685,0.19761106868829242,1.5707523844130626
129.824,3.4655469950359117,0.1976110686882894,1.5707526129345262
129.856,3.448033699517714,0.19761106868838754,1.5707527938999724
129.888,3.4305204040087722,0.19761106868857808,1.5707529227031898
129.920,3.4130071085156817,0.1976110686888425,1.5707529960653646
129.952,3.395493813044792,0.19761106868915457,1.5707530121187487
129.984,3.3779805176020465,0.19761106868948247,1.5707529704543592
130.016,3.3604672221928222,0.19761106868979322,1.5707528721324566
130.048,3.3429539268217625,0.19761106869005496,1.5707527196555529
130.080,3.3254406314926253,0.19761106869024034,1.5707525169046153
130.112,3.307927336208133,0.19761106869033002,1.5707522690401161
130.144,3.2904140409698606,0.19761106869031345,1.5707519823704754
130.176,3.2729007457781374,0.1976110686901908,1.5707516641912525
130.208,3.255387450632004,0.19761106868997333,1.5707513225992245
130.240,3.2378741555291985,0.19761106868968095,1.5707509662861245
130.272,3.2203608604662013,0.19761106868934183,1.5707506043172845
130.304,3.202847565438321,0.19761106868898823,1.5707502459008786
130.336,3.185334270439827,0.1976110686886543,1.5707499001536323
130.368,3.167820975464128,0.19761106868837172,1.5707495758689631
130.400,3.1503076805039743,0.19761106868816797,1.5707492812934551
130.432,3.132794385551698,0.19761106868806164,1.5707490239173263
130.464,3.1152810905994546,0.19761106868806236,1.570748810284203
130.496,3.097767795639469,0.19761106868816916,1.5707486458250104
130.528,3.0802545006642803,0.19761106868837008,1.5707485347201673
130.560,3.0627412056669567,0.19761106868864442,1.570748479793547
130.592,3.045227910641289,0.19761106868896403,1.5707484824408875
130.624,3.027714615581947,0.19761106868929637,1.5707485425944432
130.656,3.0102013204845974,0.19761106868960826,1.570748658724742
130.688,2.9926880253459833,0.19761106868986877,1.5707488278794408
130.720,2.9751747301639657,0.19761106869005232,1.5707490457582514
130.752,2.957661434937527,0.19761106869014122,1.570749306822073
130.784,2.940148139666749,0.19761106869012784,1.5707496044335825
130.816,2.9226348443527574,0.19761106869001493,1.5707499310257236
130.848,2.905121548997661,0.19761106868981557,1.57075027829386
130.880,2.887608253604465,0.1976110686895515,1.5707506374067242
130.912,2.8700949581769843,0.19761106868925127,1.5707509992308333
130.944,2.852581662719749,0.1976110686889472,1.5707513545626903
130.976,2.8350683672379122,0.19761106868867145,1.5707516943628559
131.008,2.817555071737145,0.1976110686884537,1.570752009985987
131.040,2.8000417762235434,0.19761106868831782,1.5707522934009102
131.072,2.7825284807035193,0.19761106868827852,1.5707525373951934
131.104,2.7650151851836866,0.19761106868834147,1.5707527357589257
131.136,2.7475018896707453,0.19761106868850115,1.5707528834430193
131.168,2.729988594171342,0.19761106868874215,1.5707529766879837
131.200,2.71247529869193,0.19761106868904063,1.5707530131198295
131.232,2.694962003238616,0.1976110686893667,1.5707529918106877
131.264,2.6774487078169957,0.19761106868968736,1.570752913302515
131.296,2.659935412431991,0.19761106868996992,1.570752779593323
131.328,2.64242211708769,0.197611068690185,1.5707525940862535
131.360,2.624908821787196,0.19761106869031006,1.570752361502821
131.392,2.6073955265325015,0.1976110686903316,1.5707520877625314
131.424,2.5898822313243848,0.19761106869024575,1.5707517798319748
131.456,2.5723689361623454,0.19761106869005993,1.5707514455472835
131.488,2.5548556410445786,0.19761106868979114,1.5707510934144675
131.520,2.537342345968004,0.19761106868946499,1.5707507323927643
131.552,2.5198290509283297,0.19761106868911274,1.5707503716665594
131.584,2.5023157559201756,0.19761106868876793,1.570750020411644
131.616,2.4848024609372317,0.19761106868846387,1.5707496875618219
131.648,2.4672891659724567,0.19761106868822947,1.5707493815817808
131.680,2.4497758710183017,0.19761106868808714,1.570749110251975
131.712,2.4322625760669565,0.19761106868804973,1.5707488804710006
131.744,2.4147492811105935,0.1976110686881199,1.5707486980804508
131.776,2.397235986141615,0.19761106868828945,1.5707485677166646
131.808,2.379722691152878,0.19761106868854064,1.5707484926931057
131.840,2.362209396137899,0.19761106868884767,1.5707484749163478
131.872,2.3446961010910203,0.1976110686891794,1.5707485148377587
131.904,2.3271828060075457,0.19761106868950232,1.5707486114421083
131.936,2.309669510883831,0.1976110686897842,1.5707487622733571
131.968,2.2921562157173407,0.1976110686899974,1.5707489634970084
132.000,2.2746429205066607,0.19761106869012116,1.5707492099974127
132.032,2.2571296252514896,0.1976110686901443,1.570749495507611
132.064,2.2396163299525913,0.1976110686900656,1.5707498127684105
132.096,2.222103034611735,0.1976110686898947,1.5707501537126887
132.128,2.204589739231619,0.19761106868965053,1.570750509670293
132.160,2.187076443815782,0.1976110686893596,1.5707508715883245
132.192,2.169563148368514,0.19761106868905304,1.5707512302612578
132.224,2.152049852894757,0.19761106868876374,1.5707515765650302
132.256,2.134536557400011,0.19761106868852243,1.5707519016891767
132.288,2.117023261890234,0.19761106868835548,1.5707521973610985
132.320,2.0995099663717376,0.19761106868828104,1.5707524560567245
132.352,2.0819966708510784,0.19761106868830774,1.57075267119221
132.384,2.0644833753349405,0.19761106868843453,1.57075283729175
132.416,2.0469700798300043,0.19761106868864908,1.5707529501272104
132.448,2.0294567843428104,0.19761106868893022,1.5707530068259787
132.480,2.0119434888796053,0.19761106868925038,1.5707530059442876
132.512,1.9944301934461837,0.1976110686895768,1.5707529475040858
132.544,1.9769168980477247,0.1976110686898763,1.5707528329925295
132.576,1.959403602688629,0.1976110686901183,1.5707526653240933
132.608,1.9418903073723641,0.19761106869027723,1.570752448766273
132.640,1.9243770121013288,0.1976110686903363,1.5707521888307758
132.672,1.9068637168767393,0.19761106869028808,1.5707518921330101
132.704,1.8893504216985522,0.1976110686901362,1.5707515662234681
132.736,1.8718371265654246,0.1976110686898943,1.5707512193953221
132.768,1.8543238314747208,0.1976110686895851,1.5707508604731755
132.800,1.8368105364225662,0.19761106868923822,1.5707504985883542
132.832,1.8192972414039494,0.19761106868888684,1.5707501429465036
132.864,1.8017839464128682,0.19761106868856473,1.570749802593382
132.896,1.7842706514425146,0.1976110686883029,1.5707494861848499
132.928,1.766757356485493,0.19761106868812603,1.5707492017668634
132.960,1.749244061534057,0.19761106868805062,1.570748956571065
132.992,1.7317307665803565,0.197611068688083,1.5707487568311564
133.024,1.7142174716166858,0.19761106868821893,1.570748607624674
133.056,1.6967041766357165,0.19761106868844394,1.57074851274416
133.088,1.6791908816307108,0.1976110686887347,1.5707484746009777
133.120,1.661677586595702,0.19761106868906145,1.5707484941641932
133.152,1.6441642915256414,0.1976110686893913,1.57074857093604
133.184,1.6266509964165043,0.19761106868969117,1.570748702964604
133.216,1.6091377012653596,0.19761106868993145,1.5707488868933646
133.248,1.591624406070397,0.1976110686900886,1.5707491180463946
133.280,1.5741111108309251,0.19761106869014794,1.5707493905470213
133.312,1.5565978155473372,0.1976110686901046,1.5707496974669948
133.344,1.5390845202210557,0.19761106868996461,1.5707500310023692
133.376,1.52157122485446,0.19761106868974362,1.570750382671691
133.408,1.5040579294508019,0.19761106868946599,1.570750743531468
133.440,1.4865446340141164,0.1976110686891612,1.5707511044034632
133.472,1.4690313385491254,0.197611068688862,1.5707514561080584
133.504,1.4515180430611436,0.1976110686886005,1.5707517896977623
133.536,1.4340047475559787,0.19761106868840458,1.5707520966849222
133.568,1.416491452039829,0.1976110686882958,1.5707523692578373
133.600,1.3989781565191777,0.19761106868828648,1.5707526004797492
133.632,1.3814648610006781,0.19761106868837874,1.5707527844656224
133.664,1.363951565491027,0.19761106868856415,1.570752916532186
133.696,1.3464382699968314,0.1976110686888248,1.570752993317389
133.728,1.3289249745244591,0.19761106868913483,1.5707530128661857
133.760,1.3114116790798838,0.19761106868946268,1.5707529746804516
133.792,1.293898383668521,0.1976110686897755,1.5707528797317447
133.824,1.2763850882950643,0.19761106869004108,1.570752730436571
133.856,1.258871792963328,0.19761106869023168,1.57075253059478
133.888,1.2413584976761032,0.19761106869032738,1.5707522852926907
133.920,1.223845202435035,0.19761106869031733,1.5707520007734104
133.952,1.2077603313815044,0.1976110726625287,1.5686291064075977
133.984,1.1934219017282717,0.19761100578564292,1.5684009836159587
134.016,1.1807842313144157,0.19761094908127727,1.5683296880063275
134.048,1.1698269228124494,0.19761094702585244,1.568285024452174
134.080,1.1605538512723537,0.19761104719478462,1.568240427563484
134.112,1.1442254724156318,0.19765278831869676,1.5750866849238614
134.144,1.127064860845877,0.19764699780292455,1.5749613891569954
134.176,1.109798783632584,0.1976400879110652,1.5742480119007827
134.208,1.0925235591368643,0.19763436151718863,1.5736005287899775
134.240,1.075256915620447,0.19762972484614422,1.5730685735214334
134.272,1.0579992000951726,0.19762598803750872,1.5726372362134624
134.304,1.0407489327516266,0.19762298607000722,1.572287084273587
134.336,1.023505547542654,0.19762058070312438,1.5720017963248998
134.368,1.0062675126782057,0.19761865714658725,1.5717686058789184
134.400,0.9890332417678872,0.1976171210350847,1.57157762072791
134.432,0.9718017801460944,0.19761589542493085,1.571420997656965
134.464,0.9545724029912279,0.19761491801885397,1.5712925689490846
134.496,0.9373445403574235,0.19761413869483582,1.571187424917076
134.528,0.9201178228762111,0.19761351730859542,1.5711015309308098
134.560,0.9028921107296926,0.19761302180244983,1.5710314912417145
134.592,0.8856672687176834,0.19761262662028486,1.570974543276391
134.624,0.8684432782202653,0.19761231141145946,1.570928392622242
134.656,0.8512199919510468,0.19761205996744033,1.5708911789629176
134.688,0.8339972760303649,0.1976118593806949,1.5708613152493194
134.720,0.8167750183326697,0.19761169936398718,1.5708374654815958
134.752,0.7995531265254845,0.19761157171480856,1.570818511357248
134.784,0.7823315251664948,0.1976114698902742,1.5708035205621333
134.816,0.7651101530328028,0.1976113886698327,1.570791719344582
134.848,0.7478889607834517,0.1976113238873933,1.5707824689254573
134.880,0.7329187079005315,0.19761127477711993,1.5686767605892222
134.912,0.7160273186592301,0.1976113313273259,1.5711844246019393
134.944,0.6988867670088247,0.19761130784539815,1.5713251165123239
134.976,0.6817123271511475,0.19761126909596502,1.5712418960988874
135.008,0.6645345212368634,0.1976112329146621,1.5711523378926502
135.040,0.6473573828707861,0.1976112020161408,1.5710776098987662
135.072,0.630181254843293,0.19761117627545902,1.5710170264960468
135.104,0.6130060074142976,0.19761115510801494,1.570967908258392
135.136,0.5958314816144088,0.19761113787052983,1.5709279112041126
135.168,0.5786575435326807,0.1976111239423023,1.5708951946764602
135.200,0.5614840855053275,0.19761111275480087,1.5708683334427498
135.232,0.544311021174247,0.19761110380655716,1.5708462202397286
135.264,0.5271382808173461,0.19761109666861576,1.570827987506253
135.296,0.5099658076572198,0.19761109098297652,1.570812948044432
135.328,0.49279355505894684,0.1976110864565025,1.570800550927756
135.360,0.47562148443213914,0.19761108285251897,1.5707903490996304
135.392,0.4584495636640391,0.19761107998177482,1.5707819757065113
135.424,0.44127776594080553,0.19761107769383263,1.5707751268257542
135.456,0.4241060688462956,0.19761107586945595,1.5707695487942872
135.488,0.406934453656619,0.1976110744141983,1.5707650288003732
135.520,0.38976290477260317,0.19761107325318308,1.570761387766161
135.552,0.3725914092507078,0.19761107232694428,1.570758474831278
135.584,0.3554199564063334,0.19761107158815663,1.570756162959383
135.616,0.3382485374727355,0.1976110709990824,1.5707543453435167
135.648,0.32107714530484527,0.19761107052957863,1.5707529323948883
135.680,0.3039057741210907,0.1976110701555405,1.5707518491744303
135.712,0.2867344192785368,0.19761106985767804,1.5707510331761247
135.744,0.2695630770778836,0.19761106962055158,1.5707504324030361
135.776,0.2523917445954745,0.1976110694318058,1.5707500036966275
135.808,0.23522041953974734,0.19761106928156033,1.570749711291389
135.840,0.2180491001296839,0.197611069161922,1.5707495255730404
135.872,0.20087778499287742,0.19761106906659426,1.5707494220215847
135.904,0.18370647308090668,0.19761106899056297,1.5707493803217707
135.936,0.16653516359979362,0.19761106892984456,1.5707493836238988
135.968,0.1493638559534475,0.19761106888128235,1.5707494179380264
136.000,0.1321925496981519,0.1976110688423822,1.5707494716447552
136.032,0.11502124450632562,0.19761106881117818,1.5707495351061898
136.064,0.0978499401379769,0.19761106878612594,1.5707496003612258
136.096,0.08067863641846133,0.19761106876601334,1.5707496608902747
136.128,0.06350733322134242,0.1976110687498884,1.5707497114356548
136.160,0.04633603045533027,0.19761106873700185,1.570749747865155
136.192,0.029164728054439783,0.19761106872675896,1.5707497670677277
136.224,0.011993425970655953,0.19761106871868203,1.5707497668717045
136.256,-0.005177875831472887,0.1976110687123807,1.5707497459774449
136.288,-0.02234917737878134,0.19761106870752954,1.5707497038977296
136.320,-0.03952047869234158,0.197611068703851,1.5707496409006072
136.352,-0.05669177978951378,0.19761106870110476,1.5707495579506894
136.384,-0.07386308068541206,0.19761106869907988,1.570749456646042
136.416,-0.0910343813939495,0.19761106869759118,1.5707493391489207
136.448,-0.10820568192858133,0.1976110686964784,1.5707492081094805
136.480,-0.1253769823028302,0.19761106869560582,1.5707490665824446
136.512,-0.14254828253064963,0.1976110686948637,1.570748917937379
136.544,-0.15971958262666286,0.19761106869416883,1.5707487657637722
136.576,-0.17689088260629784,0.19761106869346476,1.570748613772568
136.608,-0.19406218248583154,0.19761106869272185,1.5707484656961028
136.640,-0.21123348228235084,0.19761106869193432,1.5707483251886256
136.672,-0.2284047820136337,0.19761106869111703,1.5707481957296656
136.704,-0.24557608169795722,0.19761106869030076,1.57074808053253
136.736,-0.2627473813538383,0.19761106868952644,1.5707479824601416
136.768,-0.27991868099971723,0.19761106868883943,1.570747903950255
136.800,-0.29708998065359815,0.19761106868828254,1.5707478469518876
136.832,-0.31426128033266065,0.19761106868789083,1.5707478128745058
136.864,-0.3314325800528628,0.1976110686876872,1.5707478025512043
136.896,-0.3486038798285546,0.1976110686876791,1.5707478162167503
136.928,-0.3657751796721212,0.19761106868785686,1.5707478535009842
136.960,-0.38294647959367517,0.19761106868819475,1.5707479134377098
136.992,-0.40011777960081385,0.19761106868865216,1.5707479944887686
137.024,-0.4172890796984535,0.1976110686891786,1.5707480945826837
137.056,-0.43446037988874847,0.19761106868971756,1.57074821116684
137.088,-0.45163168017109884,0.19761106869021228,1.5707483412718688
137.120,-0.4688029805422438,0.19761106869061157,1.5707484815865995
137.152,-0.48597428099643564,0.19761106869087422,1.570748628541691
137.184,-0.5031455815256819,0.19761106869097345,1.5707487783998282
137.216,-0.5203168821200451,0.19761106869089956,1.5707489273502229
137.248,-0.5374881827679815,0.1976110686906606,1.5707490716050456
137.280,-0.5546594834567071,0.19761106869028117,1.570749207495362
137.312,-0.5718307841725727,0.19761106868980063,1.5707493315641736
137.344,-0.5890020849014351,0.19761106868926817,1.5707494406541842
137.376,-0.6061733856290161,0.19761106868873857,1.5707495319880962
137.408,-0.6233446863412366,0.19761106868826586,1.570749603239363
137.440,-0.6405159870245253,0.1976110686878982,1.5707496525915972
137.472,-0.6576872876660964,0.19761106868767359,1.5707496787850854
137.504,-0.6748585882541984,0.19761106868761433,1.5707496811491943
137.536,-0.6920298887783357,0.19761106868772663,1.570749659619807
137.568,-0.709201189229464,0.19761106868799883,1.5707496147413023
137.600,-0.7263724896001634,0.19761106868840259,1.5707495476529887
137.632,-0.7435437898847916,0.19761106868889647,1.5707494600603107
137.664,-0.7607150900796148,0.19761106868942951,1.5707493541915425
137.696,-0.7778863901829156,0.1976110686899467,1.5707492327410564
137.728,-0.7950576901950761,0.19761106869039427,1.5707490988006148
137.760,-0.8122289901186256,0.19761106869072556,1.5707489557804564
137.792,-0.8294002899582505,0.19761106869090525,1.570748807322205
137.824,-0.846571589720758,0.19761106869091366,1.5707486572058516
137.856,-0.8637428894149825,0.1976110686907482,1.570748509253212
137.888,-0.8809141890516344,0.1976110686904241,1.5707483672303644
137.920,-0.8980854886430852,0.19761106868997236,1.57074823475157
137.952,-0.915256788203088,0.197611068689437,1.5707481151871638
137.984,-0.9324280877464385,0.19761106868887088,1.5707480115777637
138.016,-0.9495993872885844,0.1976110686883301,1.5707479265569846
138.048,-0.966770686845192,0.19761106868786818,1.5707478622846356
138.080,-0.9839419864316894,0.19761106868753128,1.5707478203920604
138.112,-1.0011132860627996,0.19761106868735276,1.5707478019409893
138.144,-1.0182845857520866,0.19761106868735026,1.570747807396918
138.176,-1.035455885511531,0.19761106868752426,1.570747836617648
138.208,-1.052627185351156,0.19761106868785738,1.5707478888572433
138.240,-1.0697984852787215,0.1976110686883164,1.5707479627852616
138.272,-1.0869697852994942,0.19761106868885567,1.5707480565207588
138.304,-1.1041410854161098,0.19761106868942188,1.5707481676801676
138.336,-1.1213123856285256,0.1976110686899585,1.5707482934378478
138.368,-1.1384836859340663,0.19761106869041314,1.5707484305977544
138.400,-1.155654986327554,0.1976110686907411,1.5707485756744464
138.432,-1.1728262868015176,0.19761106869091083,1.5707487249813838
138.464,-1.189997587346463,0.1976110686909069,1.5707488747243148
138.496,-1.2071688879511948,0.19761106869073136,1.5707490210974144
138.528,-1.2243401886031664,0.19761106869040346,1.5707491603797628
138.560,-1.241511489288851,0.1976110686899581,1.570749289029753
138.592,-1.2586827899941124,0.1976110686894416,1.570749403775037
138.624,-1.2758540907045663,0.19761106868890757,1.570749501695751
138.656,-1.293025391405922,0.19761106868841116,1.5707495802988884
138.688,-1.3101966920843,0.19761106868800343,1.57074963758194
138.720,-1.3273679927265187,0.19761106868772635,1.5707496720841352
138.752,-1.3445392933203537,0.1976110686876084,1.5707496829239662
138.784,-1.3617105938547667,0.1976110686876616,1.570749669822006
138.816,-1.37888189432011,0.1976110686878803,1.5707496331083803
138.848,-1.3960531947083066,0.19761106868824244,1.5707495737146924
138.880,-1.4132244950130108,0.1976110686887104,1.570749493150552
138.912,-1.430395795229745,0.19761106868923622,1.5707493934653018
138.944,-1.4475670953560171,0.1976110686897657,1.5707492771958755
138.976,-1.4647383953914124,0.19761106869024384,1.570749147302149
139.008,-1.4819096953376538,0.1976110686906211,1.5707490070914092
139.040,-1.4990809951986257,0.19761106869085762,1.570748860133907
139.072,-1.5162522949803559,0.19761106869092798,1.5707487101716728
139.104,-1.5334235946909403,0.19761106869082334,1.5707485610229321
139.136,-1.550594894340415,0.19761106869055267,1.57074841648462
139.168,-1.5677661939405625,0.19761106869014167,1.5707482802354933
139.200,-1.5849374935046552,0.19761106868963024,1.5707481557423355
139.232,-1.6021087930471352,0.1976110686890689,1.5707480461716743
139.264,-1.6192800925832431,0.19761106868851275,1.570747954309258
139.296,-1.6364513921285966,0.19761106868801742,1.5707478824893335
139.328,-1.653622691698739,0.1976110686876319,1.5707478325355217
139.360,-1.6707939913086762,0.19761106868739445,1.5707478057147601
139.392,-1.6879652909724134,0.19761106868732892,1.5707478027054542
139.424,-1.7051365907025187,0.1976110686874418,1.5707478235806072
139.456,-1.7223078905097298,0.19761106868772188,1.5707478678063218
139.488,-1.739479190402622,0.19761106868814104,1.5707479342556754
139.520,-1.7566504903873503,0.19761106868865794,1.570748021237578
139.552,-1.7738217904674765,0.19761106868922107,1.5707481265398724
139.584,-1.790993090643892,0.19761106868977474,1.5707482474855645
139.616,-1.8081643909148297,0.19761106869026404,1.5707483810007496
139.648,-1.825335691275966,0.19761106869064124,1.5707485236925471
139.680,-1.8425069917206018,0.19761106869086953,1.570748671935062
139.712,-1.8596782922399149,0.1976110686909278,1.5707488219612313
139.744,-1.8768495928232627,0.19761106869081155,1.5707489699582675
139.776,-1.894020893458527,0.19761106869053444,1.57074911216429
139.808,-1.9111921941324777,0.19761106869012574,1.5707492449637435
139.840,-1.9283634948311443,0.1976110686896286,1.5707493649791866
139.872,-1.9455347955401834,0.19761106868909448,1.5707494691571402
139.904,-1.962706096245228,0.1976110686885787,1.5707495548458283
139.936,-1.9798773969322128,0.1976110686881343,1.5707496198628084
139.968,-1.9970486975876731,0.19761106868780706,1.5707496625507624
140.000,-2.0142199981990134,0.1976110686876306,1.5707496818200146
140.032,-2.0313912987547478,0.1976110686876229,1.5707496771766214
140.064,-2.04856259924471,0.197611068687785,1.5707496487353312
140.096,-2.0657338996602452,0.19761106868809994,1.5707495972170011
140.128,-2.0829051999943737,0.19761106868853548,1.5707495239305211
140.160,-2.1000765002419417,0.1976110686890469,1.5707494307396874
140.192,-2.117247800399739,0.1976110686895813,1.5707493200158245
140.224,-2.1344191004666047,0.19761106869008366,1.570749194577392
140.256,-2.151590400443498,0.19761106869050185,1.5707490576180911
140.288,-2.1687617003335378,0.19761106869079173,1.5707489126253273
140.320,-2.1859330001419965,0.19761106869092276,1.5707487632911497
140.352,-2.2031042998762485,0.19761106869087997,1.5707486134179405
140.384,-2.220275599545661,0.19761106869066583,1.570748466821321
140.416,-2.2374468991614225,0.1976110686903006,1.5707483272327607
140.448,-2.2546181987363108,0.19761106868981948,1.5707481982044071
140.480,-2.271789498284393,0.1976110686892695,1.570748083018592
140.512,-2.2889607978206707,0.19761106868870512,1.5707479846043124
140.544,-2.306132097360678,0.1976110686881823,1.5707479054628286
140.576,-2.323303396920035,0.19761106868775286,1.5707478476042558
140.608,-2.340474696513991,0.19761106868745956,1.570747812496734
140.640,-2.3576459961569545,0.19761106868733166,1.5707478010294507
140.672,-2.374817295862048,0.19761106868738193,1.570747813490415
140.704,-2.391988595640697,0.19761106868760522,1.5707478495594958
140.736,-2.409159895502275,0.19761106868797937,1.570747908316895
140.768,-2.4263311954538134,0.1976110686884672,1.5707479882667663
140.800,-2.4435024954998057,0.1976110686890202,1.5707480873753952
140.832,-2.46067379564209,0.19761106868958356,1.570748203122933
140.864,-2.47784509587983,0.1976110686901015,1.5707483325673746
140.896,-2.4950163962095897,0.19761106869052322,1.570748472419155
140.928,-2.5121876966254826,0.19761106869080758,1.5707486191245192
140.960,-2.5293589971194046,0.19761106869092732,1.5707487689555435
140.992,-2.5465302976813184,0.19761106869087208,1.570748918104572
141.024,-2.5637015982995868,0.19761106869064918,1.5707490627807104
141.056,-2.5808728989613288,0.19761106869028272,1.5707491993059437
141.088,-2.5980441996527937,0.19761106868981132,1.5707493242084822
141.120,-2.615215500359728,0.1976110686892841,1.5707494343109696
141.152,-2.632386801067734,0.1976110686887557,1.5707495268113187
141.184,-2.6495581017626035,0.1976110686882803,1.5707495993541403
141.216,-2.6667294024306276,0.1976110686879071,1.5707496500908933
141.248,-2.6839007030588746,0.1976110686876744,1.570749677727243
141.280,-2.7010720036354394,0.19761106868760592,1.5707496815563553
141.312,-2.718243304149666,0.197611068687709,1.5707496614772751
141.344,-2.735414604592346,0.1976110686879728,1.570749617997845
141.376,-2.7525859049558896,0.19761106868837033,1.570749552222085
141.408,-2.7697572052344808,0.19761106868886066,1.570749465822309
141.440,-2.7869285054242092,0.19761106868939332,1.5707493609966692
141.472,-2.80409980552318,0.19761106868991327,1.5707492404132057
141.504,-2.8212711055315967,0.19761106869036665,1.5707491071418183
141.536,-2.838442405451812,0.19761106869070616,1.5707489645759112
141.568,-2.85561370528834,0.19761106869089612,1.5707488163457417
141.600,-2.872785005047822,0.19761106869091535,1.5707486662256898
141.632,-2.8899563047389356,0.19761106869076048,1.5707485180378642
141.664,-2.90712760437225,0.1976110686904452,1.5707483755545282
141.696,-2.924298903960011,0.19761106869,1.5707482424018597
141.728,-2.941470203515868,0.1976110686894684,1.5707481219675323
141.760,-2.9586415030545354,0.1976110686889028,1.570748017314477
141.792,-2.975812802591409,0.19761106868835898,1.5707479311030272
141.824,-2.9929841021421297,0.19761106868789102,1.570747865523425
141.856,-3.010155401722131,0.19761106868754552,1.5707478222403837
141.888,-3.0273267013461704,0.19761106868735676,1.5707478023510917
141.920,-3.0444980010278764,0.1976110686873436,1.5707478063576872
141.952,-3.061669300779317,0.1976110686875074,1.5707478341548684
141.984,-3.0788406006106275,0.19761106868783185,1.5707478850329162
142.016,-3.0960119005296955,0.1976110686882845,1.5707479576960104
142.048,-3.113183200541929,0.19761106868882053,1.5707480502953604
142.080,-3.1303545006501117,0.19761106868938674,1.5707481604762747
142.112,-3.14752580085435,0.19761106868992687,1.5707482854379813
142.144,-3.164697101152112,0.19761106869038797,1.5707484220046761
142.176,-3.1818684015383556,0.19761106869072467,1.5707485667060155
142.208,-3.1990397020057304,0.19761106869090478,1.5707487158650382
142.240,-3.2162110025448474,0.19761106869091147,1.5707488656913065
142.272,-3.233382303144594,0.19761106869074596,1.570749012376943
142.304,-3.250553603792488,0.19761106869042647,1.5707491521931654
142.336,-3.2677249044750423,0.197611068689987,1.570749281584882
142.368,-3.2848962051781405,0.1976110686894736,1.5707493972609776
142.400,-3.302067505887396,0.197611068688939,1.5707494962780042
142.432,-3.319238806588497,0.19761106868843886,1.5707495761151549
142.464,-3.3364101072675245,0.19761106868802447,1.5707496347385952
142.496,-3.3535814079112414,0.19761106868773862,1.5707496706535031
142.528,-3.370752708507354,0.19761106868761055,1.5707496829424556
142.560,-3.3879240090447404,0.19761106868765324,1.5707496712891567
142.592,-3.4050953095136594,0.19761106868786263,1.5707496359868567
142.624,-3.42226660990593,0.1976110686882168,1.5707495779312113
142.656,-3.439437910215093,0.19761106868867964,1.5707494985977404
142.688,-3.4566092104365507,0.1976110686892035,1.5707494000044149
142.720,-3.4737805105676847,0.19761106868973438,1.5707492846603368
142.752,-3.4909518106079496,0.19761106869021713,1.5707491555017896
142.784,-3.508123110558934,0.19761106869060172,1.570749015817328
142.816,-3.5252944104243897,0.19761106869084766,1.570748869163804
142.848,-3.542465710210212,0.19761106869092857,1.570748719275524
142.880,-3.5596370099243737,0.19761106869083445,1.5707485699688652
142.912,-3.5768083095767955,0.1976110686905732,1.5707484250448325
142.944,-3.593979609179159,0.1976110686901697,1.5707482881920594
142.976,-3.6111509087446523,0.19761106868966302,1.5707481628927655
143.008,-3.6283222082876563,0.19761106868910305,1.5707480523340662
143.040,-3.645493507823371,0.19761106868854522,1.5707479593269131
143.072,-3.6626648073674035,0.1976110686880447,1.5707478862347364
143.104,-3.679836106935314,0.1976110686876513,1.5707478349135628
143.136,-3.697007406542151,0.19761106868740413,1.5707478066651326
143.168,-3.7141787062019938,0.19761106868732778,1.570747802204165
143.200,-3.7313500059275073,0.19761106868742992,1.5707478216405653
143.232,-3.7485213057295494,0.19761106868770062,1.570747864476989
143.264,-3.765692605616834,0.19761106868811243,1.5707479296217906
143.296,-3.7828639055956663,0.19761106868862482,1.5707480154169944
143.328,-3.800035205669769,0.1976110686891866,1.5707481196805586
143.360,-3.8172065058401947,0.1976110686897424,1.5707482397618433
143.392,-3.834377806105335,0.1976110686902372,1.5707483726088807
143.424,-3.851549106461014,0.1976110686906223,1.5707485148457532
143.456,-3.868720406900673,0.19761106869086048,1.5707486628581213
143.488,-3.8858917074156065,0.19761106869092937,1.5707488128847897
143.520,-3.903063007995274,0.19761106869082343,1.5707489611129914
143.552,-3.9202343086276357,0.19761106869055542,1.570749103775019
143.584,-3.937405609299517,0.19761106869015357,1.5707492372437852
143.616,-3.9545769099969825,0.19761106868966039,1.5707493581248952
143.648,-3.9717482107057003,0.19761106868912698,1.5707494633429289
143.680,-3.988919511411294,0.19761106868860842,1.5707495502197195
143.712,-4.006090812099672,0.1976110686881584,1.570749616542654
143.744,-4.023262112757324,0.19761106868782286,1.5707496606212308
143.776,-4.040433413371596,0.19761106868763656,1.5707496813304092
143.808,-4.057604713930925,0.19761106868761852,1.5707496781396109
143.840,-4.074776014425061,0.19761106868777045,1.5707496511265964
143.872,-4.091947314845253,0.19761106868807696,1.5707496009758357
143.904,-4.109118615184415,0.19761106868850647,1.570749528961368
143.936,-4.126289915437276,0.1976110686890147,1.570749436914556
143.968,-4.143461215600507,0.19761106868954936,1.570749327177557
144.000,-4.16063251567282,0.1976110686900553,1.5707492025436611
144.032,-4.177803815655045,0.19761106869047992,1.5707490661860513
144.064,-4.194975115550166,0.1976110686907786,1.5707489215768018
144.096,-4.212146415363328,0.19761106869092002,1.5707487723981994
144.128,-4.229317715101782,0.19761106869088776,1.5707486224486866
144.160,-4.246489014774776,0.19761106869068354,1.5707484755458654
144.192,-4.263660314393395,0.19761106869032644,1.5707483354290503
144.224,-4.280831613970326,0.197611068689851,1.570748205663894
144.256,-4.2980029135195705,0.19761106868930384,1.5707480895515467
144.288,-4.315174213056084,0.19761106868873876,1.5707479900446466
144.320,-4.332345512595378,0.1976110686882117,1.5707479096723111
144.352,-4.349516812153083,0.19761106868777542,1.5707478504760106
144.384,-4.366688111744482,0.19761106868747289,1.5707478139579383
144.416,-4.38385941138405,0.19761106868733436,1.5707478010431681
144.448,-4.401030711084996,0.1976110686873737,1.5707478120565048
144.480,-4.418202010858862,0.19761106868758693,1.5707478467146012
144.512,-4.435373310715153,0.19761106868795292,1.5707479041334895
144.544,-4.452544610661051,0.19761106868843514,1.570747982851303
144.576,-4.469715910701207,0.19761106868898573,1.5707480808655927
144.608,-4.486887210837618,0.19761106868955006,1.570748195684278
144.640,-4.504058511069614,0.19761106869007225,1.570748324388917
144.672,-4.5212298113939084,0.19761106869050113,1.5707484637087217
144.704,-4.53840111180476,0.1976110686907948,1.5707486101034465
144.736,-4.555572412294189,0.19761106869092498,1.570748759853071
144.768,-4.5727437128522705,0.19761106869088046,1.5707489091520317
144.800,-4.58991501346745,0.19761106869066708,1.5707490542056677
144.832,-4.607086314126914,0.1976110686903084,1.570749191326424
144.864,-4.624257614816951,0.19761106868984207,1.5707493170274323
144.896,-4.641428915523332,0.1976110686893167,1.5707494281110994
144.928,-4.658600216231655,0.19761106868878664,1.570749521750454
144.960,-4.675771516927691,0.19761106868830652,1.570749595561187
144.992,-4.692942817597695,0.19761106868792594,1.570749647662548
145.024,-4.710114118228678,0.19761106868768394,1.570749676725509
145.056,-4.727285418808669,0.19761106868760522,1.5707496820069444
145.088,-4.744456719326927,0.19761106868769798,1.570749663368924
145.120,-4.761628019774153,0.1976110686879526,1.5707496212825867
145.152,-4.778799320142653,0.19761106868834313,1.5707495568164525
145.184,-4.795970620426502,0.1976110686888292,1.5707494716094512
145.216,-4.813141920621669,0.1976110686893607,1.57074936782932
145.248,-4.830313220726133,0.19761106868988304,1.5707492481174345
145.280,-4.84748452073997,0.19761106869034195,1.5707491155214692
145.312,-4.864655820665401,0.19761106869068967,1.5707489734176097
145.344,-4.881827120506811,0.19761106869088932,1.5707488254243447
145.376,-4.898998420270713,0.19761106869091918,1.5707486753100375
145.408,-4.916169719965667,0.1976110686907745,1.5707485268966819
145.440,-4.933341019602129,0.1976110686904683,1.57074838396233
145.472,-4.950512319192253,0.1976110686900299,1.5707482501446957
145.504,-4.967683618749611,0.19761106868950212,1.570748128848443
145.536,-4.984854918288865,0.19761106868893696,1.570748023158501
145.568,-5.002026217825379,0.19761106868839023,1.570747935761644
145.600,-5.019197517374794,0.19761106868791628,1.5707478688783223
145.632,-5.036368816952568,0.19761106868756226,1.5707478242064457
145.664,-5.053540116573514,0.1976110686873634,1.5707478028785413
145.696,-5.07071141625134,0.19761106868733944,1.5707478054333301
145.728,-5.087882715998222,0.1976110686874926,1.5707478318024046
145.760,-5.105054015824418,0.19761106868780817,1.5707478813123181
145.792,-5.122225315737964,0.19761106868825415,1.5707479527019852
145.824,-5.139396615744421,0.19761106868878672,1.5707480441549342
145.856,-5.156567915846735,0.1976110686893526,1.570748153345562
145.888,-5.173739216045174,0.19761106868989586,1.5707482774982222
145.920,-5.190910516337363,0.19761106869036316,1.570748413457639
145.952,-5.2080818167184075,0.19761106869070863,1.5707485577688876
145.984,-5.225253117181091,0.19761106869089876,1.5707487067649215
146.016,-5.242424417716137,0.1976110686909162,1.5707488566594612
146.048,-5.2595957183125295,0.19761106869076073,1.5707490036429361
146.080,-5.276767018957859,0.1976110686904498,1.570749143979043
146.112,-5.293938319638688,0.19761106869001638,1.5707492740995348
146.144,-5.311109620340927,0.19761106868950581,1.5707493906948302
146.176,-5.3282809210501965,0.19761106868897105,1.5707494907981736
146.208,-5.345452221752172,0.19761106868846723,1.5707495718611895
146.240,-5.362623522432901,0.1976110686880464,1.5707496318189043
146.272,-5.379794823079099,0.1976110686877517,1.5707496691425857
146.304,-5.3969661236784034,0.19761106868761355,1.5707496828789775
146.336,-5.4141374242196205,0.19761106868764577,1.5707496726749468
146.368,-5.431308724692919,0.1976110686878455,1.5707496387868347
146.400,-5.448480025090016,0.1976110686881917,1.5707495820742676
146.432,-5.465651325404346,0.19761106868864933,1.5707495039785286
146.464,-5.482822625631195,0.197611068689171,1.5707494064860317
146.496,-5.4999939257678205,0.19761106868970293,1.5707492920778041
146.528,-5.5171652258135495,0.19761106869019013,1.570749163666264
146.560,-5.534336525769839,0.1976110686905819,1.5707490245209186
146.592,-5.551507825640312,0.19761106869083728,1.5707488781848864
146.624,-5.568679125430734,0.19761106869092862,1.5707487283843948
146.656,-5.585850425148955,0.19761106869084516,1.5707485789336115
146.688,-5.6030217248047824,0.19761106869059358,1.5707484336372535
146.720,-5.620193024409796,0.19761106869019754,1.5707482961934873
146.752,-5.637364323977105,0.197611068689696,1.5707481700996346
146.784,-5.654535623521024,0.19761106868913775,1.5707480585630984
146.816,-5.671706923056716,0.197611068688578,1.5707479644197744
146.848,-5.688878222599778,0.1976110686880725,1.5707478900620495
146.880,-5.706049522165782,0.19761106868767128,1.5707478373781856
146.912,-5.723220821769825,0.19761106868741435,1.570747807704606
146.944,-5.740392121426057,0.19761106868732742,1.570747801792276
146.976,-5.757563421147238,0.19761106868741876,1.5707478197879927
147.008,-5.774734720944348,0.1976110686876797,1.5707478612310115
147.040,-5.7919060208262385,0.19761106868808404,1.570747925065067
147.072,-5.809077320799366,0.1976110686885916,1.570748009665453
147.104,-5.826248620867616,0.1976110686891521,1.5707481128804477
147.136,-5.8434199210322,0.19761106868970987,1.570748232086014
147.168,-5.86059122129167,0.19761106869020964,1.5707483642524063
147.200,-5.877762521642003,0.1976110686906028,1.5707485060209787
147.232,-5.894933822076776,0.1976110686908506,1.570748653789292
147.264,-5.912105122587408,0.19761106869093006,1.5707488038023627
147.296,-5.92927642316346,0.19761106869083464,1.5707489522478038
147.328,-5.94644772379297,0.1976110686905756,1.570749095352432
147.360,-5.963619024462825,0.19761106869018094,1.5707492294779644
147.392,-5.9807903251591235,0.19761106868969197,1.5707493512133774
147.424,-5.997961625867547,0.19761106868915937,1.57074945746159
147.456,-6.015132926573715,0.19761106868863848,1.570749545518299
147.488,-6.032304227263507,0.1976110686881829,1.5707496131409329
147.520,-6.04947552792337,0.19761106868783937,1.570749658605961
147.552,-6.066646828540591,0.19761106868764333,1.570749680753087
147.584,-6.083818129103537,0.1976110686876148,1.5707496790151432
147.616,-6.100989429601869,0.19761106868775669,1.5707496534329008
147.648,-6.118160730026741,0.19761106868805461,1.570749604654383
147.680,-6.135332030370963,0.19761106868847766,1.5707495339186535
147.712,-6.152503330629149,0.19761106868898257,1.5707494430244755
147.744,-6.16967463079785,0.19761106868951728,1.5707493342846106
147.776,-6.186845930875652,0.19761106869002634,1.5707492104669205
147.808,-6.204017230863253,0.19761106869045725,1.5707490747237776
147.840,-6.221188530763509,0.19761106869076464,1.5707489305115943
147.872,-6.238359830581434,0.19761106869091613,1.570748781502546
147.904,-6.25553113032415,0.19761106869089456,1.5707486314907813
147.936,-6.272702430000794,0.1976110686907005,1.5707484842955204
147.968,-6.28987372962234,0.19761106869035192,1.5707483436635736
148.000,-6.307045029201391,0.1976110686898824,1.570748213173768
148.032,-6.324216328751874,0.19761106868933806,1.5707480961457576
148.064,-6.3413876282886985,0.19761106868877243,1.5707479955555461
148.096,-6.358558927827357,0.19761106868824163,1.5707479139598701
148.128,-6.375730227383483,0.1976110686877984,1.5707478534313668
148.160,-6.392901526972396,0.19761106868748668,1.5707478155061454
148.192,-6.41007282660863,0.19761106868733772,1.5707478011450773
148.224,-6.427244126305487,0.19761106868736616,1.5707478107097388
148.256,-6.4444154260746185,0.19761106868756942,1.5707478439535918
148.288,-6.461586725925662,0.19761106868792702,1.5707479000285833
148.320,-6.478758025865948,0.19761106868840345,1.5707479775069602
148.352,-6.495929325900282,0.19761106868895137,1.570748074417731
148.384,-6.51310062603083,0.1976110686895165,1.5707481882968097
148.416,-6.530271926257078,0.19761106869004286,1.570748316249595
148.448,-6.547443226575895,0.19761106869047868,1.5707484550243829
148.480,-6.564614526981683,0.1976110686907814,1.5707486010947624
148.512,-6.581785827466592,0.19761106869092201,1.5707487507489668
148.544,-6.598957128020804,0.19761106869088804,1.5707489001838828
148.576,-6.616128428632854,0.1976110686906845,1.570749045601434
148.608,-6.633299729289996,0.1976110686903336,1.5707491833048675
148.640,-6.65047102997856,0.19761106868987263,1.5707493097925682
148.672,-6.6676423306843375,0.19761106868934913,1.570749421847003
148.704,-6.684813631392929,0.19761106868881786,1.570749516616579
148.736,-6.701984932090086,0.19761106868833328,1.5707495916882972
148.768,-6.7191562327620264,0.1976110686879454,1.5707496451493703
148.800,-6.7363275333957064,0.1976110686876941,1.5707496756362043
148.832,-6.753498833979085,0.19761106868760514,1.5707496823694487
148.864,-6.770670134501346,0.1976110686876876,1.5707496651742205
148.896,-6.787841434953092,0.1976110686879329,1.570749624484911
148.928,-6.805012735326531,0.19761106868831627,1.570749561334439
148.960,-6.822184035615625,0.19761106868879774,1.5707494773281967
148.992,-6.839355335816225,0.1976110686893282,1.5707493746033003
149.024,-6.856526635926185,0.19761106868985254,1.570749255774218
149.056,-6.8736979359454535,0.19761106869031686,1.570749123866107
149.088,-6.890869235876122,0.19761106869067246,1.5707489822376202
149.120,-6.9080405357224395,0.19761106869088188,1.5707488344951386
149.152,-6.9252118354907966,0.19761106869092224,1.5707486844006526
149.184,-6.942383135189628,0.1976110686907881,1.5707485357756819
149.216,-6.959554434829284,0.19761106869049103,1.5707483924037096
149.248,-6.976725734421821,0.19761106869005937,1.5707482579336516
149.280,-6.993897033980736,0.19761106868953582,1.5707481357868363
149.312,-7.011068333520634,0.19761106868897138,1.5707480290699027
149.344,-7.028239633056847,0.197611068688422,1.570747940495819
149.376,-7.045410932605014,0.19761106868794215,1.5707478723150314
149.408,-7.062582232180617,0.19761106868757958,1.5707478262584897
149.440,-7.079753531798522,0.19761106868737063,1.5707478034939568
149.472,-7.096924831472514,0.19761106868733572,1.5707478045966858
149.504,-7.114096131214874,0.19761106868747846,1.5707478295351727
149.536,-7.1312674310359885,0.19761106868778494,1.5707478776723072
149.568,-7.148438730944033,0.19761106868822426,1.570747947781858
149.600,-7.162897053239069,0.19761106698057937,1.568495609019542
149.632,-7.1753130706503185,0.19761093952502193,1.5681641497621472
149.664,-7.186560082514955,0.19761090505815435,1.568245994169778
149.696,-7.196091273942281,0.1976109018803458,1.568245673531529
149.728,-7.204772959445212,0.1976110916017832,1.568435540939564
149.760,-7.213317580214135,0.19761148408873322,1.5688044842132756
149.792,-7.221779321734585,0.19761193665826002,1.5693929850063297
149.824,-7.230081463183359,0.1976124035846089,1.5699629055785473
149.856,-7.238296469875627,0.1976128771575083,1.5704297239686171
149.888,-7.246425842491483,0.1976133222699369,1.5707906325482062
149.920,-7.254464477999807,0.19761371588359128,1.5710664654156756
149.952,-7.269010594527852,0.19764353343803095,1.5751730230096386
149.984,-7.284318786170248,0.19763921728439457,1.5748579143671677
150.016,-7.299744153007795,0.19763400852050972,1.5741233983338987
150.048,-7.315170350278569,0.19762958623272558,1.5734703217706567
150.080,-7.3270371673392605,0.1976263450123767,1.5705335711877872
150.112,-7.341814123995709,0.1976233269420718,1.5728344240156384
150.144,-7.353266787485146,0.1976212228062733,1.570274258165833
150.176,-7.362425977978803,0.1976191680943643,1.5695714017394398
150.208,-7.376474487184727,0.19761801770782353,1.57289486059587
150.240,-7.391068532798315,0.19761678299074414,1.572887507482441
150.272,-7.4057412367203845,0.19761573135500923,1.5725190280570003
150.304,-7.420419328729688,0.19761484437787968,1.5721748673650056
150.336,-7.435092850157625,0.19761410782341285,1.571893344205496
150.368,-7.449760678218439,0.19761350477524875,1.5716667521442995
150.400,-7.464422898958704,0.1976130162049222,1.5714846988550875
150.432,-7.479080661532287,0.1976126232704497,1.571338484812506
150.464,-7.493735548800042,0.1976123087564163,1.571221141537412
150.496,-7.50838833784563,0.19761205772450435,1.571126816807994
150.528,-7.523039403531772,0.1976118576168762,1.5710509459682247
150.560,-7.537689017589412,0.1976116981446507,1.5709899519455635
150.592,-7.552337269598115,0.1976115710203459,1.5709409156892113
150.624,-7.562973671943226,0.19761147585057595,1.5683887389603255
150.656,-7.5769257928285825,0.1976117628944102,1.5711859119388942
150.688,-7.591257994489352,0.19761168982447433,1.5714104855736124
150.720,-7.605643239669352,0.19761158914353052,1.571320719544298
150.752,-7.6200350126617895,0.1976114969767216,1.5712124232105278
150.784,-7.634426850659128,0.19761141774880675,1.5711210815336285
150.816,-7.648817867610269,0.19761135117534542,1.571047542800473
150.848,-7.663208091618578,0.19761129605812358,1.5709887210551097
150.880,-7.677597671048252,0.19761125095882284,1.570941636743867
150.912,-7.691986725571119,0.19761121439879292,1.5709038646128946
150.944,-7.7063753426121195,0.19761118496870353,1.5708734937338211
150.976,-7.7207635866193405,0.19761116139515628,1.5708490261454033
151.008,-7.735151475302678,0.19761114257303575,1.5708292794647094
151.040,-7.749538993616646,0.19761112757146934,1.5708133217774087
151.072,-7.763926176095788,0.1976111156235513,1.5708004295612108
151.104,-7.778313060493721,0.19761110610875265,1.5707900185100632
151.136,-7.792699683979836,0.19761109852946399,1.5707816180103344
151.168,-7.807086082139468,0.19761109248934705,1.5707748479079096
151.200,-7.821472288333892,0.19761108767376334,1.5707693998659722
151.232,-7.835858333210255,0.19761108383315282,1.570765022961937
151.264,-7.8502442443707015,0.19761108076945152,1.5707615125598344
151.296,-7.864630046206388,0.19761107832525587,1.570758701625512
151.328,-7.879015759882462,0.1976110763752826,1.5707564538610186
151.360,-7.893401403447603,0.19761107481967885,1.5707546582063832
151.392,-7.907786992036832,0.1976110735787812,1.5707532243838633
151.424,-7.922172538136594,0.19761107258899588,1.5707520792503327
151.456,-7.936558051884546,0.19761107179954476,1.5707511637871567
151.488,-7.95094354138132,0.1976110711698857,1.5707504306013937
151.520,-7.9653290129968335,0.19761107066765662,1.5707498418433214
151.552,-7.979714471658744,0.19761107026703464,1.5707493674672215
151.584,-7.994099921115029,0.19761106994742375,1.5707489837780488
151.616,-8.00429815122425,0.19761104580167846,1.5681922221224207
151.648,-8.017960846938186,0.19761148093998734,1.5710576196492607
151.680,-8.032014624294955,0.19761147539015655,1.5713168957129457
151.712,-8.046123220688365,0.1976114220418561,1.5712486327968966
151.744,-8.060238725630738,0.19761136591904724,1.5711559379358826
151.776,-8.074354882056788,0.19761131449505076,1.5710766495251427
151.808,-8.088470812501669,0.1976112694948084,1.571012576490303
151.840,-8.102586406171264,0.19761123122079757,1.5709611895664364
151.872,-8.116701639631344,0.197611199358423,1.5709199360701067
151.904,-8.130816523559206,0.19761117326394703,1.5708867366204422
151.936,-8.144931057426609,0.19761115214851677,1.5708599464889785
151.968,-8.159045239805906,0.19761113520263127,1.570838278855101
152.000,-8.173159079596054,0.1976111216728333,1.5708207271530137
152.032,-8.187272592391533,0.19761111089993702,1.5708064983869854
152.064,-8.201385799525355,0.19761110233058438,1.570794963765655
152.096,-8.215498726748539,0.19761109551308734,1.5707856207555089
152.128,-8.229611402680487,0.1976110900853542,1.5707780644597535
152.160,-8.243723857263658,0.19761108576014397,1.5707719662199449
152.192,-8.25783612038762,0.19761108231066882,1.5707670576191688
152.224,-8.271948220773192,0.1976110795579885,1.5707631184412085
152.256,-8.286060185148735,0.19761107736064645,1.5707599674944461
152.288,-8.300172037709968,0.1976110756064731,1.5707574555048658
152.320,-8.314283799830022,0.1976110742062346,1.5707554595122406
152.352,-8.328395489974255,0.19761107308875503,1.5707538783734114
152.384,-8.34250712377116,0.19761107219716167,1.5707526290973253
152.416,-8.356618714193274,0.19761107148597282,1.5707516438200335
152.448,-8.370730271807904,0.1976110709188141,1.5707508672843353
152.480,-8.38484180506463,0.19761107046660734,1.5707502547265415
152.512,-8.398953320594241,0.19761107010612172,1.5707497700980668
152.544,-8.413064823500532,0.19761106981880888,1.5707493845664302
152.576,-8.427176317632489,0.19761106958986346,1.5707490752518265
152.608,-8.441287805829289,0.19761106940746825,1.5707488241635832
152.640,-8.455399290134364,0.1976110692621879,1.5707486173067189
152.672,-8.469510771977616,0.1976110691464846,1.5707484439333723
152.704,-8.483622252326825,0.19761106905433373,1.5707482959174384
152.736,-8.49773373181068,0.19761106898091785,1.5707481672337444
152.768,-8.511845210816439,0.197611068922387,1.5707480535256102
152.800,-8.525956689565708,0.19761106887566685,1.5707479517468323
152.832,-8.54006816817176,0.19761106883830948,1.5707478598661375
152.864,-8.554179646681682,0.19761106880837087,1.5707477766238234
152.896,-8.568291125106327,0.19761106878431575,1.5707477013319393
152.928,-8.582402603440723,0.19761106876493828,1.5707476337106743
152.960,-8.596514081677157,0.19761106874929688,1.5707475737548988
152.992,-8.610625559812819,0.19761106873666107,1.5707475216258222
153.024,-8.62473703785352,0.19761106872646508,1.5707474775636812
153.056,-8.638848515814697,0.19761106871827122,1.5707474418181342
153.088,-8.65295999372064,0.19761106871173745,1.5707474145936626
153.120,-8.667071471602643,0.19761106870659154,1.5707473960078489
153.152,-8.681182949496625,0.19761106870261072,1.570747386060762
153.184,-8.695294427440553,0.1976110686996048,1.5707473846140612
153.216,-8.709405905471987,0.19761106869740552,1.5707473913786352
153.248,-8.723517383625856,0.19761106869585918,1.570747405909785
153.280,-8.737628861932583,0.19761106869482223,1.5707474276090931
153.312,-8.751740340416626,0.19761106869416026,1.570747455732181
153.344,-8.76585181909544,0.19761106869375,1.5707474894016253
153.376,-8.77996329797883,0.19761106869348138,1.570747527624308
153.408,-8.794074777068676,0.19761106869326112,1.5707475693125
153.440,-8.808186256359035,0.19761106869301534,1.5707476133079512
153.472,-8.822297735836493,0.19761106869269277,1.57074765840827
153.504,-8.836409215480785,0.19761106869226583,1.5707477033948531
153.536,-8.850520695265606,0.19761106869172942,1.570747747061606
153.568,-8.86463217515958,0.19761106869109984,1.5707477882437153
153.600,-8.878743655127325,0.19761106869041076,1.5707478258457281
153.632,-8.892855135130588,0.19761106868970787,1.5707478588681945
153.664,-8.906966615129413,0.19761106868904343,1.5707478864321862
153.696,-8.921078095083303,0.19761106868846967,1.5707479078010345
153.728,-8.935189574952348,0.19761106868803213,1.5707479223986895
153.760,-8.949301054698308,0.1976110686877659,1.5707479298241933
153.792,-8.963412534285633,0.1976110686876896,1.5707479298618263
153.824,-8.977524013682363,0.19761106868780443,1.5707479224866299
153.856,-8.991635492860965,0.1976110686880935,1.570747907865095
153.888,-9.005746971799036,0.19761106868852277,1.5707478863509572
153.920,-9.019858450479877,0.19761106868904463,1.5707478584761527
153.952,-9.033969928892951,0.19761106868960276,1.5707478249371505
153.984,-9.048081407034182,0.1976110686901373,1.5707477865769914
154.016,-9.062192884906121,0.197611068690591,1.5707477443634827
154.048,-9.076304362517948,0.19761106869091538,1.5707476993641387
154.080,-9.09041583988531,0.1976110686910746,1.5707476527185251
154.112,-9.104527317030001,0.19761106869104988,1.5707476056087393
154.144,-9.118638793979494,0.19761106869084158,1.5707475592288342
154.176,-9.132750270766303,0.19761106869046796,1.570747514754002
154.208,-9.146861747427199,0.19761106868996506,1.5707474733103266
154.240,-9.160973224002317,0.19761106868938164,1.5707474359459273
154.272,-9.175084700534144,0.19761106868877498,1.5707474036042102
154.304,-9.189196177066412,0.19761106868820488,1.5707473770999445
154.336,-9.20330765364296,0.19761106868772796,1.5707473570987434
154.368,-9.217419130306565,0.1976110686873911,1.5707473441004405
154.400,-9.231530607097785,0.19761106868722783,1.5707473384267743
154.432,-9.245642084053857,0.1976110686872542,1.570747340213618
154.464,-9.259753561207699,0.1976110686874675,1.5707473494079363
154.496,-9.273865038586992,0.19761106868784636,1.570747365769487
154.528,-9.287976516213455,0.19761106868835285,1.5707473888771932
154.560,-9.302087994102259,0.19761106868893674,1.5707474181399872
154.592,-9.316199472261646,0.19761106868953962,1.570747452811843
154.624,-9.330310950692747,0.197611068690102,1.570747492010612
154.656,-9.34442242938959,0.19761106869056813,1.570747534740193
154.688,-9.358533908339313,0.19761106869089248,1.5707475799154962
154.720,-9.372645387522567,0.19761106869104392,1.5707476263896138
154.752,-9.386756866914077,0.19761106869100886,1.5707476729825285
154.784,-9.400868346483357,0.19761106869079248,1.5707477185106995
154.816,-9.414979826195536,0.19761106869041825,1.5707477618167989
154.848,-9.4290913060123,0.19761106868992542,1.5707478017988767
154.880,-9.443202785892879,0.19761106868936595,1.5707478374382557
154.912,-9.45731426579509,0.19761106868879696,1.5707478678254474
154.944,-9.471425745676376,0.19761106868827746,1.5707478921834233
154.976,-9.485537225494848,0.19761106868786105,1.5707479098876562
155.008,-9.499648705210307,0.19761106868759015,1.5707479204823636
155.040,-9.513760184785172,0.1976110686874928,1.5707479236925335
155.072,-9.527871664185387,0.19761106868757897,1.5707479194313543
155.104,-9.541983143381206,0.1976110686878399,1.5707479078028437
155.136,-9.556094622347908,0.19761106868824885,1.5707478890995399
155.168,-9.570206101066377,0.19761106868876355,1.5707478637952978
155.200,-9.584317579523582,0.19761106868933123,1.5707478325333384
155.232,-9.598429057712911,0.1976110686898935,1.570747796109854
155.264,-9.612540535634366,0.1976110686903919,1.5707477554535785
155.296,-9.626652013294617,0.19761106869077488,1.5707477116018678
155.328,-9.64076349070689,0.1976110686910018,1.5707476656739239
155.360,-9.654874967890699,0.19761106869104839,1.5707476188418927
155.392,-9.668986444871424,0.19761106869090808,1.5707475723005895
155.424,-9.683097921679737,0.19761106869059306,1.5707475272367046
155.456,-9.697209398350868,0.19761106869013384,1.5707474847982772
155.488,-9.71132087492374,0.19761106868957495,1.5707474460652733
155.520,-9.725432351440002,0.19761106868897194,1.570747412022023
155.552,-9.739543827942953,0.19761106868838374,1.570747383532236
155.584,-9.753655304476412,0.19761106868786946,1.5707473613172231
155.616,-9.767766781083552,0.1976110686874797,1.5707473459378567
155.648,-9.78187825780574,0.19761106868725342,1.570747337780695
155.680,-9.795989734681408,0.19761106868721318,1.5707473370485876
155.712,-9.810101211745017,0.19761106868736272,1.5707473437559607
155.744,-9.824212689026105,0.19761106868768735,1.5707473577288475
155.776,-9.838324166548489,0.19761106868815484,1.5707473786096227
155.808,-9.852435644329637,0.19761106868871833,1.5707474058663047
155.840,-9.866547122380199,0.19761106868932193,1.5707474388061449
155.872,-9.880658600703763,0.1976110686899058,1.5707474765931762
155.904,-9.894770079296789,0.19761106869041217,1.5707475182692585
155.936,-9.90888155814876,0.1976110686907915,1.5707475627781262
155.968,-9.922993037242513,0.19761106869100703,1.5707476089918533
156.000,-9.937104516554744,0.19761106869103873,1.5707476557390965
156.032,-9.95121599605667,0.1976110686908849,1.5707477018344522
156.064,-9.965327475714828,0.19761106869056322,1.570747746108222
156.096,-9.979438955491974,0.1976110686901075,1.5707477874358675
156.128,-9.993550435348052,0.19761106868956538,1.5707478247664322
156.160,-10.007661915241224,0.19761106868899328,1.570747857149242
156.192,-10.02177339512891,0.19761106868845,1.5707478837581772
156.224,-10.03588487496885,0.19761106868799178,1.570747903912926
156.256,-10.049996354720099,0.19761106868766562,1.5707479170966314
156.288,-10.064107834344023,0.197611068687505,1.5707479229694483
156.320,-10.078219313805201,0.19761106868752645,1.57074792137764
156.352,-10.092330793072255,0.1976110686877278,1.5707479123579116
156.384,-10.106442272118597,0.19761106868808842,1.570747896136865
156.416,-10.120553750923046,0.19761106868857145,1.570747873125507
156.448,-10.134665229470361,0.1976110686891268,1.570747843908955
156.480,-10.148776707751614,0.19761106868969786,1.5707478092315694
156.512,-10.162888185764437,0.1976110686902253,1.5707477699778956
156.544,-10.176999663513136,0.19761106869065442,1.570747727149915
156.576,-10.191111141008628,0.19761106869094028,1.5707476818411956
156.608,-10.205222618268227,0.1976110686910522,1.5707476352086556
156.640,-10.219334095315293,0.19761106869097764,1.5707475884426862
156.672,-10.233445572178693,0.19761106869072192,1.5707475427364446
156.704,-10.247557048892123,0.19761106869030928,1.5707474992551382
156.736,-10.261668525493299,0.19761106868977998,1.5707474591061257
156.768,-10.275780002023017,0.1976110686891858,1.5707474233106116
156.800,-10.289891478524108,0.1976110686885856,1.570747392777673
156.832,-10.304002955040334,0.1976110686880388,1.5707473682812791
156.864,-10.318114431615221,0.19761106868759998,1.5707473504408818
156.896,-10.3322259082909,0.19761106868731246,1.5707473397060197
156.928,-10.346337385106962,0.1976110686872049,1.5707473363453173
156.960,-10.360448862099375,0.19761106868728812,1.5707473404400962
156.992,-10.374560339299514,0.197611068687554,1.570747351882729
157.024,-10.388671816733297,0.19761106868797546,1.570747370379723
157.056,-10.40278329442049,0.1976110686885111,1.5707473954594307
157.088,-10.416894772374189,0.19761106868910727,1.5707474264841612
157.120,-10.431006250600493,0.19761106868970513,1.5707474626663707
157.152,-10.44511772909837,0.19761106869024508,1.5707475030885336
157.184,-10.459229207859742,0.19761106869067444,1.5707475467261915
157.216,-10.473340686869742,0.19761106869095102,1.5707475924736203
157.248,-10.487452166107161,0.19761106869104897,1.5707476391715358
157.280,-10.501563645545069,0.19761106869095973,1.5707476856361293
157.312,-10.515675125151555,0.19761106869069436,1.5707477306887692
157.344,-10.529786604890605,0.19761106869028114,1.5707477731856496
157.376,-10.543898084723036,0.19761106868976344,1.5707478120466638
157.408,-10.55800956460752,0.19761106868919515,1.570747846282784
157.440,-10.57212104450162,0.1976110686886351,1.570747875021271
157.472,-10.586232524362835,0.1976110686881409,1.5707478975280653
157.504,-10.600344004149646,0.19761106868776346,1.5707479132267634
157.536,-10.614455483822494,0.1976110686875415,1.570747921713672
157.568,-10.628566963344717,0.19761106868749778,1.5707479227685222
157.600,-10.642678442683419,0.19761106868763706,1.570747916360511
157.632,-10.656789921810235,0.19761106868794473,1.570747902649484
157.664,-10.67090140070201,0.19761106868838976,1.570747881982196
157.696,-10.685012879341352,0.1976110686889258,1.5707478548836857
157.728,-10.69912435771706,0.197611068689498,1.5707478220439932
157.760,-10.713235835824431,0.19761106869004735,1.5707477843005326
157.792,-10.727347313665405,0.19761106869051687,1.5707477426165795
157.824,-10.741458791248577,0.1976110686908577,1.570747698056445
157.856,-10.755570268589036,0.19761106869103376,1.5707476517580057
157.888,-10.769681745708056,0.1976110686910254,1.5707476049033073
157.920,-10.78379322263262,0.19761106869083178,1.570747558688059
157.952,-10.797904699394804,0.19761106869047082,1.5707475142908318
157.984,-10.81201617603101,0.19761106868997727,1.5707474728427744
158.016,-10.826127652581048,0.19761106868939948,1.5707474353986564
158.048,-10.840239129087163,0.19761106868879455,1.5707474029099928
158.080,-10.854350605592915,0.1976110686882222,1.570747376200936
158.112,-10.868462082142045,0.19761106868773964,1.570747355947546
158.144,-10.882573558777311,0.19761106868739434,1.5707473426609233
158.176,-10.896685035539326,0.19761106868722098,1.5707473366746276
158.208,-10.910796512465462,0.1976110686872369,1.5707473381366364
158.240,-10.924907989588817,0.19761106868744024,1.5707473470060158
158.272,-10.939019466937328,0.19761106868781092,1.5707473630543398
158.304,-10.953130944533003,0.19761106868831185,1.5707473858717875
158.336,-10.96724242239135,0.19761106868889308,1.5707474148777232
158.368,-10.981353900520954,0.1976110686894971,1.5707474493354951
158.400,-10.995465378923319,0.19761106869006415,1.5707474883710526
158.432,-11.009576857592831,0.19761106869053827,1.5707475309949293
158.464,-11.02368833651698,0.19761106869087292,1.5707475761270595
158.496,-11.037799815676735,0.19761106869103584,1.5707476226238348
158.528,-11.051911295047114,0.1976110686910126,1.5707476693067415
158.560,-11.066022774597874,0.197611068690807,1.5707477149919131
158.592,-11.080134254294345,0.19761106869044162,1.5707477585198795
158.624,-11.094245734098347,0.1976110686899552,1.5707477987847929
158.656,-11.108357213969198,0.1976110686893982,1.5707478347624186
158.688,-11.122468693864729,0.19761106868882847,1.5707478655361884
158.720,-11.136580173742345,0.19761106868830455,1.570747890320658
158.752,-11.150691653560065,0.19761106868788075,1.5707479084817542
158.784,-11.164803133277521,0.1976110686876002,1.5707479195532692
158.816,-11.178914612856929,0.19761106868749204,1.5707479232491497
158.848,-11.193026092263965,0.1976110686875673,1.5707479194712193
158.880,-11.207137571468584,0.19761106868781841,1.5707479083120977
158.912,-11.221249050445717,0.19761106868821926,1.5707478900531944
158.944,-11.235360529175876,0.19761106868872924,1.570747865157804
158.976,-11.249472007645636,0.19761106868929532,1.5707478342594283
159.008,-11.263583485847965,0.19761106868985945,1.570747798145649
159.040,-11.277694963782452,0.19761106869036346,1.5707477577379252
159.072,-11.291806441455343,0.19761106869075468,1.5707477140678663
159.104,-11.30591791887946,0.19761106869099207,1.570747668250617
159.136,-11.320029396073938,0.19761106869104994,1.5707476214560518
159.168,-11.334140873063802,0.19761106869092065,1.5707475748785726
159.200,-11.348252349879413,0.19761106869061582,1.5707475297063156
159.232,-11.362363826555736,0.19761106869016418,1.5707474870905898
159.264,-11.376475303131487,0.1976110686896102,1.57074744811636
159.296,-11.390586779648174,0.197611068689008,1.570747413774558
159.328,-11.404698256149013,0.19761106868841744,1.570747384936921
159.360,-11.418809732677824,0.19761106868789707,1.5707473623339998
159.392,-11.432921209277836,0.19761106868749842,1.5707473465368822
159.424,-11.447032685990555,0.19761106868726133,1.5707473379430545
159.456,-11.46114416285462,0.19761106868720946,1.5707473367667304
159.488,-11.475255639904749,0.19761106868734812,1.5707473430338466
159.520,-11.489367117170799,0.19761106868766298,1.5707473565818046
159.552,-11.50347859467695,0.19761106868812292,1.5707473770639286
159.584,-11.517590072441065,0.19761106868868208,1.570747403958494
159.616,-11.531701550474208,0.19761106868928485,1.5707474365820708
159.648,-11.545813028780398,0.1976110686898717,1.570747474106833
159.680,-11.559924507356516,0.19761106869038433,1.5707475155814152
159.712,-11.574035986192468,0.1976110686907727,1.5707475599547949
159.744,-11.588147465271467,0.197611068690999,1.5707476061026249
159.776,-11.602258944570561,0.19761106869104217,1.5707476528553845
159.808,-11.61637042406128,0.19761106869089937,1.570747699027697
159.840,-11.630481903710416,0.197611068690587,1.5707477434480834
159.872,-11.64459338348092,0.1976110686901381,1.5707477849884615
159.904,-11.658704863332881,0.19761106868959963,1.5707478225926503
159.936,-11.672816343224534,0.19761106868902759,1.5707478553031906
159.968,-11.686927823113313,0.19761106868848088,1.5707478822857885
160.000,-11.701039302956907,0.197611068688016,1.5707479028507672
160.032,-11.715150782714261,0.19761106868768077,1.57074791647094
160.064,-11.729262262346573,0.19761106868750952,1.5707479227954393
160.096,-11.7433737418182,0.1976110686875198,1.5707479216590783
160.128,-11.757485221097495,0.19761106868771067,1.570747913086998
160.160,-11.77159670015756,0.19761106868806247,1.5707478972944027
160.192,-11.78570817897687,0.1976110686885394,1.5707478746813743
160.224,-11.79981965753981,0.19761106868909212,1.5707478458228616
160.256,-11.813931135837057,0.19761106868966388,1.5707478114540827
160.288,-11.828042613865847,0.19761106869019548,1.5707477724517036
160.320,-11.842154091630073,0.19761106869063202,1.5707477298113017
160.352,-11.856265569140255,0.1976110686909276,1.5707476846216808
160.384,-11.870377046413331,0.19761106869105077,1.5707476380367644
160.416,-11.884488523472308,0.19761106869098743,1.5707475912457887
160.448,-11.89860000034573,0.19761106869074196,1.5707475454426265
160.480,-11.912711477067026,0.19761106869033804,1.5707475017950494
160.512,-11.926822953673694,0.19761106868981426,1.5707474614147534
160.544,-11.940934430206369,0.19761106868922249,1.5707474253289355
160.576,-11.95504590670779,0.1976110686886208,1.57074739445416
160.608,-11.969157383221694,0.19761106868806935,1.5707473695731848
160.640,-11.983268859791657,0.19761106868762243,1.5707473513153118
160.672,-11.997380336459925,0.19761106868732484,1.570747340140743
160.704,-12.011491813266273,0.19761106868720585,1.5707473363293014
160.736,-12.02560329024692,0.1976110686872775,1.5707473399737624
160.768,-12.039714767433543,0.19761106868753292,1.5707473509779144
160.800,-12.05382624485241,0.19761106868794612,1.5707473690593607
160.832,-12.067937722523679,0.19761106868847628,1.570747393756956
160.864,-12.082049200460865,0.19761106868907033,1.5707474244426554
160.896,-12.096160678670488,0.19761106868966977,1.5707474603374723
160.928,-12.110272157151956,0.19761106869021497,1.570747500531135
160.960,-12.124383635897606,0.1976110686906523,1.5707475440049599
160.992,-12.138495114892974,0.19761106869093922,1.5707475896573804
161.024,-12.15260659411722,0.19761106869104839,1.5707476363315438
161.056,-12.166718073543743,0.19761106869097042,1.570747682844288
161.088,-12.180829553140907,0.197611068690715,1.5707477280158202
161.120,-12.194941032872919,0.19761106869030948,1.570747770699392
161.152,-12.209052512700762,0.19761106868979664,1.5707478098102372
161.184,-12.223163992583208,0.1976110686892299,1.5707478443530631
161.216,-12.237275472477853,0.19761106868866757,1.5707478734474154
161.248,-12.251386952342179,0.197611068688168,1.5707478963502477
161.280,-12.26549843213457,0.19761106868778208,1.570747912475129
161.312,-12.279609911815326,0.19761106868754988,1.5707479214075475
161.344,-12.29372139134758,0.19761106868749503,1.570747922915893
161.376,-12.307832870698187,0.1976110686876234,1.570747916957794
161.408,-12.321944349838489,0.19761106868792164,1.5707479036815994
161.440,-12.336055828744994,0.19761106868835945,1.570747883422925
161.472,-12.35016730739995,0.19761106868889147,1.5707478566963369
161.504,-12.364278785791768,0.19761106868946327,1.5707478241823338
161.536,-12.37839026391535,0.1976110686900158,1.5707477867099697
161.568,-12.392501741772225,0.19761106869049186,1.5707477452355685
161.600,-12.406613219370591,0.19761106869084163,1.570747700818077
161.632,-12.42072469672515,0.19761106869102832,1.5707476545917294
161.664,-12.434836173856809,0.19761106869103137,1.5707476077367584
161.696,-12.44894765079223,0.19761106869084874,1.570747561448923
161.728,-12.463059127563195,0.1976110686904969,1.5707475169087057
161.760,-12.477170604205865,0.19761106869001013,1.5707474752509714
161.792,-12.491282080759879,0.19761106868943593,1.570747437535909
161.824,-12.50539355726736,0.197611068688831,1.5707474047220116
161.856,-12.519505033771818,0.19761106868825498,1.5707473776417806
161.888,-12.533616510317021,0.19761106868776543,1.570747356980774
161.920,-12.547727986945818,0.19761106868741088,1.5707473432604988
161.952,-12.561839463698984,0.19761106868722633,1.5707473368255511
161.984,-12.575950940614117,0.19761106868723063,1.5707473378353034
162.016,-12.590062417724601,0.19761106868742306,1.5707473462602832
162.048,-12.60417389505871,0.19761106868778433,1.570747361883303
162.080,-12.61828537263883,0.19761106868827866,1.570747384305279
162.112,-12.63239685048087,0.19761106868885692,1.5707474129555534
162.144,-12.646508328593857,0.1976110686894613,1.5707474471064404
162.176,-12.660619806979712,0.19761106869003223,1.570747485891623
162.208,-12.674731285633253,0.1976110686905131,1.5707475283279488
162.240,-12.688842764542379,0.19761106869085718,1.5707475733400984
162.272,-12.702954243688446,0.1976110686910311,1.570747619787509
162.304,-12.717065723046806,0.19761106869101921,1.5707476664929496
162.336,-12.731177202587517,0.19761106869082426,1.57074771227203
162.368,-12.745288682276149,0.19761106869046766,1.570747755962957
162.400,-12.75940016207471,0.19761106868998726,1.5707477964558216
162.432,-12.77351164194264,0.197611068689433,1.5707478327206768
162.464,-12.787623121837827,0.19761106868886225,1.57074786383373
162.496,-12.801734601717676,0.1976110686883341,1.5707478890009756
162.528,-12.815846081540137,0.19761106868790285,1.5707479075786548
162.560,-12.829957561264719,0.19761106868761252,1.5707479190899862
162.592,-12.84406904085345,0.19761106868749342,1.5707479232377293
162.624,-12.858180520271778,0.19761106868755768,1.5707479199121863
162.656,-12.872291999489377,0.19761106868779857,1.5707479091944148
162.688,-12.886403478480855,0.19761106868819148,1.5707478913545296
162.720,-12.900514957226374,0.19761106868869605,1.570747866845082
162.752,-12.914626435712124,0.19761106868926032,1.5707478362896738
162.784,-12.928737913930686,0.1976110686898264,1.5707478004670818
162.816,-12.94284939188124,0.19761106869033548,1.57074776029129
162.848,-12.956960869569631,0.19761106869073491,1.570747716787964
162.880,-12.971072347008288,0.19761106869098258,1.5707476710679835
162.912,-12.985183824215971,0.19761106869105177,1.57074762429876
162.944,-12.99929530121737,0.1976110686909338,1.570747577674079
162.976,-13.01340677804253,0.19761106869063882,1.5707475323833355
163.008,-13.02751825472617,0.19761106869019504,1.570747489580923
163.040,-13.0416297313068,0.1976110686896456,1.570747450356641
163.072,-13.05574120782579,0.1976110686890446,1.570747415707868
163.104,-13.069852684326282,0.19761106868845166,1.570747386514226
163.136,-13.083964160852092,0.1976110686879255,1.5707473635153872
163.168,-13.098075637446525,0.19761106868751843,1.5707473472925526
163.200,-13.11218711415122,0.19761106868727063,1.5707473382540529
163.232,-13.126298591005018,0.1976110686872073,1.570747336625403
163.264,-13.140410068042906,0.19761106868733436,1.5707473424440108
163.296,-13.154521545295058,0.1976110686876392,1.5707473555586258
163.328,-13.168633022786022,0.19761106868809156,1.5707473756335233
163.360,-13.18274450053405,0.1976110686886462,1.5707474021572505
163.392,-13.196855978550637,0.19761106868924821,1.5707474344557233
163.424,-13.21096745684023,0.1976110686898377,1.5707474717093117
163.456,-13.225078935400147,0.19761106869035655,1.570747512973488
163.488,-13.239190414220698,0.19761106869075365,1.570747557202543
163.520,-13.253301893285498,0.1976110686909906,1.5707476032757872
163.552,-13.267413372571948,0.19761106869104497,1.5707476500256132
163.584,-13.281524852051893,0.19761106869091327,1.5707476962667584
163.616,-13.295636331692387,0.19761106869061018,1.5707477408260557
163.648,-13.309747811456589,0.1976110686901683,1.5707477825719665
163.680,-13.323859291304727,0.1976110686896338,1.5707478204431673
163.712,-13.33797077119512,0.1976110686890621,1.570747853475491
163.744,-13.35208225108523,0.19761106868851241,1.5707478808265323
163.776,-13.36619373093269,0.19761106868804093,1.5707479017972992
163.808,-13.380305210696344,0.19761106868769662,1.570747915850319
163.840,-13.394416690337227,0.1976110686875148,1.5707479226237193
163.872,-13.408528169819482,0.1976110686875139,1.5707479219408775
163.904,-13.422639649111193,0.19761106868769418,1.5707479138153542
163.936,-13.43675112818516,0.19761106868803724,1.5707478984509287
163.968,-13.450862607019515,0.19761106868850778,1.5707478762367126
164.000,-13.464974085598266,0.19761106868905737,1.5707478477374246
164.032,-13.479085563911708,0.19761106868962958,1.570747813679061
164.064,-13.493197041956668,0.1976110686901653,1.5707477749303203
164.096,-13.50730851973664,0.19761106869060907,1.570747732480272
164.128,-13.521419997261745,0.19761106869091422,1.5707476874128519
164.160,-13.535531474548542,0.19761106869104847,1.570747640878867
164.192,-13.549642951619678,0.1976110686909965,1.570747594066285
164.224,-13.563754428503383,0.197611068690762,1.5707475481695754
164.256,-13.577865905232812,0.19761106869036663,1.5707475043589563
164.288,-13.591977381845238,0.19761106868984854,1.570747463750351
164.320,-13.606088858381137,0.19761106868925915,1.5707474273768498
164.352,-13.620200334883155,0.19761106868865655,1.5707473961624194
164.384,-13.634311811394996,0.1976110686881003,1.5707473708985253
164.416,-13.648423287960279,0.1976110686876457,1.5707473522242594
164.448,-13.662534764621366,0.197611068687338,1.5707473406104437
164.480,-13.67664624141821,0.1976110686872078,1.570747336348074
164.512,-13.69075771838728,0.19761106868726794,1.5707473395413671
164.544,-13.704869195560551,0.19761106868751255,1.5707473501055353
164.576,-13.71898067296464,0.19761106868791728,1.5707473677693051
164.608,-13.733092150620097,0.1976110686884417,1.5707473920820731
164.640,-13.747203628540843,0.19761106868903378,1.570747422425498
164.672,-13.761315106733838,0.19761106868963452,1.5707474580292198
164.704,-13.775426585198915,0.19761106869018452,1.5707474979903018
164.736,-13.789538063928838,0.1976110686906298,1.57074754129593
164.768,-13.80364954290954,0.1976110686909266,1.5707475868487975
164.800,-13.817761022120555,0.19761106869104703,1.570747633494589
164.832,-13.83187250153561,0.19761106869098044,1.5707476800508933
164.864,-13.845983981123352,0.19761106869073516,1.5707477253368654
164.896,-13.860095460848214,0.19761106869033787,1.5707477682029198
164.928,-13.87420694067134,0.1976110686898302,1.5707478075597296
164.960,-13.888318420551618,0.19761106868926478,1.5707478424058317
164.992,-13.90242990044668,0.1976110686887006,1.5707478718531354
165.024,-13.916541380313987,0.1976110686881954,1.5707478951496818
165.056,-13.930652860111834,0.19761106868780132,1.5707479116990695
165.088,-13.94476433980038,0.19761106868755887,1.5707479210760038
165.120,-13.958875819342563,0.19761106868749315,1.5707479230375596
165.152,-13.97298729870499,0.19761106868761055,1.5707479175298005
165.184,-13.987098777858705,0.19761106868789932,1.5707479046895587
165.216,-14.001210256779892,0.19761106868832962,1.5707478848412895
165.248,-14.01532173545043,0.19761106868885756,1.5707478584890313
165.280,-14.029433213858352,0.19761106868942857,1.5707478263036778
165.312,-14.043544691998159,0.19761106868998363,1.570747789105848
165.344,-14.05765616987098,0.19761106869046588,1.5707477478448177
165.376,-14.071767647484604,0.1976110686908246,1.5707477035740693
165.408,-14.085879124853351,0.19761106869102207,1.570747657424093
165.440,-14.099990601997762,0.19761106869103653,1.570747610573189
165.472,-14.114102078944162,0.1976110686908649,1.5707475642170547
165.504,-14.12821355572405,0.1976110686905226,1.57074751953797
165.536,-14.142325032373341,0.19761106869004283,1.5707474776744095
165.568,-14.156436508931494,0.19761106868947229,1.5707474396918828
165.600,-14.170547985440503,0.19761106868886746,1.570747406555771
165.632,-14.184659461943838,0.19761106868828818,1.5707473791068483
165.664,-14.198770938485277,0.19761106868779174,1.5707473580401068
165.696,-14.21288241510776,0.1976110686874278,1.5707473438874096
165.728,-14.226993891852219,0.19761106868723244,1.5707473370043648
165.760,-14.241105368756477,0.19761106868722503,1.5707473375617222
165.792,-14.255216845854198,0.19761106868740627,1.5707473455414702
165.824,-14.26932832317399,0.1976110686877583,1.5707473607376863
165.856,-14.283439800738616,0.19761106868824568,1.5707473827620642
165.888,-14.297551278564393,0.19761106868882025,1.5707474110539752
165.920,-14.311662756660768,0.1976110686894249,1.5707474448947625
165.952,-14.3257742350301,0.19761106868999942,1.5707474834259263
165.984,-14.33988571366763,0.19761106869048728,1.5707475256707233
166.016,-14.353997192561673,0.19761106869084083,1.570747570558672
166.048,-14.36810867169396,0.19761106869102582,1.5707476169523653
166.080,-14.382220151040194,0.19761106869102524,1.5707476636759605
166.112,-14.39633163057073,0.19761106869084094,1.5707477095446531
166.144,-14.410443110251386,0.1976110686904933,1.57074775339444
166.176,-14.424554590044357,0.19761106869001888,1.5707477941114514
166.208,-14.438666069909209,0.19761106868946762,1.5707478306601224
166.240,-14.4527775498039,0.19761106868889639,1.5707478621095212
166.272,-14.466889029685827,0.19761106868836364,1.5707478876571612
166.304,-14.481000509512883,0.19761106868792513,1.570747906649656
166.336,-14.49511198924445,0.19761106868762546,1.5707479185997004
166.368,-14.50922346884238,0.1976110686874955,1.570747923198895
166.400,-14.523334948271893,0.1976110686875485,1.5707479203260304
166.432,-14.537446427502376,0.19761106868777917,1.5707479100505994
166.464,-14.551557906508126,0.1976110686881638,1.5707478926313934
166.496,-14.565669385268952,0.19761106868866293,1.570747868510181
166.528,-14.579780863770669,0.19761106868922526,1.570747838300604
166.560,-14.593892342005462,0.19761106868979297,1.5707478027725585
166.592,-14.608003819972105,0.19761106869030728,1.5707477628324715
166.624,-14.622115297676043,0.1976110686907147,1.5707477194999648
166.656,-14.636226775129309,0.19761106869097245,1.5707476738815527
166.688,-14.650338252350291,0.19761106869105305,1.5707476271420606
166.720,-14.664449729363328,0.19761106869094613,1.5707475804745545
166.752,-14.678561206198172,0.19761106869066145,1.57074753506957
166.784,-14.692672682889269,0.19761106869022554,1.5707474920844824
166.816,-14.706784159474932,0.197611068689681,1.5707474526138185
166.848,-14.72089563599638,0.19761106868908157,1.5707474176613105
166.880,-14.73500711249669,0.19761106868848632,1.5707473881143845
166.912,-14.749118589019664,0.1976110686879544,1.5707473647217662
166.944,-14.763230065608669,0.1976110686875388,1.570747348074715
166.976,-14.77734154230548,0.19761106868728057,1.5707473385923716
167.008,-14.791453019149142,0.19761106868720563,1.5707473365115345
167.040,-14.805564496174897,0.19761106868732123,1.5707473418810747
167.072,-14.819675973413242,0.19761106868761602,1.5707473545611095
167.104,-14.83378745088908,0.19761106868806053,1.5707473742268931
167.136,-14.84789892862107,0.19761106868861064,1.5707474003772968
167.168,-14.862010406621119,0.19761106868921136,1.5707474323476478
167.200,-14.876121884894108,0.19761106868980344,1.570747469326583
167.232,-14.890233363437785,0.1976110686903279,1.5707475103765007
167.264,-14.904344842242876,0.19761106869073372,1.570747554457103
167.296,-14.918456321293394,0.1976110686909812,1.5707476004514596
167.328,-14.932567800567098,0.19761106869104694,1.5707476471939856
167.360,-14.946679280036147,0.1976110686909263,1.5707476934996407
167.392,-14.960790759667864,0.19761106869063286,1.5707477381936799
167.424,-14.974902239425615,0.1976110686901983,1.570747780141214
167.456,-14.98901371926978,0.19761106868966763,1.570747818275875
167.488,-15.003125199158761,0.19761106868909675,1.5707478516268774
167.520,-15.01723667905004,0.19761106868854394,1.5707478793437855
167.552,-15.031348158901215,0.19761106868806658,1.5707479007183596
167.584,-15.045459638671028,0.19761106868771344,1.5707479152028923
167.616,-15.059571118320353,0.19761106868752096,1.570747922424543
167.648,-15.073682597813118,0.19761106868750894,1.5707479221952716
167.680,-15.08779407711715,0.19761106868767858,1.5707479145170546
167.712,-15.10190555620494,0.1976110686880126,1.570747899582232
167.744,-15.116017035054277,0.1976110686884766,1.5707478777689066
167.776,-15.130128513648808,0.19761106868902303,1.570747849631516
167.808,-15.14423999197843,0.19761106868959583,1.570747815886766
167.840,-15.158351470039579,0.1976110686901353,1.570747777395307
167.872,-15.172462947835335,0.19761106869058606,1.5707477351396069
167.904,-15.186574425375424,0.19761106869090067,1.5707476901986244
167.936,-15.200685902676023,0.1976110686910459,1.570747643719948
167.968,-15.214797379759425,0.19761106869100503,1.5707475968901576
168.000,-15.228908856653536,0.19761106869078096,1.5707475509042095
168.032,-15.243020333391236,0.19761106869039427,1.5707475069346568
168.064,-15.257131810009573,0.1976110686898826,1.5707474661015466
168.096,-15.271243286548854,0.197611068689296,1.5707474294437676
168.128,-15.285354763051627,0.19761106868869244,1.5707473978925957
168.160,-15.299466239561566,0.19761106868813166,1.5707473722481358
168.192,-15.313577716122326,0.19761106868766942,1.570747353159213
168.224,-15.327689192776377,0.19761106868735173,1.5707473411072224
168.256,-15.341800669563854,0.19761106868721023,1.570747336394307
168.288,-15.355912146521465,0.1976110686872588,1.5707473391361189
168.320,-15.37002362368148,0.1976110686874928,1.570747349259305
168.352,-15.384135101070871,0.19761106868788877,1.570747366503739
168.384,-15.398246578710564,0.19761106868840722,1.5707473904294036
168.416,-15.412358056614899,0.19761106868899678,1.5707474204277165
168.448,-15.426469534791261,0.19761106868959877,1.5707474557370174
168.480,-15.440581013239921,0.19761106869015366,1.5707474954617904
168.512,-15.454692491954063,0.19761106869060674,1.5707475385951823
168.544,-15.468803970920025,0.19761106869091363,1.570747584044246
168.576,-15.482915450117712,0.19761106869104522,1.5707476306573087
168.608,-15.49702692952118,0.1976110686909897,1.5707476772528224
168.640,-15.51113840909937,0.1976110686907545,1.5707477226489999
168.672,-15.525249888816939,0.19761106869036538,1.5707477656935234
168.704,-15.539361368635205,0.19761106868986295,1.5707478052926092
168.736,-15.553472848513156,0.19761106868929967,1.5707478404387172
168.768,-15.567584328408481,0.19761106868873368,1.570747870236203
168.800,-15.581695808278608,0.19761106868822345,1.570747893924269
168.832,-15.595807288081769,0.1976110686878215,1.5707479108965954
168.864,-15.60991876777797,0.19761106868756895,1.5707479207171502
168.896,-15.62403024732996,0.19761106868749198,1.5707479231317156
168.928,-15.638141726704097,0.1976110686875984,1.5707479180747956
168.960,-15.65225320587114,0.1976110686878774,1.5707479056717004
168.992,-15.666364684806942,0.1976110686883003,1.5707478862356903
169.024,-15.68047616349302,0.19761106868882372,1.5707478602602363
169.056,-15.69458764191703,0.19761106868939374,1.5707478284065572
169.088,-15.708699120073067,0.1976110686899516,1.5707477914867576
169.120,-15.722810597961857,0.19761106869043993,1.570747750442982
169.152,-15.736922075590794,0.19761106869080733,1.5707477063231419
169.184,-15.751033552973803,0.19761106869101525,1.570747660253875
169.216,-15.765145030131062,0.1976110686910411,1.570747613411441
169.248,-15.779256507088563,0.1976110686908803,1.570747566991361
169.280,-15.793367983877504,0.1976110686905476,1.570747522177603
169.312,-15.807479460533562,0.1976110686900752,1.5707474801121422
169.344,-15.821590937096005,0.19761106868950867,1.5707474418657077
169.376,-15.835702413606707,0.19761106868890416,1.5707474084104796
169.408,-15.849813890109077,0.19761106868832162,1.5707473805954246
169.440,-15.863925366646912,0.1976110686878186,1.570747359124907
169.472,-15.878036843263233,0.19761106868744546,1.5707473445410987
169.504,-15.892148319999125,0.197611068687239,1.5707473372105836
169.536,-15.906259796892629,0.19761106868721998,1.5707473373154777
169.568,-15.920371273977695,0.19761106868739026,1.5707473448492384
169.600,-15.934482751283255,0.19761106868773268,1.570747359617223
169.632,-15.948594228832448,0.1976110686882133,1.570747381241939
169.664,-15.962705706641993,0.19761106868878403,1.5707474091728384
169.696,-15.976817184721764,0.1976110686893883,1.5707474427003645
169.728,-15.990928663074554,0.19761106868996656,1.5707474809739133
169.760,-16.00504014169603,0.1976110686904612,1.5707475230232377
169.792,-16.019151620574917,0.19761106869082407,1.5707475677827956
169.824,-16.033263099693343,0.19761106869101988,1.570747614118441
169.856,-16.04737457902734,0.1976110686910308,1.5707476608558284
169.888,-16.06148605854758,0.1976110686908572,1.5707477068098485
169.920,-16.07559753822012,0.19761106869051862,1.5707477508143923
169.952,-16.08970901800735,0.19761106869005066,1.570747791751734
169.984,-16.103820497868973,0.19761106868950232,1.5707478285807916
170.016,-16.117931977763007,0.19761106868893033,1.5707478603635838
170.048,-16.132043457646862,0.19761106868839382,1.5707478862892104
170.080,-16.14615493747836,0.1976110686879481,1.5707479056947253
170.112,-16.160266417216775,0.19761106868763895,1.5707479180823474
170.144,-16.174377896823778,0.1976110686874981,1.570747923132544
170.176,-16.188489376264357,0.19761106868754014,1.5707479207126105
170.208,-16.202600855507633,0.19761106868776054,1.570747910880471
170.240,-16.21671233452759,0.1976110686881368,1.5707478938835708
170.272,-16.23082381330367,0.1976110686886303,1.570747870152853
170.304,-16.24493529182132,0.19761106868919034,1.5707478402919424
170.336,-16.259046770072338,0.19761106868975947,1.570747805061784
170.368,-16.273158248055086,0.1976110686902786,1.570747765361158
170.400,-16.287269725774618,0.19761106869069378,1.570747722203546
170.432,-16.30138120324256,0.19761106869096173,1.570747676690987
170.464,-16.315492680476932,0.1976110686910533,1.5707476299856216
170.496,-16.329604157501723,0.1976110686909578,1.5707475832796778
170.528,-16.34371563434637,0.19761106869068315,1.5707475377647182
170.560,-16.357827111045065,0.19761106869025538,1.5707474946009856
170.592,-16.371938587635913,0.19761106868971595,1.5707474548876377
170.624,-16.386050064159985,0.1976110686891182,1.5707474196346616
170.656,-16.40016154066027,0.1976110686885211,1.5707473897372108
170.688,-16.414273017180566,0.19761106868798362,1.5707473659529914
170.720,-16.428384493764295,0.19761106868755976,1.5707473488832686
170.752,-16.442495970453365,0.1976110686872911,1.5707473389579545
170.784,-16.45660744728702,0.19761106868720454,1.5707473364251092
170.816,-16.47071892430076,0.19761106868730896,1.5707473413450677
170.848,-16.484830401525386,0.19761106868759357,1.5707473535893264
170.880,-16.498941878986177,0.19761106868803005,1.5707473728441517
170.912,-16.513053356702166,0.1976110686885754,1.5707473986187817
170.944,-16.527164834685696,0.19761106868917466,1.5707474302580207
170.976,-16.54127631294207,0.19761106868976885,1.5707474669588493
171.008,-16.555387791469474,0.19761106869029918,1.5707475077906774
171.040,-16.569499270259048,0.19761106869071332,1.5707475517187113
171.072,-16.5836107492952,0.19761106869097123,1.5707475976298877
171.104,-16.59772222855606,0.19761106869104825,1.570747644360748
171.136,-16.61183370801409,0.1976110686909386,1.5707476907265874
171.168,-16.625945187636894,0.19761106869065506,1.5707477355511898
171.200,-16.64005666738805,0.19761106869022796,1.570747777696419
171.232,-16.654168147228084,0.19761106868970194,1.5707478160909631
171.264,-16.6682796271155,0.19761106868913142,1.5707478497575136
171.296,-16.682391107007795,0.19761106868857609,1.5707478778376813
171.328,-16.696502586862536,0.19761106868809247,1.5707478996140471
171.360,-16.71061406663836,0.19761106868773043,1.5707479145287186
171.392,-16.724725546295996,0.19761106868752754,1.5707479221979261
171.424,-16.738837025799157,0.1976110686875043,1.5707479224222303
171.456,-16.752948505115402,0.19761106868766318,1.5707479151920276
171.488,-16.76705998421693,0.19761106868798806,1.5707479006881995
171.520,-16.781171463081193,0.19761106868844544,1.570747879277809
171.552,-16.79528294169146,0.19761106868898845,1.570747851504956
171.584,-16.809394420037258,0.19761106868956108,1.57074781807699
171.616,-16.8235058981146,0.1976110686901044,1.5707477798464302
171.648,-16.837617375926175,0.1976110686905618,1.5707477377890526
171.680,-16.851728853481305,0.1976110686908859,1.5707476929787354
171.712,-16.86584033079579,0.19761106869104209,1.5707476465597385
171.744,-16.879951807891562,0.197611068691013,1.5707475997171434
171.776,-16.8940632847962,0.19761106869079953,1.5707475536462745
171.808,-16.908174761542305,0.19761106869042186,1.570747509521914
171.840,-16.922286238166702,0.19761106868991649,1.5707474684681264
171.872,-16.93639771470952,0.19761106868933268,1.5707474315294965
171.904,-16.950509191213207,0.1976110686887284,1.5707473996445303
171.936,-16.964620667721405,0.1976110686881635,1.5707473736218942
171.968,-16.9787321442778,0.197611068687694,1.570747354120085
172.000,-16.992843620924965,0.1976110686873664,1.570747341631032
172.032,-17.006955097703212,0.19761106868721343,1.5707473364679967
172.064,-17.02106657464948,0.19761106868725045,1.5707473387580575
172.096,-17.03517805179634,0.1976110686874738,1.5707473484393022
172.128,-17.049289529171105,0.19761106868786107,1.5707473652627795
172.160,-17.06340100679509,0.1976110686883734,1.5707473887990975
172.192,-17.077512484683044,0.1976110686889604,1.5707474184494927
172.224,-17.091623962842778,0.1976110686895634,1.570747453461073
172.256,-17.10573544127499,0.19761106869012252,1.570747492945827
172.288,-17.1198469199733,0.197611068690583,1.5707475359029583
172.320,-17.133958398924445,0.19761106869089992,1.570747581243977
172.352,-17.14806987810871,0.19761106869104259,1.5707476278199604
172.384,-17.162181357500486,0.19761106869099831,1.5707476744503324
172.416,-17.173621458887528,0.19761105300812268,1.5682151831624342
172.448,-17.18766342817732,0.19761140189971987,1.5707912916359397
172.480,-17.20201787308286,0.1976114048237293,1.571053386780409
172.512,-17.21376249795652,0.1976113936638733,1.5684831284563694
172.544,-17.223042254600898,0.1976112555431114,1.567824985028605
172.576,-17.231686852975873,0.1976114276856489,1.568317138187987
172.608,-17.246254003541427,0.19761216856928515,1.5716435028295856
172.640,-17.26143682947385,0.19761222786892976,1.5718639297000756
172.672,-17.274156856201742,0.19761233308053042,1.5691599174547561
172.704,-17.284848139970926,0.19761226086898068,1.568597362455014
172.736,-17.299976958839153,0.19761259012234755,1.5716113565934626
172.768,-17.312832691077727,0.19761265556731317,1.5691345789446398
172.800,-17.32829990406761,0.19761267165495697,1.571617044133321
172.832,-17.344085858497294,0.19761250901277422,1.5716825551923557
172.864,-17.359903817148655,0.1976123035417523,1.5714981161283168
172.896,-17.373207451825806,0.1976122198470829,1.5688382795673064
172.928,-17.388839133827712,0.19761218563576927,1.5712078394892977
172.960,-17.404759718971825,0.1976120275547339,1.5713400910869364
172.992,-17.41816343102834,0.1976119616659694,1.5687281206757555
173.024,-17.433930580481086,0.19761197715437215,1.5711482783611406
173.056,-17.449990545896387,0.19761185481054944,1.5712971606838162
173.088,-17.463652009598,0.19761180623713612,1.5687779722368542
173.120,-17.47956682237003,0.1976118399765862,1.5711160299359055
173.152,-17.49576252663019,0.1976117444006678,1.5712620768138625
173.184,-17.51199063580655,0.19761163398920292,1.5711712226982455
173.216,-17.52821677061806,0.19761153192213282,1.571074272897375
173.248,-17.544437711197606,0.19761144360951466,1.5709960996509222
173.280,-17.56065420221305,0.1976113697439804,1.570935818938778
173.312,-17.576867222862877,0.19761130927793308,1.5708899021246878
173.344,-17.593077594053252,0.19761126047674216,1.5708551580291794
173.376,-17.60928595737308,0.19761122143656962,1.5708290043742192
173.408,-17.625492804958366,0.19761119035511876,1.5708094017271557
173.440,-17.64169844216338,0.19761116565761658,1.5707947406816922
173.472,-17.657903196967005,0.19761114603120736,1.5707838097993092
173.504,-17.674107295185102,0.19761113041860587,1.5707756283990995
173.536,-17.69031090312897,0.1976111179800375,1.5707694887417203
173.568,-17.70651414350253,0.19761110805573995,1.5707648810575556
173.600,-17.722717107227815,0.19761110012882524,1.5707614044149527
173.632,-17.736539575547972,0.19761109320196377,1.5684122578571678
173.664,-17.752565331879026,0.19761128860647548,1.5707730354192984
173.696,-17.768869390065277,0.19761128928314217,1.5709936058157477
173.728,-17.785210267584628,0.19761125936069254,1.5709680675549824
173.760,-17.801553350183674,0.19761122788223737,1.5709214508792289
173.792,-17.81789424338295,0.19761119956506132,1.5708809809102413
173.824,-17.834232835783897,0.19761117515290763,1.5708487835176148
173.856,-17.850569535195078,0.19761115460352785,1.5708237648128767
173.888,-17.86690474731659,0.19761113761426666,1.5708045772467678
173.920,-17.883238810810596,0.197611123764162,1.5707900243286028
173.952,-17.89957199744651,0.19761111259117276,1.5707791038006644
173.984,-17.91590452136165,0.19761110364361612,1.5707709950718376
174.016,-17.93223654897336,0.1976110965111124,1.5707650367422947
174.048,-17.94856820802689,0.19761109083915832,1.5707607028603012
174.080,-17.964899595442084,0.197611086332245,1.5707575804220006
174.112,-17.981230783919173,0.19761108275008965,1.5707553491035227
174.144,-17.99756182737978,0.19761107990051377,1.5707537635778548
174.176,-18.01151425810925,0.19761107560164287,1.5685047817278117
174.208,-18.027666762324998,0.19761126000935822,1.5707468028971878
174.240,-18.04409410053732,0.19761126576148638,1.5709629333465556
174.272,-18.05741690511925,0.19761126894651032,1.5686074756973787
174.304,-18.068919817602968,0.1976111696673895,1.5685980944090083
174.336,-18.078842447121165,0.19761115227263404,1.5687482792622625
174.368,-18.088392847324613,0.1976112805339391,1.569158618248705
174.400,-18.10462221723637,0.19761348071809337,1.5712642615792631
174.432,-18.118196052864818,0.19761346786011125,1.5689669974582223
174.464,-18.12956261096424,0.1976131514744861,1.5688157332909154
174.496,-18.139293219906634,0.19761284442763674,1.5688575220575862
174.528,-18.14884843737208,0.1976126648725318,1.5692443820659654
174.560,-18.165357101707134,0.1976157207627994,1.5712543747151255
174.592,-18.182584410433737,0.19761512305112644,1.5714397765633696
174.624,-18.199892683524343,0.19761444324451505,1.5712844064304388
174.656,-18.217193811472306,0.1976138387360573,1.5711186546472713
174.688,-18.234479271720648,0.19761331986103794,1.5709894200180738
174.720,-18.247395315660828,0.19761307020469074,1.5683214131132068
174.752,-18.25807185930025,0.19761256025968196,1.5685084062378796
174.784,-18.274721547287758,0.1976126667666157,1.5709906025335207
174.816,-18.28724298104448,0.19761261061332644,1.5683957068339367
174.848,-18.29768711553081,0.19761222606300138,1.5686050010889523
174.880,-18.31436970693273,0.19761234688907503,1.5714310975417543
174.912,-18.331693464639237,0.19761213618657647,1.571631195990114
174.944,-18.349090718688988,0.1976119524619813,1.5714700017696401
174.976,-18.366485888572964,0.19761179357659223,1.571299596104677
175.008,-18.37926787931677,0.19761184258298312,1.568496832131883
175.040,-18.389607982096138,0.19761154474175915,1.5687323769961983
175.072,-18.40629897935553,0.19761192204630432,1.571338769623305
175.104,-18.418363778148365,0.19761203180477532,1.568559825433428
175.136,-18.435236770427473,0.19761200627586684,1.571606416890297
175.168,-18.452608456580187,0.19761184712713767,1.5717511015316852
175.200,-18.470037280391416,0.19761170896743527,1.571571649915645
175.232,-18.48746412040283,0.19761159117786195,1.5713923234401126
175.264,-18.5001659817104,0.19761164701354825,1.5684626690787034
175.296,-18.517084601358068,0.19761174171280196,1.5712805902919074
175.328,-18.53444775671768,0.1976116380749323,1.5714661287105627
175.360,-18.551865002629388,0.1976115336176925,1.5713500656871282
175.392,-18.564356879838147,0.1976115696508795,1.5683148081484435
175.424,-18.5812554238276,0.19761172949559885,1.5713049844651275
175.456,-18.598617020511277,0.1976116318849363,1.5715045775303391
175.488,-18.61603591620842,0.1976115282078954,1.571386045180924
175.520,-18.63345688904318,0.19761143976819384,1.5712559608082366
175.552,-18.650873438608933,0.1976113671598483,1.5711486598329876
175.584,-18.668285632877165,0.19761130822006773,1.571063677274166
175.616,-18.685694256522687,0.19761126061844586,1.5709968737626636
175.648,-18.703100033789507,0.19761122229519157,1.5709444535241968
175.680,-18.720503552985207,0.19761119151209,1.5709033443697389
175.712,-18.737905282298385,0.197611166828328,1.5708711114345342
175.744,-18.75530559295629,0.19761114706172536,1.5708458343523486
175.776,-18.772704779089235,0.19761113124908705,1.570826001784239
175.808,-18.79010307370052,0.19761111860966893,1.5708104262926044
175.840,-18.807500661363047,0.19761110851305827,1.57079817639392
175.872,-18.824897688290626,0.1976111004517132,1.5707885224915337
175.904,-18.842294270321112,0.19761109401792332,1.570780893941085
175.936,-18.859690499241502,0.19761108888472778,1.5707748450280785
175.968,-18.877086447797588,0.1976110847902629,1.5707700280690111
176.000,-18.89448217366025,0.19761108152501258,1.5707661721949995
176.032,-18.91187772256493,0.19761107892147334,1.5707630666567793
176.064,-18.929273130795952,0.1976110768458125,1.5707605477166156
176.096,-18.946668427152137,0.19761107519115256,1.5707584883760703
176.128,-18.96406363450187,0.19761107387217772,1.570756790338071
176.160,-18.98145877101338,0.19761107282080773,1.5707553777226073
176.192,-18.998853851128214,0.1976110719827344,1.5707541921541277
176.224,-19.016248886331606,0.19761107131464992,1.5707531889180395
176.256,-19.033643885762388,0.19761107078202972,1.5707523339482763
176.288,-19.051038856695982,0.19761107035736092,1.5707516014595049
176.320,-19.068433804927118,0.1976110700187255,1.5707509720789121
176.352,-19.085828735073253,0.19761106974866766,1.5707504313653566
176.384,-19.103223650815238,0.19761106953328908,1.5707499686297528
176.416,-19.12061855508831,0.1976110693615261,1.5707495759908987
176.448,-19.138013450233853,0.19761106922457042,1.5707492476167746
176.480,-19.155408338119923,0.19761106911540668,1.5707489791136218
176.512,-19.17280322023709,0.19761106902844439,1.5707487670344327
176.544,-19.19019809777471,0.19761106895922267,1.570748608485504
176.576,-19.207592971681642,0.1976110689041777,1.5707485008149378
176.608,-19.224987842714548,0.19761106886045585,1.5707484413708648
176.640,-19.24238271147644,0.19761106882576748,1.570748427319776
176.672,-19.2597775784474,0.19761106879827176,1.5707484555175122
176.704,-19.277172444009086,0.19761106877648674,1.570748522426523
176.736,-19.294567308464334,0.1976110687592181,1.5707486240740343
176.768,-19.311962172052812,0.19761106874550421,1.5707487560462345
176.800,-19.32935703496357,0.19761106873457476,1.5707489135138757
176.832,-19.3467518973451,0.1976110687258153,1.5707490912848512
176.864,-19.364146759313417,0.19761106871874204,1.5707492838793735
176.896,-19.381541620958547,0.1976110687129782,1.5707494856233748
176.928,-19.398936482349797,0.19761106870823708,1.570749690755791
176.960,-19.416331343539948,0.19761106870430517,1.5707498935453008
176.992,-19.43372620456866,0.19761106870102793,1.570750088412296
177.024,-19.451121065465262,0.19761106869829648,1.5707502700518676
177.056,-19.468515926250927,0.1976110686960371,1.5707504335537517
177.088,-19.485910786940483,0.19761106869419878,1.57075057451546
177.120,-19.503305647543876,0.19761106869274503,1.570750689145071
177.152,-19.52070050806734,0.197611068691645,1.57075077435061
177.184,-19.53809536851434,0.1976110686908689,1.570750827813176
177.216,-19.55549022888639,0.19761106869038172,1.5707508480417551
177.248,-19.57288508918366,0.19761106869014278,1.5707508344078673
177.280,-19.59027994940555,0.19761106869010384,1.5707507871589887
177.312,-19.607674809551124,0.19761106869021128,1.570750707410241
177.344,-19.62506966961953,0.19761106869040737,1.570750597114294
177.376,-19.642464529610322,0.19761106869063497,1.5707504590102452
177.408,-19.659859389523742,0.19761106869084097,1.570750296552637
177.440,-19.677254249360978,0.19761106869097958,1.5707501138223459
177.472,-19.69464910912433,0.19761106869101722,1.5707499154216593
177.504,-19.71204396881737,0.19761106869093348,1.5707497063561413
177.536,-19.72943882844501,0.1976110686907233,1.57074949190636
177.568,-19.746833688013517,0.19761106869039705,1.5707492774926872
177.600,-19.764228547530486,0.19761106868997846,1.5707490685367282
177.632,-19.78162340700472,0.1976110686895021,1.5707488703228454
177.664,-19.79901826644604,0.19761106868900996,1.570748687863355
177.696,-19.81641312586509,0.19761106868854633,1.5707485257708074
177.728,-19.833807985273047,0.19761106868815356,1.5707483881406084
177.760,-19.851202844681303,0.19761106868786807,1.5707482784469395
177.792,-19.868597704101138,0.19761106868771602,1.5707481994546033
177.824,-19.885992563543393,0.1976110686877104,1.5707481531489227
177.856,-19.903387423018117,0.19761106868785017,1.5707481406855819
177.888,-19.920782282534297,0.19761106868812006,1.570748162361475
177.920,-19.938177142099573,0.19761106868849193,1.570748217607363
177.952,-19.95557200172004,0.1976110686889283,1.5707483050024909
177.984,-19.972966861400085,0.19761106868938466,1.5707484223107067
178.016,-19.99036172114233,0.19761106868981573,1.5707485665372052
178.048,-20.007756580947586,0.19761106869017858,1.5707487340044652
178.080,-20.02515144081489,0.19761106869043746,1.5707489204454044
178.112,-20.04254630074163,0.19761106869056724,1.5707491211114994
178.144,-20.05994116072365,0.1976110686905563,1.5707493308930944
178.176,-20.07733602075544,0.19761106869040745,1.5707495444488797
178.208,-20.09473088083035,0.19761106869013675,1.5707497563413457
178.240,-20.11212574094079,0.1976110686897735,1.5707499611747504
178.272,-20.129520601078436,0.19761106868935585,1.570750153732129
178.304,-20.146915461234467,0.19761106868892722,1.5707503291079024
178.336,-20.164310321399757,0.19761106868853243,1.5707504828327186
178.368,-20.18170518156506,0.19761106868821254,1.5707506109873046
178.400,-20.19910004172121,0.19761106868800088,1.5707507103024483
178.432,-20.21649490185927,0.19761106868791956,1.5707507782425358
178.464,-20.233889761970694,0.19761106868797754,1.5707508130704382
178.496,-20.2512846220475,0.19761106868816902,1.5707508138921038
178.528,-20.26867948208239,0.1976110686884747,1.570750780679667
178.560,-20.286074342068925,0.19761106868886347,1.570750714272405
178.592,-20.303469202001654,0.19761106868929565,1.5707506163555713
178.624,-20.320864061876275,0.19761106868972658,1.5707504894175224
178.656,-20.338258921689746,0.197611068690112,1.5707503366863316
178.688,-20.355653781440445,0.19761106869041176,1.5707501620474058
178.720,-20.373048641128236,0.1976110686905941,1.570749969944335
178.752,-20.390443500754554,0.19761106869063919,1.5707497652654279
178.784,-20.407838360322447,0.19761106869054076,1.5707495532189362
178.816,-20.425233219836564,0.1976110686903077,1.5707493392001333
178.848,-20.442628079303063,0.19761106868996112,1.5707491286537032
178.880,-20.460022938729526,0.19761106868953499,1.5707489269349488
178.912,-20.47741779812475,0.19761106868907055,1.5707487391734254
178.944,-20.494812657498546,0.19761106868861353,1.5707485701424315
178.976,-20.512207516861423,0.19761106868820888,1.570748424137691
179.008,-20.529602376224314,0.19761106868789569,1.570748304868315
179.040,-20.546997235598216,0.19761106868770542,1.5707482153628003
179.072,-20.564392094993824,0.1976110686876562,1.570748157892392
179.104,-20.58178695442125,0.19761106868775263,1.5707481339137346
179.136,-20.59918181388963,0.19761106868798461,1.5707481440322228
179.168,-20.616576673406886,0.1976110686883289,1.5707481879869525
179.200,-20.633971532979498,0.19761106868875078,1.5707482646576094
179.232,-20.6513663926123,0.1976110686892083,1.5707483720930706
179.264,-20.668761252308386,0.19761106868965567,1.5707485075610557
179.296,-20.686156112069064,0.19761106869004902,1.5707486676174685
179.328,-20.70355097189388,0.19761106869034953,1.5707488481937355
179.360,-20.72094583178066,0.19761106869052827,1.5707490446999486
179.392,-20.73834069172568,0.19761106869056885,1.5707492521411834
179.424,-20.755735551723802,0.19761106869046843,1.570749465244154
179.456,-20.773130411768665,0.19761106869023878,1.5707496785909039
179.488,-20.7905252718529,0.19761106868990494,1.5707498867563212
179.520,-20.807920131968345,0.1976110686895023,1.5707500844458686
179.552,-20.825314992106268,0.19761106868907263,1.5707502666301556
179.584,-20.842709852257567,0.19761106868866155,1.5707504286729175
179.616,-20.860104712412948,0.1976110686883113,1.5707505664490902
179.648,-20.877499572563153,0.19761106868805858,1.5707506764500279
179.680,-20.894894432699093,0.19761106868792977,1.570750755873109
179.712,-20.912289292812016,0.19761106868793857,1.5707508026934776
179.744,-20.929684152893675,0.19761106868808467,1.570750815715923
179.776,-20.94707901293648,0.19761106868835338,1.5707507946057273
179.808,-20.964473872933624,0.19761106868871703,1.5707507398974898
179.840,-20.98186873287926,0.19761106868913894,1.5707506529817283
179.872,-20.999263592768624,0.19761106868957576,1.5707505360696197
179.904,-21.01665845259819,0.19761106868998235,1.5707503921366743
179.936,-21.034053312365785,0.19761106869031678,1.5707502248468803
179.968,-21.051448172070707,0.19761106869054354,1.5707500384591981
180.000,-21.068843031713815,0.19761106869063877,1.5707498377188656
180.032,-21.086237891297557,0.19761106869059095,1.5707496277362334
180.064,-21.10363275082599,0.19761106869040376,1.5707494138563518
180.096,-21.121027610304747,0.1976110686900942,1.5707492015226427
180.128,-21.138422469740885,0.1976110686896919,1.5707489961381005
180.160,-21.15581732914279,0.19761106868923597,1.570748802927657
180.192,-21.173212188519916,0.19761106868877112,1.5707486268052238
180.224,-21.19060704788256,0.197611068688343,1.5707484722487666
180.256,-21.208001907241517,0.1976110686879935,1.5707483431865892
180.288,-21.225396766607787,0.19761106868775696,1.5707482428977235
180.320,-21.242791625992208,0.19761106868765654,1.570748173928911
180.352,-21.26018648540511,0.19761106868770198,1.570748138030246
180.384,-21.277581344856017,0.19761106868788794,1.5707481361110933
180.416,-21.294976204353283,0.19761106868819586,1.5707481682173243
180.448,-21.312371063903917,0.19761106868859485,1.5707482335304388
180.480,-21.32976592351335,0.19761106868904485,1.5707483303885557
180.512,-21.347160783185284,0.19761106868950107,1.5707484563287604
180.544,-21.36455564292165,0.1976110686899184,1.5707486081496247
180.576,-21.381950502722614,0.1976110686902557,1.570748781992443
180.608,-21.399345362586587,0.19761106869048017,1.5707489734390452
180.640,-21.416740222510374,0.19761106869057055,1.5707491776237876
180.672,-21.434135082489302,0.19761106869051942,1.5707493893569007
180.704,-21.451529942517418,0.19761106869033335,1.570749603256063
180.736,-21.468924802587683,0.1976110686900329,1.5707498138829596
180.768,-21.486319662692186,0.19761106868964995,1.5707500158813485
180.800,-21.503714522822364,0.19761106868922482,1.5707502041131292
180.832,-21.521109382969218,0.19761106868880204,1.5707503737890494
180.864,-21.538504243123505,0.1976110686884257,1.5707505205906112
180.896,-21.555899103275923,0.1976110686881348,1.5707506407802017
180.928,-21.5732939634173,0.19761106868795983,1.570750731296481
180.960,-21.590688823538745,0.19761106868791956,1.5707507898326758
180.992,-21.60808368363182,0.19761106868801792,1.570750814895673
181.024,-21.625478543688676,0.1976110686882455,1.570750805844428
181.056,-21.642873403702215,0.19761106868857947,1.5707507629066189
181.088,-21.66026826366623,0.1976110686889857,1.570750687173123
181.120,-21.67766312357555,0.19761106868942255,1.570750580570382
181.152,-21.695057983426196,0.19761106868984496,1.5707504458114139
181.184,-21.712452843215498,0.19761106869020936,1.5707502863266554
181.216,-21.729847702942234,0.1976110686904776,1.5707501061764477
181.248,-21.74724256260669,0.19761106869062128,1.5707499099473938
181.280,-21.764637422210747,0.1976110686906246,1.5707497026352784
181.312,-21.782032281757903,0.19761106869048545,1.5707494895175553
181.344,-21.799427141253236,0.19761106869021608,1.5707492760186994
181.376,-21.81682200070331,0.1976110686898424,1.5707490675718663
181.408,-21.83421686011607,0.19761106868940062,1.570748869480478
181.440,-21.851611719500614,0.19761106868893352,1.5707486867831861
181.472,-21.869006578866973,0.1976110686884873,1.570748524125735
181.504,-21.8864014382258,0.19761106868810538,1.5707483856429307
181.536,-21.90379629758806,0.19761106868782574,1.5707482748537562
181.568,-21.921191156964696,0.19761106868767545,1.570748194572212
181.600,-21.93858601636625,0.19761106868766898,1.5707481468361741
181.632,-21.95598087580256,0.19761106868780676,1.5707481328559618
181.664,-21.97337573528243,0.19761106868807482,1.5707481529839713
181.696,-21.990770594813377,0.1976110686884456,1.5707482067060223
181.728,-22.008165454401393,0.1976110686888826,1.5707482926546694
181.760,-22.025560314050807,0.1976110686893417,1.5707484086440628
181.792,-22.042955173764195,0.19761106868977785,1.5707485517255255
181.824,-22.06035003354232,0.19761106869014772,1.5707487182623514
181.856,-22.077744893384214,0.19761106869041525,1.5707489040220552
181.888,-22.095139753287235,0.19761106869055464,1.5707491042836261
181.920,-22.112534613247206,0.1976110686905535,1.5707493139572113
181.952,-22.12992947325862,0.19761106869041326,1.5707495277131478
181.984,-22.147324333314778,0.19761106869015002,1.570749740117157
182.016,-22.16471919340806,0.1976110686897918,1.5707499457682477
182.048,-22.182114053530114,0.19761106868937683,1.5707501394359153
182.080,-22.199508913672066,0.19761106868894818,1.5707503161931347
182.112,-22.216903773824736,0.19761106868855055,1.5707504715417253
182.144,-22.234298633978828,0.19761106868822534,1.5707506015269925
182.176,-22.251693494125096,0.19761106868800668,1.5707507028386356
182.208,-22.26908835425454,0.19761106868791756,1.5707507728953223
182.240,-22.286483214358533,0.19761106868796724,1.5707508099108123
182.272,-22.30387807442901,0.19761106868815134,1.57075081293977
182.304,-22.321272934458587,0.1976110686884511,1.5707507819022384
182.336,-22.338667794440724,0.19761106868883624,1.57075071758594
182.368,-22.356062654369865,0.1976110686892672,1.570750621626436
182.400,-22.373457514241597,0.19761106868969983,1.5707504964655548
182.432,-22.39085237405278,0.19761106869008946,1.5707503452891867
182.464,-22.408247233801657,0.19761106869039535,1.5707501719460502
182.496,-22.425642093487973,0.19761106869058578,1.5707499808494423
182.528,-22.443036953113044,0.19761106869063966,1.5707497768645886
182.560,-22.4604318126798,0.1976110686905501,1.5707495651844505
182.592,-22.477826672192755,0.1976110686903246,1.570749351197216
182.624,-22.49522153165797,0.1976110686899841,1.5707491403488765
182.656,-22.512616391082915,0.19761106868956188,1.5707489380043849
182.688,-22.530011250476313,0.19761106868909847,1.5707487493110872
182.720,-22.547406109847895,0.19761106868863984,1.5707485790676952
182.752,-22.564800969208118,0.19761106868823042,1.5707484316023927
182.784,-22.582195828567894,0.19761106868791095,1.5707483106629259
182.816,-22.5995906879382,0.19761106868771255,1.570748219321641
182.848,-22.61698554732976,0.19761106868765452,1.5707481598977382
182.880,-22.634380406752708,0.19761106868774223,1.5707481338986768
182.912,-22.651775266216237,0.19761106868796663,1.570748141982284
182.944,-22.669170125728346,0.19761106868830502,1.5707481839403685
182.976,-22.686564985295586,0.1976110686887231,1.5707482587042607
183.008,-22.7039598449229,0.19761106868917966,1.5707483643721412
183.040,-22.721354704613475,0.19761106868962902,1.5707484982574333
183.072,-22.738749564368725,0.19761106869002706,1.5707486569569944
183.104,-22.75614442418828,0.1976110686903344,1.570748836437433
183.136,-22.773539284070083,0.1976110686905211,1.570749032137356
183.168,-22.790934144010482,0.19761106869057019,1.570749239082983
183.200,-22.808329004004406,0.197611068690478,1.5707494520142296
183.232,-22.82572386404556,0.1976110686902557,1.570749665518115
183.264,-22.843118724126633,0.19761106868992717,1.570749874166086
183.296,-22.860513584239495,0.19761106868952735,1.5707500726518868
183.328,-22.877908444375446,0.19761106868909847,1.570750255926399
183.360,-22.895303304525374,0.19761106868868478,1.5707504193261046
183.392,-22.91269816468002,0.19761106868832976,1.5707505586918833
183.424,-22.930093024830093,0.1976110686880703,1.5707506704750445
183.456,-22.947487884966485,0.19761106868793354,1.5707507518279915
183.488,-22.96488274508042,0.19761106868793385,1.5707508006770756
183.520,-22.982277605163624,0.1976110686880718,1.57075081577574
183.552,-22.999672465208445,0.19761106868833364,1.5707507967366774
183.584,-23.017067325208036,0.19761106868869277,1.570750744041978
183.616,-23.03446218515647,0.19761106868911238,1.570750659031095
183.648,-23.051857045048923,0.1976110686895497,1.5707505438668883
183.680,-23.06925190488178,0.19761106868995942,1.5707504014805382
183.712,-23.086646764652784,0.19761106869029907,1.57075023549682
183.744,-23.10404162436114,0.1976110686905332,1.5707500501416145
183.776,-23.12143648400761,0.19761106869063705,1.5707498501340331
183.808,-23.13883134359454,0.1976110686905979,1.5707496405659662
183.840,-23.156226203125893,0.19761106869041875,1.5707494267720965
183.872,-23.173621062607197,0.19761106869011583,1.570749214193844
183.904,-23.191015922045437,0.19761106868971817,1.5707490082406241
183.936,-23.208410781448915,0.19761106868926426,1.5707488141520338
183.968,-23.22580564082704,0.19761106868879874,1.5707486368645245
184.000,-23.243200500190046,0.197611068688367,1.570748480885862
184.032,-23.260595359548716,0.1976110686880114,1.5707483501806743
184.064,-23.27799021891405,0.19761106868776737,1.5707482480699226
184.096,-23.295385078296896,0.1976110686876584,1.5707481771467735
184.128,-23.312779937707635,0.19761106868769482,1.5707481392111047
184.160,-23.330174797155824,0.19761106868787282,1.5707481352241253
184.192,-23.347569656649927,0.1976110686881742,1.570748165284307
184.224,-23.364964516197023,0.19761106868856862,1.5707482286251868
184.256,-23.382359375802636,0.19761106868901693,1.5707483236350375
184.288,-23.39975423547059,0.19761106868947395,1.5707484478979206
184.320,-23.41714909520292,0.19761106868989495,1.5707485982550595
184.352,-23.434543954999885,0.19761106869023798,1.5707487708849615
184.384,-23.45193881486001,0.19761106869047018,1.5707489614003283
184.416,-23.4693336747802,0.19761106869056913,1.5707491649592387
184.448,-23.48672853475585,0.19761106869052644,1.570749376387903
184.480,-23.50412339478109,0.1976110686903481,1.5707495903118183
184.512,-23.521518254848935,0.1976110686900537,1.570749801292141
184.544,-23.538913114951526,0.1976110686896747,1.5707500039637423
184.576,-23.55630797508033,0.19761106868925088,1.570750193171514
184.608,-23.573702835226367,0.1976110686888266,1.5707503641014733
184.640,-23.591097695380405,0.19761106868844608,1.5707505124033354
184.672,-23.60849255553314,0.19761106868814915,1.5707506343013944
184.704,-23.625887415675386,0.1976110686879667,1.5707507266908873
184.736,-23.643282275798235,0.19761106868791775,1.570750787217427
184.768,-23.66067713589321,0.19761106868800793,1.5707508143372602
184.800,-23.678071995952422,0.1976110686882283,1.570750807357003
184.832,-23.695466855968725,0.19761106868855688,1.5707507664516012
184.864,-23.712861715935855,0.1976110686889598,1.5707506926601715
184.896,-23.730256575848568,0.19761106868939568,1.570750587859675
184.928,-23.747651435702824,0.19761106868982037,1.5707504547172277
184.960,-23.765046295495857,0.19761106869018927,1.570750296622094
184.992,-23.78244115522635,0.19761106869046438,1.570750117599223
185.024,-23.79983601489451,0.19761106869061626,1.570749922206536
185.056,-23.817230874502112,0.19761106869062828,1.570749715418552
185.088,-23.834625734052555,0.19761106869049752,1.5707495024994318
185.120,-23.852020593550826,0.19761106869023556,1.57074928886865
185.152,-23.869415453003402,0.1976110686898674,1.5707490799628063
185.184,-23.886810312418145,0.19761106868942843,1.5707488810970824
185.216,-23.90420517180409,0.19761106868896175,1.5707486973299132
185.248,-23.921600031171227,0.19761106868851297,1.5707485333343387
185.280,-23.938994890530168,0.19761106868812625,1.5707483932792845
185.312,-23.956389749891883,0.19761106868783937,1.5707482807237745
185.344,-23.973784609267316,0.19761106868768064,1.5707481985267628
185.376,-23.99117946866705,0.1976110686876655,1.570748148774841
185.408,-24.008574328100966,0.19761106868779502,1.5707481327295894
185.440,-24.025969187577942,0.1976110686880555,1.5707481507958754
185.472,-24.043364047105587,0.19761106868842113,1.5707482025119057
185.504,-24.060758906689983,0.1976110686888552,1.5707482865611864
185.536,-24.07815376633556,0.19761106868931436,1.5707484008060992
185.568,-24.09554862604501,0.19761106868975312,1.570748542342263
185.600,-24.112943485819198,0.19761106869012798,1.5707487075722286
185.632,-24.130338345657265,0.1976110686904026,1.5707488922967154
185.664,-24.147733205556662,0.19761106869055042,1.5707490918210376
185.696,-24.165128065513308,0.1976110686905577,1.5707493010741003
185.728,-24.18252292552176,0.19761106869042572,1.57074951473698
185.760,-24.199917785575394,0.1976110686901694,1.5707497273778126
185.792,-24.217312645666638,0.19761106868981584,1.5707499335896702
185.824,-24.234707505787178,0.1976110686894029,1.5707501281278708
185.856,-24.252102365928163,0.1976110686889738,1.5707503060433168
185.888,-24.26949722608043,0.19761106868857306,1.570750462808451
185.920,-24.28689208623468,0.19761106868824246,1.5707505944325988
185.952,-24.304286946381666,0.1976110686880167,1.5707506975638144
185.984,-24.321681806512363,0.19761106868791922,1.5707507695744927
186.016,-24.339076666618123,0.19761106868796047,1.5707508086286681
186.048,-24.35647152669083,0.19761106868813674,1.570750813729114
186.080,-24.373866386723066,0.1976110686884303,1.5707507847431355
186.112,-24.391261246708225,0.19761106868881123,1.5707507224061814
186.144,-24.4086561066407,0.19761106868924067,1.570750628303379
186.176,-24.426050966516,0.19761106868967449,1.5707505048292523
186.208,-24.4434458263309,0.19761106869006806,1.5707503551267197
186.240,-24.460840686083557,0.19761106869038014,1.5707501830069506
186.272,-24.478235545773625,0.19761106869057823,1.5707499928520865
186.304,-24.49563040540233,0.19761106869064046,1.5707497895033955
186.336,-24.51302526497249,0.19761106869055953,1.5707495781376712
186.368,-24.530420124488536,0.19761106869034173,1.5707493641351502
186.400,-24.547814983956428,0.19761106869000755,1.570749152942275
186.432,-24.565209843383567,0.19761106868958916,1.5707489499328506
186.464,-24.582604702778593,0.19761106868912703,1.5707487602712065
186.496,-24.599999562151186,0.19761106868866662,1.570748588780775
186.528,-24.61739442151178,0.19761106868825323,1.570748439821515
186.560,-24.63478928087125,0.19761106868792735,1.5707483171792471
186.592,-24.652184140240593,0.19761106868772102,1.5707482239696573
186.624,-24.669578999630556,0.19761106868765413,1.5707481625594581
186.656,-24.686973859051307,0.19761106868773312,1.5707481345066343
186.688,-24.704368718512114,0.19761106868794964,1.5707481405212087
186.720,-24.721763578021065,0.19761106868828202,1.5707481804475387
186.752,-24.739158437584795,0.1976110686886965,1.5707482532685662
186.784,-24.75655329720834,0.19761106868915193,1.5707483571318106
186.816,-24.77394815689501,0.19761106868960315,1.570748489396514
186.848,-24.791343016646316,0.1976110686900055,1.5707486467007015
186.880,-24.808737876462,0.19761106869031894,1.570748825046424
186.912,-24.8261327363401,0.19761106869051373,1.5707490199011287
186.944,-24.84352759627706,0.19761106869057138,1.5707492263125336
186.976,-24.860922456267893,0.19761106869048772,1.5707494390341723
187.008,-24.87831731630637,0.1976110686902728,1.5707496526584446
187.040,-24.895712176385228,0.1976110686899498,1.5707498617537983
187.072,-24.913107036496392,0.19761106868955328,1.5707500610026803
187.104,-24.930501896631178,0.19761106868912473,1.5707502453366462
187.136,-24.947896756780516,0.19761106868870915,1.5707504100653127
187.168,-24.96529161693512,0.19761106868834924,1.5707505509958037
187.200,-24.98268647708571,0.19761106868808292,1.5707506645396843
187.232,-25.000081337223175,0.19761106868793826,1.570750747804589
187.264,-25.0174761973387,0.1976110686879302,1.5707507986682225
187.296,-25.034871057423977,0.19761106868806003,1.570750815832758
187.328,-25.052265917471317,0.197611068688315,1.570750798858286
187.360,-25.06966077747381,0.19761106868866893,1.5707507481743086
187.392,-25.087055637425483,0.19761106868908626,1.5707506650690575
187.424,-25.10445049732143,0.1976110686895235,1.570750551656824
187.456,-25.121845357157962,0.19761106868993625,1.5707504108241466
187.488,-25.13924021693274,0.19761106869028108,1.570750246156228
187.520,-25.15663507664488,0.19761106869052253,1.5707500618454378
187.552,-25.174029936295028,0.19761106869063477,1.5707498625842968
187.584,-25.191424795885453,0.19761106869060446,1.5707496534457133
187.616,-25.20881965542002,0.19761106869043343,1.5707494397534871
187.648,-25.226214514904157,0.19761106869013745,1.5707492269465098
187.680,-25.243609374344768,0.19761106868974435,1.5707490204400874
187.712,-25.261004233750082,0.19761106868929268,1.5707488254879711
187.744,-25.278399093129444,0.19761106868882644,1.570748647048646
187.776,-25.295793952493046,0.19761106868839137,1.5707484896592723
187.808,-25.313188811851653,0.19761106868803038,1.570748357320409
187.840,-25.330583671216253,0.1976110686877787,1.57074825339461
187.872,-25.34797853059772,0.1976110686876611,1.5707481805212276
187.904,-25.365373390006468,0.19761106868768874,1.5707481405497408
187.936,-25.382768249452123,0.19761106868785858,1.5707481344931005
187.968,-25.400163108943204,0.1976110686881533,1.5707481625023638
188.000,-25.4175579684869,0.1976110686885432,1.5707482238631651
188.032,-25.434952828088825,0.19761106868898934,1.5707483170140593
188.064,-25.45234768775291,0.19761106868944708,1.570748439586311
188.096,-25.469742547481292,0.19761106868987138,1.5707485884640768
188.128,-25.487137407274354,0.1976110686902205,1.5707487598634537
188.160,-25.50453226713071,0.19761106869045994,1.5707489494284013
188.192,-25.521927127047352,0.19761106869056713,1.5707491523411714
188.224,-25.539321987019783,0.19761106869053296,1.5707493634444127
188.256,-25.55671684704219,0.19761106869036224,1.5707495773719562
188.288,-25.57411170710765,0.19761106869007422,1.5707497886849193
188.320,-25.59150656720836,0.1976110686896991,1.570749992009792
188.352,-25.60890142733581,0.19761106868927666,1.5707501821749312
188.384,-25.62629628748105,0.19761106868885142,1.5707503543420787
188.416,-25.643691147634854,0.19761106868846715,1.5707505041295586
188.448,-25.66108600778791,0.19761106868816425,1.5707506277239058
188.480,-25.67848086793104,0.1976110686879742,1.5707507219772718
188.512,-25.695875728055295,0.19761106868791672,1.5707507844878346
188.544,-25.713270588152177,0.19761106868799852,1.5707508136613677
188.576,-25.730665448213756,0.19761106868821152,1.5707508087521906
188.608,-25.748060308232834,0.19761106868853429,1.5707507698825143
188.640,-25.765455168203086,0.19761106868893383,1.5707506980395738
188.672,-25.782850028119213,0.19761106868936937,1.5707505950507001
188.704,-25.800244887977087,0.1976110686897959,1.5707504635368439
188.736,-25.81763974777387,0.19761106869016937,1.570750306845765
188.768,-25.835034607508153,0.19761106869045086,1.5707501289666617
188.800,-25.85242946718004,0.19761106869061087,1.5707499344283338
188.832,-25.86982432679122,0.19761106869063164,1.5707497281835627
188.864,-25.88721918634499,0.19761106869050946,1.570749515482714
188.896,-25.90239668738537,0.19761107002077902,1.5685969258116679
188.928,-25.915654137095373,0.19761096674424658,1.5682219760316245
188.960,-25.927112862124428,0.19761088670562335,1.5681028358762323
188.992,-25.93680182698073,0.1976108515420679,1.568036853290675
189.024,-25.944827024452156,0.19761089439091895,1.5680246345707332
189.056,-25.952608046780398,0.1976111893373965,1.5683557187372983
189.088,-25.960213269682406,0.1976115343621473,1.5687517525199812
189.120,-25.967715559831216,0.19761187536357233,1.569253226821651
189.152,-25.975121936467257,0.1976121848929289,1.5698209328849184
189.184,-25.982382590254172,0.1976124622780691,1.5702428188740487
189.216,-25.989628941515033,0.19761271099674324,1.5706063318086154
189.248,-25.996883420735383,0.19761292218989154,1.5709021822187441
189.280,-26.004050385643488,0.19761309129980878,1.5710941704546788
189.312,-26.011081244026872,0.19761321971360254,1.571213071508789
189.344,-26.018087832040298,0.19761331442153912,1.5713512181818903
189.376,-26.02500693352297,0.19761337879697527,1.5714302957589255
189.408,-26.031964144510336,0.1976134207580808,1.5715575060079485
189.440,-26.039026293104094,0.19761346671568492,1.5715592719862512
189.472,-26.046308641192557,0.1976135043803658,1.5715981050463166
189.504,-26.053820302265493,0.1976135514956214,1.5715905874239224
189.536,-26.06132386376387,0.1976135991826759,1.5715156576321114
189.568,-26.068349491436326,0.1976136364579282,1.5713736578792121
189.600,-26.0749947587135,0.19761369073364474,1.571332741716554
189.632,-26.081306369644558,0.19761379052741979,1.571293515952252
189.664,-26.087387281749553,0.19761392441515918,1.5712747638970932
189.696,-26.09338893737551,0.19761407300001463,1.5713067497083417
189.728,-26.099182706023345,0.19761420318541284,1.5713082262943279
189.760,-26.104885581883803,0.19761432161821013,1.5713428805075835
189.792,-26.11039118237229,0.1976144360316233,1.571177842824219
189.824,-26.11592019506468,0.19761450456515456,1.5711947702193005
189.856,-26.12145958718493,0.19761455399973776,1.5712045938081391
189.888,-26.12700306706933,0.19761459390281072,1.5712339813907514
189.920,-26.132548038997463,0.1976146425431744,1.5712581722440857
189.952,-26.138094390072478,0.1976147095525517,1.5712760834202255
189.984,-26.143646987408914,0.1976148016582377,1.5712711964361943
190.016,-26.151315175580933,0.1976145849421537,1.5742943027637148
190.048,-26.159301128980914,0.19761440859955842,1.5740104695055688
190.080,-26.16734179060966,0.19761408207901632,1.5734070618964522
190.112,-26.172425076155847,0.19761397799385994,1.5712582005185738
190.144,-26.179893604582055,0.19761352398300336,1.5725717384733817
190.176,-26.18757289049725,0.1976131247373398,1.572408607180976
190.208,-26.19527851284696,0.19761275728324051,1.5721012600741606
190.240,-26.200066777038003,0.1976126067181975,1.570169259373424
190.272,-26.207223296957192,0.1976124233793669,1.5717397273136389
190.304,-26.21173892390134,0.19761230734985188,1.5701269060328755
190.336,-26.218582927724633,0.1976122152611792,1.571697542575716
190.368,-26.225623182089354,0.1976120424929949,1.5717139048226536
190.400,-26.2326887157722,0.19761187341377817,1.5715455689090516
190.432,-26.23711356742896,0.19761181499440514,1.5698167654153463
190.464,-26.243664326952313,0.19761182446363892,1.5713778756493262
190.496,-26.250392025763883,0.19761172275850641,1.5714477327146525
190.528,-26.257142303570383,0.19761161193694649,1.5713321251257006
190.560,-26.263896548283054,0.19761151208405944,1.5712162087199932
190.592,-26.270652057014733,0.19761142693135023,1.5711209430242463
190.624,-26.274933887185043,0.1976113965882604,1.569534769579159
190.656,-26.28118849509519,0.19761149872936234,1.5711007665907992
190.688,-26.287606125389885,0.19761145657338014,1.5712194074805528
190.720,-26.29404483031641,0.19761139422938614,1.5711497186891372
190.752,-26.300487554617188,0.19761133573831505,1.5710710677412414
190.784,-26.304830111507858,0.19761131906512278,1.5694733495255686
190.816,-26.31077911318011,0.19761143543764453,1.5710740348818595
190.848,-26.316872321220927,0.1976114106651884,1.5711992120071967
190.880,-26.322985669262604,0.19761136083731817,1.5711339794078016
190.912,-26.329103505767005,0.19761131106844648,1.5710586614054358
190.944,-26.33522333907867,0.19761126661261547,1.570995701666591
190.976,-26.33950774753739,0.19761125418835387,1.569432853915062
191.008,-26.345145073208105,0.19761137496742,1.5710254403819544
191.040,-26.350910655762075,0.197611360537285,1.571157103008388
191.072,-26.356694865600343,0.19761131975217272,1.5710999955872764
191.104,-26.362483531248248,0.19761127766652276,1.5710315869773817
191.136,-26.368274304124796,0.1976112396468041,1.5709741508064303
191.168,-26.374066463649918,0.1976112069561583,1.570928179694089
191.200,-26.378021562215853,0.19761119739400643,1.5693986389930705
191.232,-26.38333290368369,0.19761133044686205,1.5709788809003595
191.264,-26.388768253853247,0.19761132297816275,1.5711174242440655
191.296,-26.394221344444848,0.19761128827819308,1.5710681407053786
191.328,-26.399678740213503,0.19761125180137154,1.5710061913945967
191.360,-26.40513822684784,0.19761121872222356,1.5709538568472412
191.392,-26.410599119616748,0.19761119020680462,1.5709119125698134
191.424,-26.414221598215303,0.19761118181944956,1.5694074380572887
191.456,-26.41920407955819,0.1976113176724335,1.5709648270208756
191.488,-26.42430676758354,0.19761131284810846,1.5711033492600965
191.520,-26.42942649251901,0.19761128028667613,1.5710565538662877
191.552,-26.43455050163448,0.19761124555101792,1.570996904628148
191.584,-26.439676674534663,0.19761121385409222,1.570946417126472
191.616,-26.44480432722315,0.19761118641406683,1.5709059485089607
191.648,-26.449933029112053,0.19761116337171528,1.5708737797163088
191.680,-26.453393221913185,0.19761115662734147,1.5694419829546549
191.712,-26.45806006776196,0.19761128171129883,1.5709353103307888
191.744,-26.46283437359816,0.19761128101946931,1.5710713704013384
191.776,-26.467624166980382,0.19761125359463685,1.5710299355714408
191.808,-26.472418031406587,0.19761122364925854,1.5709756158001773
191.840,-26.47721403552582,0.19761119612610903,1.5709294506201668
191.872,-26.482011529498052,0.19761117218530505,1.570892426438225
191.904,-26.486810094375777,0.19761115200567042,1.5708629988810767
191.936,-26.489841966668045,0.19761114491080292,1.569134949935144
191.968,-26.4931848031088,0.19761098880207165,1.5682428257476306
192.000,-26.496750278768065,0.19761090627377575,1.5679319229138096
192.032,-26.50046372753752,0.19761100912350824,1.5684068710846182
192.064,-26.504021046116172,0.19761111094782657,1.5688679922426523
192.096,-26.507064493273994,0.19761117021760483,1.5691972662711515
192.128,-26.509485680562342,0.1976112077498621,1.5694940657552823
192.160,-26.511827751983674,0.19761125012473138,1.5697495327091793
192.192,-26.51418294209727,0.1976112771198736,1.5699949168041543
192.224,-26.516243608096417,0.19761127537717224,1.5701321697643187
192.256,-26.51825811998246,0.19761127146360455,1.5702573469998942
192.288,-26.520240914324013,0.1976112607124751,1.5703596988805735
192.320,-26.52183927491008,0.19761123593846802,1.570409038438595
192.352,-26.523414619998864,0.19761121804437956,1.570474572346875
192.384,-26.524987194262664,0.19761119948692035,1.570531181897887
192.416,-26.526557487159682,0.19761118072796996,1.5705767444061185
192.448,-26.528124694180956,0.19761116309156268,1.5706129124581663
192.480,-26.529688053625314,0.1976111473104346,1.5706415380496437
192.512,-26.531162765485178,0.19761113297611121,1.5706722059683256
192.544,-26.53263927726742,0.19761112129388142,1.5706995322215973
192.576,-26.534121297876855,0.19761111145995905,1.570721215326769
192.608,-26.53560849096308,0.19761110322958897,1.570738414305637
192.640,-26.53709314997099,0.19761109645219282,1.5707521620206268
192.672,-26.53858539201744,0.1976110909401868,1.5707630572188276
192.704,-26.540084739231627,0.1976110865135563,1.5707716727096115
192.736,-26.541591105718748,0.19761108303921593,1.5707747035242634
192.768,-26.543104428814402,0.19761108031639307,1.570770352274146
192.800,-26.544624518853677,0.19761107806474698,1.570765853825138
192.832,-26.54615130617936,0.19761107628451705,1.5707620962457616
192.864,-26.547684759879797,0.1976110748965125,1.5707590652796637
192.896,-26.549224866222215,0.1976110738190092,1.5707566337241023
192.928,-26.550758075138813,0.19761107400281863,1.570665849931605
192.960,-26.55229670359882,0.19761107161702154,1.5706696519025294
192.992,-26.553842807265358,0.19761107108253922,1.5706839429305433
193.024,-26.555405223568712,0.19761107084468638,1.5707084882590865
193.056,-26.55696588457708,0.197611070906674,1.5707280687929217
193.088,-26.558532875666632,0.1976110708768639,1.5707436295873167
193.120,-26.560106654648713,0.1976110708217632,1.570756032445342
193.152,-26.561687427495038,0.19761107084936136,1.5707578986538144
193.184,-26.563275123714426,0.19761107075320572,1.5707561813896622
193.216,-26.56486971430898,0.19761107061558075,1.570754335123732
193.248,-26.566471224767227,0.19761107049766902,1.5707528320304753
193.280,-26.56807012918856,0.19761107030897881,1.5707633311920197
193.312,-26.569685430425686,0.19761107163081978,1.5706527133216417
193.344,-26.571299861484327,0.19761106938397136,1.5706576469077829
193.376,-26.572914385447934,0.1976110691486335,1.5706750378342405
193.408,-26.574529384996755,0.19761106922627902,1.5706906869469173
193.440,-26.576138104787226,0.1976110692154922,1.5707138518158787
193.472,-26.577750855907066,0.19761106933742614,1.5707322508473909
193.504,-26.579368146824546,0.19761106941381695,1.5707469150627793
193.536,-26.58098995311052,0.19761106945149604,1.5707585973491174
193.568,-26.582616229584758,0.19761106946506107,1.5707679037699698
193.600,-26.584246941163066,0.19761106946465962,1.5707753174614034
193.632,-26.58587531138472,0.1976110696066329,1.5707714973821085
193.664,-26.58750985350337,0.19761106954062044,1.5707674236006954
193.696,-26.589151082500575,0.19761106949168547,1.570763848291689
193.728,-26.590789071949537,0.1976110693603635,1.5707721120190974
193.760,-26.592432798895068,0.1976110695045122,1.5707729801569892
193.792,-26.594082132338706,0.19761106959321295,1.5707687991044272
193.824,-26.595736929102124,0.19761106958087882,1.5707646319564765
193.856,-26.59739713938502,0.197611069557072,1.5707610762877864
193.888,-26.59906273544684,0.1976110695371521,1.570758163261639
193.920,-26.600745020512758,0.19761107066292688,1.5706498825720003
193.952,-26.60241905700592,0.1976110684998799,1.5706822769290967
193.984,-26.6040966678568,0.19761106881880244,1.5707070663883858
194.016,-26.605778524657403,0.19761106910398404,1.5707268378772916
194.048,-26.607464655321415,0.1976110692837445,1.570742593595445
194.080,-26.609155051670886,0.19761106938911577,1.5707551493901173
194.112,-26.610840605050758,0.19761106952245616,1.5707607202800666
194.144,-26.61252500807575,0.19761106980003956,1.5707432991259551
194.176,-26.614225066499333,0.19761107037171277,1.5706456709161185
194.208,-26.615924136706,0.19761106842775855,1.5706527022613843
194.240,-26.617623226422953,0.19761106834713948,1.5706706570685427
194.272,-26.61932274966767,0.19761106854242122,1.5706866950474494
194.304,-26.621022809810682,0.19761106869912953,1.5706996342966926
194.336,-26.622723445103432,0.19761106879456772,1.5707098931767842
194.368,-26.62442468034369,0.19761106884556962,1.570717994749229
194.400,-26.626126535216397,0.19761106886789342,1.5707243835475584
194.432,-26.627829027062614,0.19761106887264543,1.5707294050142349
194.464,-26.629525236711906,0.19761106875665319,1.5707447006959345
194.496,-26.631224870106713,0.197611068844485,1.5707568698202732
194.528,-26.632942471324625,0.19761106939640985,1.5707257798390766
194.560,-26.63466350788759,0.1976110687792255,1.5707264569632382
194.592,-26.636385528667255,0.19761106868814135,1.5707304521548613
194.624,-26.638139838515233,0.1976110689063691,1.5707120037855713
194.656,-26.63985374288663,0.1976110683180442,1.5707389546310433
194.688,-26.641596541820647,0.19761106900899955,1.5707213763515944
194.720,-26.64329853486,0.19761106846688867,1.5707467498690357
194.752,-26.645029396068914,0.19761106923366678,1.5707276031200248
194.784,-26.646718651076164,0.19761106867916425,1.5707516782991584
194.816,-26.64843679541026,0.1976110694820115,1.5707315029194886
194.848,-26.65011278900418,0.19761106890872585,1.5707547651093325
194.880,-26.651785024057663,0.1976110693589863,1.5707560575485953
194.912,-26.65348913353682,0.19761106979250798,1.5707326965218509
194.944,-26.65514985846852,0.197611069093872,1.5707553684274878
194.976,-26.656839537028603,0.1976110698464165,1.5707343577369335
195.008,-26.658486316722477,0.19761106921006472,1.5707570225035585
195.040,-26.660092216086287,0.1976110700725257,1.5707173889277883
195.072,-26.66169629012252,0.19761106928030045,1.5707183649594787
195.104,-26.66330102555294,0.19761106915203808,1.5707237935181075
195.136,-26.66490658715153,0.197611069123407,1.5707287512561177
195.168,-26.666512913926862,0.19761106908778311,1.5707327559516933
195.200,-26.66811993515771,0.19761106904154963,1.5707359333020752
195.232,-26.66972759131011,0.19761106899237377,1.5707384468991732
195.264,-26.671335833128932,0.19761106894555802,1.5707404321145828
195.296,-26.67294462258187,0.19761106890361854,1.5707420003794477
195.328,-26.674553932225066,0.19761106886738916,1.57074324483011
195.360,-26.676163731410913,0.19761106883359042,1.5707445233120334
195.392,-26.677767646298598,0.19761106868296438,1.570756776702587
195.424,-26.6793743284293,0.19761106875449858,1.5707664724222339
195.456,-26.680999161848725,0.19761106913362148,1.570749294016788
195.488,-26.68265018762922,0.1976110687999095,1.5707483938721396
195.520,-26.684301238202274,0.1976110687689315,1.5707484262626847
195.552,-26.68595036400615,0.1976110687577989,1.5707484655772364
195.584,-26.687597000726583,0.19761106875687162,1.57074847741083
195.616,-26.68924076031481,0.19761106876639398,1.5707484706539083
195.648,-26.69088134273626,0.19761106878502963,1.5707484526206952
195.680,-26.69251854205172,0.19761106881058932,1.5707484329566592
195.712,-26.694152182276955,0.19761106884088372,1.5707484118811543
195.744,-26.695782118833534,0.19761106887372218,1.5707483895349694
195.776,-26.697408240947055,0.19761106890726704,1.570748367846457
195.808,-26.6989774876969,0.1976110687531457,1.5707577944131603
195.840,-26.700546727488536,0.1976110687783944,1.570767308434198
195.872,-26.702134455049666,0.19761106920201116,1.5707502585829236
195.904,-26.703751614077156,0.19761106896346664,1.5707497112561053
195.936,-26.705396052081472,0.19761106903522221,1.5707509938563113
195.968,-26.707061621688506,0.19761106917827823,1.5707519865317394
196.000,-26.708719916507878,0.19761106929912423,1.5707516692361767
196.032,-26.710369276345727,0.19761106940409515,1.5707511840903838
196.064,-26.712009532900392,0.19761106953126897,1.570750760819977
196.096,-26.713640641733356,0.19761106967708647,1.5707504201622984
196.128,-26.715262580756832,0.19761106983176163,1.5707501496849392
196.160,-26.716875337900113,0.19761106998670136,1.570749936245824
196.192,-26.7184789106042,0.19761107013559712,1.5707497673639852
196.224,-26.720073300318553,0.1976110702741639,1.570749633912606
196.256,-26.721658516307997,0.197611070399859,1.5707495286007929
196.288,-26.723234571581525,0.19761107051145685,1.5707494453652806
196.320,-26.72480147488812,0.19761107060867955,1.5707493787820752
196.352,-26.726243705355397,0.19761107051963556,1.5707311164489697
196.384,-26.727681814572524,0.197611070116363,1.5707331026436362
196.416,-26.72912153350483,0.19761107002298595,1.5707380217827045
196.448,-26.730562989676933,0.1976110699273619,1.5707420277660427
196.480,-26.7320059445173,0.1976110697906832,1.5707448612466524
196.512,-26.733469156923963,0.19761106947919918,1.5707609855110356
196.544,-26.73495708395979,0.19761106974169282,1.5707622951746925
196.576,-26.736471664606235,0.1976110698919748,1.5707617377002987
196.608,-26.738013168063418,0.19761107010379766,1.5707610363465727
196.640,-26.73958163360118,0.19761107039030038,1.5707604060714946
196.672,-26.741141789519208,0.19761107062306082,1.5707586652236223
196.704,-26.742508214886577,0.19761107048643373,1.570732590465418
196.736,-26.74389842862249,0.19761107001653003,1.5707513900342212
196.768,-26.74531331423124,0.1976110707712436,1.570754578060798
196.800,-26.746754861635797,0.19761107128545202,1.5707554813841156
196.832,-26.748223349403332,0.1976110717095269,1.5707559393629675
196.864,-26.749713069457854,0.19761107206004133,1.5707560464384638
196.896,-26.75105059090239,0.1976110718631781,1.5707368346135455
196.928,-26.752377158215268,0.19761107153639187,1.5707363698371364
196.960,-26.75370087964121,0.1976110714802066,1.5707384171492051
196.992,-26.755022169712426,0.1976110713512951,1.5707404028089382
197.024,-26.756340930981484,0.19761107114512913,1.5707420276898878
197.056,-26.75765702138839,0.1976110709015554,1.5707433169547842
197.088,-26.758930002505995,0.19761107044415632,1.5707546865703275
197.120,-26.760203749056593,0.19761107023042931,1.5707648572997377
197.152,-26.761480156351894,0.19761107011852777,1.5707677186115925
197.184,-26.76275903912307,0.1976110699448147,1.5707661511976876
197.216,-26.76404011762418,0.197611069720482,1.5707639990087447
197.248,-26.765323200674285,0.1976110695187299,1.5707618979973759
197.280,-26.766608147460644,0.19761106935249512,1.5707599678311588
197.312,-26.767894850069887,0.19761106921967903,1.5707582382723484
197.344,-26.769178853630347,0.1976110689773243,1.5707678131165188
197.376,-26.770466082684564,0.1976110689840161,1.5707752587572859
197.408,-26.77176447025673,0.19761106986822768,1.5707167386826713
197.440,-26.77306280057144,0.1976110687337305,1.5707157523726067
197.472,-26.774361241568034,0.19761106858234603,1.5707216197502787
197.504,-26.775659942763316,0.1976110686191711,1.570727222929575
197.536,-26.776958938386464,0.19761106866596007,1.570731766062948
197.568,-26.778258238394567,0.19761106869902176,1.5707353476979808
197.600,-26.779553654128705,0.19761106859853278,1.5707495144428454
197.632,-26.780867698694447,0.1976110689265694,1.5707414567991804
197.664,-26.78220467574983,0.19761106874739146,1.5707425935019166
197.696,-26.783541825237258,0.19761106874255754,1.5707438283279094
197.728,-26.78487725801579,0.1976110687446672,1.570744784687827
197.760,-26.78621032851071,0.19761106875399198,1.5707455203271723
197.792,-26.787540595708432,0.1976110687718951,1.5707460894199063
197.824,-26.788867713512474,0.19761106879735926,1.5707465300170385
197.856,-26.790191413653453,0.19761106882837062,1.5707468715844477
197.888,-26.791511494879767,0.19761106886274643,1.5707471379220599
197.920,-26.79282780923869,0.19761106889852859,1.5707473470323312
197.952,-26.79408700669016,0.19761106878262297,1.5707541954998157
197.984,-26.79534568546118,0.19761106887600885,1.570755923928576
198.016,-26.796606251902368,0.19761106890119642,1.570756550067177
198.048,-26.797868640452958,0.19761106889348995,1.5707565685119558
198.080,-26.79913267393493,0.197611068871956,1.5707562143776013
198.112,-26.80039820519936,0.1976110688466691,1.5707556370052898
198.144,-26.801684535370555,0.19761106892719202,1.5707462034456148
198.176,-26.8029994442674,0.1976110687638164,1.5707468610571858
198.208,-26.804341580722223,0.19761106882702925,1.5707484631965454
198.240,-26.805704900358265,0.19761106895979558,1.570749670743522
198.272,-26.806946580161295,0.19761106907444123,1.5707347935578109
198.304,-26.808181535802888,0.19761106882740165,1.570735165290967
198.336,-26.809416233194014,0.197611068879693,1.5707374377658587
198.368,-26.8106508615907,0.19761106894073158,1.5707395317304007
198.400,-26.811885199899297,0.19761106896921088,1.5707412268944658
198.432,-26.81314418537468,0.19761106889361377,1.570751308081257
198.464,-26.814428996184894,0.19761106911327944,1.5707529472795387
198.496,-26.815730912231626,0.19761106920185648,1.5707530623836707
198.528,-26.817026784266645,0.19761106924047014,1.5707522809708039
198.560,-26.81831536848113,0.19761106926806302,1.5707514921814234
198.592,-26.819596607881238,0.1976110693139127,1.5707508417466065
198.624,-26.82087054304603,0.19761106937586595,1.5707503263054872
198.656,-26.82213720646561,0.19761106944732523,1.5707499199654702
198.688,-26.823396630469933,0.19761106952245008,1.5707496001822554
198.720,-26.82464884841251,0.19761106959689984,1.5707493492332174
198.752,-26.825893882275405,0.19761106966768519,1.5707491512061642
198.784,-26.82713175699348,0.197611069732879,1.570748995399035
198.816,-26.828273002260826,0.1976110697163274,1.5707358333910975
198.848,-26.829410804474293,0.19761106945266382,1.5707363984238862
198.880,-26.830549579542563,0.1976110694106963,1.5707385540328926
198.912,-26.83168950218556,0.1976110693609775,1.5707405018827172
198.944,-26.83282741541509,0.19761106914565194,1.5707536943536953
198.976,-26.83398451586551,0.19761106932805017,1.570751168563335
199.008,-26.835169129520988,0.19761106922959437,1.570751284245509
199.040,-26.836362657660885,0.19761106918387428,1.5707511396404326
199.072,-26.83755307820266,0.19761106914309837,1.5707506404673444
199.104,-26.838739440710768,0.1976110691111786,1.5707501586577994
199.136,-26.839921469366505,0.19761106909817072,1.5707497569437943
199.168,-26.841099087955506,0.19761106910125578,1.5707494453152204
199.200,-26.842298213709768,0.1976110689180402,1.5707676329628466
199.232,-26.843454224856348,0.197611069634609,1.5707482341238233
199.264,-26.84463417326164,0.19761106928813355,1.5707645161269883
199.296,-26.845841772181295,0.19761107017498744,1.5707554685822152
199.328,-26.84704633238331,0.19761107034367972,1.5707534868940807
199.360,-26.84823983839286,0.19761107054610205,1.5707524303251699
199.392,-26.849421895747707,0.19761107075777054,1.570751654154209
199.424,-26.850592525538705,0.19761107096422814,1.5707510502644126
199.456,-26.851751769748834,0.19761107115697887,1.57075057561214
199.488,-26.852899671776616,0.197611071331284,1.57075020221846
199.520,-26.854036266097317,0.19761107148490897,1.5707499072327598
199.552,-26.85506724950135,0.19761107135424416,1.5707380354757783
199.584,-26.856088962304383,0.19761107118337407,1.5707383316959593
199.616,-26.857106859106217,0.19761107115376228,1.5707401074268428
199.648,-26.858121236376707,0.1976110710563748,1.5707417427328207
199.680,-26.8591320210774,0.19761107089701813,1.5707430665877669
199.712,-26.860139139612592,0.19761107070688083,1.570744115710716
199.744,-26.861142583159314,0.19761107050917417,1.5707449496791575
199.776,-26.862142345119157,0.19761107031810088,1.5707456128465833
199.808,-26.86313837716508,0.19761107014135107,1.570746134574409
199.840,-26.86415607816078,0.19761106980277968,1.5707644255101134
199.872,-26.865200907569342,0.19761107036670905,1.5707560776045812
199.904,-26.86625330241112,0.19761107031757505,1.5707542174075726
199.936,-26.867295910456026,0.19761107032896155,1.5707530099239404
199.968,-26.86832789601924,0.1976110703823971,1.5707520652897595
200.000,-26.869349309918032,0.19761107046805118,1.570751320615489
200.032,-26.87036022437762,0.19761107057239885,1.5707507316700215
200.064,-26.87124714863322,0.19761106998219696,1.5707715549915227
200.096,-26.87211505031513,0.1976110702878665,1.5707779594498532
200.128,-26.87300788538165,0.19761107087640423,1.5707496398769054
200.160,-26.873926778093683,0.19761107025219343,1.5707710367831793
200.192,-26.874869391762328,0.19761107075541634,1.570770073975733
200.224,-26.875809224047543,0.19761107077740803,1.5707661936239339
200.256,-26.876742045303192,0.19761107068975306,1.5707625775901732
200.288,-26.877667525046604,0.197611070602263,1.5707596242772173
200.320,-26.87858559212782,0.19761107053090465,1.5707572679330735
200.352,-26.87949620055921,0.19761107047452456,1.5707553951295394
200.384,-26.880399325023692,0.19761107043012405,1.5707539077770392
200.416,-26.881209265765275,0.19761107027023697,1.5707429857531388
200.448,-26.882013550420147,0.19761107001231412,1.5707424901715115
200.480,-26.882817046486046,0.19761106991615582,1.5707433719324795
200.512,-26.883642612054253,0.19761106965169212,1.5707607314946919
200.544,-26.88449274500744,0.1976110700431545,1.5707613673684961
200.576,-26.885360200174233,0.19761107034743078,1.5707522219468824
200.608,-26.886220685322193,0.19761107023375263,1.5707504609980945
200.640,-26.887073259505303,0.19761107022027896,1.5707498235065886
200.672,-26.887917903536753,0.1976110702329238,1.5707494260090236
200.704,-26.88875467265156,0.19761107024993174,1.5707491308281283
200.736,-26.889583598633443,0.19761107026640104,1.570748901012807
200.768,-26.890326257535108,0.19761107014982573,1.5707399656845176
200.800,-26.891062845107633,0.1976110699580326,1.570740240021759
200.832,-26.891797839986534,0.19761106990009225,1.5707416010903583
200.864,-26.892531484979433,0.19761106982094082,1.5707428477768082
200.896,-26.893287317523903,0.19761106956501692,1.5707597997047327
200.928,-26.894067798364475,0.19761106994858083,1.5707604484502238
200.960,-26.89487512694204,0.19761107018125043,1.5707591338050875
200.992,-26.895709619194783,0.19761107045080487,1.5707577935898893
201.024,-26.89644168222559,0.19761106998948386,1.5707777463811348
201.056,-26.89716351556202,0.19761107056243254,1.5707745820614847
201.088,-26.89781484616105,0.1976110705721708,1.5707616665296176
201.120,-26.898464197953533,0.19761107036278674,1.5707577518442764
201.152,-26.899114663628,0.1976110702102466,1.570755602902299
201.184,-26.899766289551575,0.1976110700259566,1.5707540278752776
201.216,-26.900447323750758,0.19761107005107675,1.5707382434751722
201.248,-26.90115328744095,0.1976110694741821,1.5707621586399971
201.280,-26.90186265534763,0.1976110698733496,1.57076245834915
201.312,-26.90256715943152,0.19761106987657093,1.5707599096604359
201.344,-26.9032661180157,0.19761106981663912,1.5707574837861666
201.376,-26.9038877351359,0.19761106970300205,1.5707481930727762
201.408,-26.9045050482432,0.1976110695011443,1.5707469685377513
201.440,-26.905122021830714,0.19761106943309037,1.5707469458620915
201.472,-26.90576157372705,0.19761106922158161,1.5707616136452909
201.504,-26.906426031753828,0.19761106959238126,1.5707615143921694
201.536,-26.90711741440941,0.19761106981700619,1.5707597517685663
201.568,-26.907836010291337,0.19761107007071738,1.570758080572062
201.600,-26.908573090161934,0.19761107034239633,1.570756562463359
201.632,-26.909297843613235,0.1976110705377155,1.5707548959033675
201.664,-26.91004523092445,0.1976110707341977,1.5707672709540257
201.696,-26.910817642865297,0.1976110717917029,1.5707660802014205
201.728,-26.911616978373686,0.19761107294702887,1.5707635118094598
201.760,-26.912306095862785,0.19761107295737346,1.570782256969656
201.792,-26.91297278877539,0.19761107436529918,1.5707782231136145
201.824,-26.913544973983353,0.19761107475961465,1.570766003028128
201.856,-26.914101772609268,0.19761107523112623,1.5707613597162917
201.888,-26.914647528544627,0.19761107552360574,1.5707584520853568
201.920,-26.91518245576026,0.1976110755681793,1.5707562593495854
201.952,-26.915706503092338,0.1976110754388475,1.570754534392716
201.984,-26.916148704163376,0.19761107487180937,1.5707471201538585
202.016,-26.916581554916004,0.19761107444828407,1.5707463784837588
202.048,-26.91700896794394,0.19761107404604775,1.570746561401914
202.080,-26.91745926897438,0.1976110735449165,1.5707597621122589
202.112,-26.917934755045124,0.19761107371748443,1.5707595737067843
202.144,-26.918424518951245,0.19761107386603396,1.5707527285375449
202.176,-26.918901891609412,0.19761107365604344,1.5707510690964073
202.208,-26.919238454498455,0.197611072619171,1.5707715812829195
202.240,-26.919564677807823,0.19761107296098504,1.5707696244580205
202.272,-26.91988757079193,0.19761107281485535,1.5707655329225079
202.304,-26.92016258768597,0.19761107237423495,1.5707568776367973
202.336,-26.920461206587095,0.19761107176158568,1.57076655712804
202.368,-26.92078529224359,0.19761107177824366,1.5707645979256057
202.400,-26.92113650621005,0.19761107168474443,1.5707616418936303
202.432,-26.921463977114332,0.1976110715089041,1.5707542754204131
202.464,-26.921784200558044,0.1976110712331362,1.570752241356816
202.496,-26.92209812732013,0.19761107105379644,1.570751177436615
202.528,-26.922405769083493,0.19761107089887275,1.5707504129560663
202.560,-26.922707138156184,0.1976110707565894,1.5707498222535172
202.592,-26.923031691677732,0.19761107056566155,1.5707609242966913
202.624,-26.923381669855885,0.19761107099501254,1.5707600721890687
202.656,-26.923758748055487,0.19761107142290155,1.5707579711253605
202.688,-26.9241631721555,0.19761107195383432,1.5707560505799516
202.720,-26.924558075710117,0.19761107237066608,1.5707543173589762
202.752,-26.924933618849533,0.19761107282557694,1.5707528662685886
202.784,-26.925093182510903,0.19761107187039456,1.5707687437000617
202.816,-26.92523797233764,0.19761107274586248,1.570766775387635
202.848,-26.92537868243353,0.1976110730364869,1.5707631666393653
202.880,-26.92551593103247,0.1976110729507912,1.5707600193507294
202.912,-26.92567797955132,0.1976110727018443,1.5707643920357919
202.944,-26.9258663076308,0.19761107273427278,1.5707619623877274
202.976,-26.926081927442002,0.197611072684649,1.5707591577951747
203.008,-26.926292384902485,0.1976110725077913,1.5707567359187617
203.040,-26.926490381427865,0.1976110723656517,1.570754773133367
203.072,-26.92661644538721,0.19761107207329895,1.570749522028978
203.104,-26.926731208664258,0.19761107197381184,1.5707485413174074
203.136,-26.92683799074398,0.19761107191733088,1.5707482240165294
203.168,-26.926968278628873,0.19761107183317358,1.5707581617626318
203.200,-26.92712425532179,0.19761107233096645,1.570757319330758
203.232,-26.92728959595846,0.1976110727831407,1.5707520064983953
203.264,-26.927302047623773,0.19761107190212962,1.5707718438622749
203.296,-26.92730037215661,0.19761107256444385,1.5707697691389821
203.328,-26.927292004007143,0.19761107270037212,1.5707655689025721
203.360,-26.927277295699625,0.19761107258301042,1.5707618736732294
203.392,-26.92720268505674,0.19761107216699592,1.5707557966493984
203.424,-26.927151846971416,0.19761107181914905,1.5707631499184558
203.456,-26.927126914042308,0.19761107199384528,1.5707610603384117
203.488,-26.927129265196996,0.19761107210225795,1.5707582275169476
203.520,-26.927118218738887,0.19761107209293022,1.5707529609533228
203.552,-26.927094819154725,0.19761107199333197,1.5707513023524842
203.584,-26.92709526009537,0.1976110720160104,1.5707591094045257
203.616,-26.927121651014552,0.19761107265396344,1.5707575759222239
203.648,-26.92717533969086,0.1976110733725205,1.5707551875834111
203.680,-26.927094104998375,0.19761107283885693,1.5707745241273385
203.712,-26.926940258159362,0.19761107349239065,1.570769455246853
203.744,-26.9267736566261,0.19761107393782995,1.5707649332563212
203.776,-26.92659761116122,0.1976110740823094,1.5707612568210814
203.808,-26.926412208253442,0.19761107400845107,1.570758325015518
203.840,-26.926170147641084,0.19761107357957292,1.570753748485229
203.872,-26.92595200860588,0.19761107332609493,1.5707602061283263
203.904,-26.925759998414698,0.19761107356188515,1.5707582281534447
203.936,-26.92559535937858,0.19761107376725176,1.5707555895675236
203.968,-26.925451028797433,0.1976110739752662,1.5707533511304494
204.000,-26.925332043375743,0.19761107420578738,1.5707568533429708
204.032,-26.925118419480082,0.19761107388145976,1.570775988541849
204.064,-26.924881773781976,0.19761107476272782,1.5707729390690912
204.096,-26.92462635596322,0.19761107522282742,1.5707678747078908
204.128,-26.924352492812172,0.1976110755145327,1.570763476829933
204.160,-26.924015131384323,0.1976110754102696,1.5707583149178796
204.192,-26.9236613806232,0.19761107552170826,1.5707556808553935
204.224,-26.923293818418898,0.19761107553153393,1.5707537639009512
204.256,-26.922912565081887,0.19761107542614792,1.5707522641089524
204.288,-26.922555529391484,0.19761107540818224,1.570757622278712
204.320,-26.92211116095148,0.1976110749167934,1.5707746542461076
204.352,-26.92165063435834,0.19761107537623668,1.5707716707088855
204.384,-26.921178191348183,0.19761107534749553,1.5707668906696206
204.416,-26.920730122353714,0.1976110752690271,1.5707686023809517
204.448,-26.920309316555358,0.197611075716225,1.570762369559156
204.480,-26.919893967027406,0.19761107590368632,1.5707583069830853
204.512,-26.919456374087165,0.1976110759925379,1.570755565326228
204.544,-26.918995203188423,0.1976110762069475,1.5707534754129602
204.576,-26.918510512081237,0.19761107651150986,1.570751821717389
204.608,-26.917330675921193,0.1976109350636497,1.5741401273168871
204.640,-26.916094514781182,0.19761098650556086,1.5739197282050732
204.672,-26.914854629206797,0.19761108419211684,1.5733341445825546
204.704,-26.913617051879662,0.19761114111446426,1.5728116121146838
204.736,-26.912382018583617,0.1976111649590492,1.5723885201888717
204.768,-26.911149082273685,0.19761116951876068,1.5720513170464987
204.800,-26.90991778629757,0.19761116401757836,1.5717833006566773
204.832,-26.908687747607214,0.19761115391918496,1.5715703732434816
204.864,-26.907458658435772,0.19761114231032084,1.5714012209434776
204.896,-26.9062302765961,0.19761113084610574,1.5712668416938922
204.928,-26.90500241470866,0.1976111203393849,1.5711600837507373
204.960,-26.903774930148074,0.19761111112058868,1.571075266838585
204.992,-26.90254771613233,0.19761110325453005,1.5710078794779856
205.024,-26.9013206940644,0.19761109666893073,1.5709543383668487
205.056,-26.900093807111052,0.1976110912289637,1.5709117972868791
205.088,-26.898867014936076,0.19761108677913844,1.5708779953762195
205.120,-26.897640289468306,0.19761108316570242,1.5708511366618996
205.152,-26.89641361156862,0.19761108024762997,1.5708297944073824
205.184,-26.895186968456986,0.19761107790109772,1.5708128351578239
205.216,-26.893960351767205,0.1976110760203819,1.5707993584216877
205.248,-26.892733756108296,0.19761107451690982,1.5707886487660252
205.280,-26.891507178026256,0.19761107331746905,1.5707801377681558
205.312,-26.890280615275177,0.19761107236213488,1.5707733737942253
205.344,-26.889054066322053,0.19761107160221789,1.5707679979936509
205.376,-26.887827530023774,0.19761107099837744,1.5707637252304254
205.408,-26.886601005427472,0.19761107051896404,1.5707603289356449
205.440,-26.88537449165642,0.1976110701386011,1.5707576290746608
205.472,-26.88414798785287,0.19761106983699556,1.5707554825882022
205.504,-26.88292149315681,0.19761106959795424,1.5707537757986076
205.536,-26.88169500670561,0.19761106940857665,1.5707524183769506
205.568,-26.880468527644297,0.19761106925859886,1.5707513385499912
205.600,-26.879242055139702,0.19761106913986293,1.5707504792919134
205.632,-26.87801558839444,0.1976110690458898,1.5707497952982734
205.664,-26.87678912665835,0.1976110689715358,1.570749250581256
205.696,-26.87556266923657,0.1976110689127194,1.5707488165584378
205.728,-26.87433621549409,0.19761106886620244,1.570748470533566
205.760,-26.87310976485705,0.19761106882941612,1.5707481944887307
205.792,-26.871883316811477,0.19761106880032303,1.5707479741239356
205.824,-26.870656870900156,0.19761106877730827,1.5707477980932247
205.856,-26.869430426718235,0.19761106875909193,1.5707476573970123
205.888,-26.86820398390828,0.19761106874466147,1.5707475448985764
205.920,-26.86697754215513,0.19761106873321646,1.5707474549392784
205.952,-26.86575110118106,0.1976110687241262,1.5707473830323126
205.984,-26.864524660741388,0.1976110687168947,1.5707473256189635
206.016,-26.86329822062077,0.19761106871113293,1.5707472798746356
206.048,-26.862071780630107,0.1976110687065372,1.570747243554551
206.080,-26.860845340604275,0.19761106870287046,1.5707472148710877
206.112,-26.859618900400356,0.19761106869994774,1.5707471923963643
206.144,-26.858392459896486,0.1976110686976252,1.5707471749850106
206.176,-26.85716601899111,0.19761106869578898,1.5707471617130562
206.208,-26.855939577602516,0.19761106869434894,1.5707471518297254
206.240,-26.854713135668554,0.1976110686932317,1.5707471447195578
206.272,-26.853486693146422,0.19761106869237666,1.570747139872785
206.304,-26.852260250012417,0.19761106869173228,1.5707471368623172
206.336,-26.85103380626151,0.19761106869125392,1.5707471353260014
206.368,-26.849807361906745,0.19761106869090278,1.5707471349530826
206.400,-26.848580916978403,0.19761106869064435,1.5707471354740072
206.432,-26.847354471522852,0.19761106869044923,1.57074713665286
206.464,-26.846128025601114,0.19761106869029244,1.5707471382818714
206.496,-26.84490157928713,0.19761106869015405,1.5707471401775333
206.528,-26.84367513266575,0.19761106869001888,1.5707471421779498
206.560,-26.84330175057486,0.19761107277282008,1.5698223604223782
206.592,-26.843119544981278,0.19761100707820323,1.569222791262264
206.624,-26.843104238220334,0.19761094888660172,1.5687387595573146
206.656,-26.843244228522288,0.19761094635415286,1.5683741229787023
206.688,-26.840804911328686,0.19761157994300355,1.5716841792202612
206.720,-26.839114028608428,0.19761181650635148,1.5707585908196233
206.752,-26.837584600171454,0.1976118180543226,1.5700149404837567
206.784,-26.836206390237166,0.19761179750563232,1.5694143500659126
206.816,-26.832880175113786,0.19761201250328703,1.5719736961621802
206.848,-26.829418672697614,0.19761201387962632,1.5720423610839676
206.880,-26.825958551561104,0.19761194109814934,1.571817028331156
206.912,-26.822509829398243,0.1976118292460247,1.5715989690179781
206.944,-26.820415981780787,0.19761182226425955,1.570150947177482
206.976,-26.81859413647155,0.19761164750859436,1.5694292742477292
207.008,-26.816948123704087,0.19761151126845247,1.5689328158799503
207.040,-26.812788192890352,0.19761180232610012,1.5717479993553622
207.072,-26.808445684608277,0.19761177832525462,1.5718879281835638
207.104,-26.805799540382267,0.1976118835735005,1.570355764572781
207.136,-26.801321422549403,0.19761174854165306,1.5715796575857546
207.168,-26.798521633637804,0.19761182042510478,1.5701452055045293
207.200,-26.793787164992054,0.19761171970934652,1.5714990423050046
207.232,-26.7889260376553,0.1976116507741108,1.5715196584344533
207.264,-26.784060735059523,0.1976115690714422,1.5713823708986958
207.296,-26.779202058074475,0.19761148601809142,1.5712522544686198
207.328,-26.774349551364853,0.1976114099609164,1.571146580307827
207.360,-26.769501773243736,0.19761134428037766,1.5710628295997238
207.392,-26.764657454510978,0.19761128956781604,1.5709966598808334
207.424,-26.759815614118708,0.19761124500793287,1.5709444885475894
207.456,-26.75497550576529,0.19761120921203462,1.5709033886068855
207.488,-26.750136569585354,0.19761118067073916,1.570870990042334
207.520,-26.74719389510953,0.1976111745978732,1.569468733912486
207.552,-26.742210613928016,0.19761125213107625,1.5708994480685232
207.584,-26.737088711258945,0.19761124685554735,1.5710374272542411
207.616,-26.731956241287435,0.1976112224548593,1.5710010210758385
207.648,-26.726825856723213,0.19761119687084555,1.570951268158805
207.680,-26.721698381542346,0.19761117385872926,1.570908905792494
207.712,-26.718580992020563,0.19761118201555816,1.5694874202161158
207.744,-26.713309583954896,0.19761125988921238,1.5709206165865157
207.776,-26.707891569822596,0.19761125980037839,1.5710559272859035
207.808,-26.702463075728343,0.19761123770318495,1.5710154974027313
207.840,-26.69703744275195,0.19761121190012126,1.5709623462817475
207.872,-26.69161539647999,0.1976111873455994,1.5709173161779488
207.904,-26.686196299332178,0.19761116554795619,1.5708813205885954
207.936,-26.680779467627268,0.1976111469363572,1.5708529209002362
207.968,-26.67536432384351,0.19761113146110537,1.5708305756500645
208.000,-26.669950405938387,0.1976111188294516,1.5708130038065722
208.032,-26.664537353156913,0.19761110864738632,1.570799156863444
208.064,-26.65912489205577,0.1976111005033975,1.5707882448893125
208.096,-26.653712819791615,0.19761109401751042,1.5707796496754203
208.128,-26.648300989524703,0.19761108886152473,1.570772877062926
208.160,-26.64288929831477,0.1976110847634121,1.57076753764538
208.192,-26.637477676721836,0.197611081503717,1.570763325259261
208.224,-26.632066080204446,0.19761107890814608,1.5707599992323447
208.256,-26.626654482200536,0.19761107683931056,1.570757370363519
208.288,-26.621242868696786,0.1976110751891041,1.5707552899288515
208.320,-26.61583123407008,0.1976110738723052,1.570753641056447
208.352,-26.61041957798646,0.19761107282148327,1.570752331944407
208.384,-26.605007903157254,0.1976110719830666,1.570751290516211
208.416,-26.599596213773008,0.19761107131434225,1.5707504602029914
208.448,-26.594184514459933,0.1976110707811716,1.5707497966141402
208.480,-26.588772809628253,0.19761107035623365,1.5707492649112431
208.512,-26.583361103105474,0.19761107001765785,1.570748837740188
208.544,-26.57794939796907,0.19761106974794507,1.5707484936063454
208.576,-26.572537696512356,0.19761106953310598,1.5707482156008794
208.608,-26.567126000293243,0.19761106936197034,1.5707479904044506
208.640,-26.56171431022934,0.19761106922562685,1.5707478075092032
208.672,-26.556302626713435,0.19761106911697368,1.5707476586117997
208.704,-26.550890949732104,0.19761106903035489,1.5707475371399298
208.736,-26.545479278976618,0.19761106896126968,1.5707474378826412
208.768,-26.540067613940018,0.1976110689061384,1.57074735670121
208.800,-26.53465595399781,0.19761106886211652,1.5707472903024315
208.832,-26.529244298471767,0.19761106882694593,1.5707472360602974
208.864,-26.523832646677974,0.1976110687988349,1.570747191875256
208.896,-26.51842099796103,0.1976110687763637,1.570747156062751
208.928,-26.513009351716548,0.19761106875840695,1.5707471272647129
208.960,-26.507597707404365,0.1976110687440735,1.5707471043791135
208.992,-26.50218606455457,0.19761106873265516,1.5707470865038737
209.024,-26.49677442276829,0.19761106872358786,1.570747072892245
209.056,-26.49136278171488,0.1976110687164187,1.5707470629174198
209.088,-26.485951141126776,0.1976110687107819,1.5707470560446386
209.120,-26.480539500793068,0.19761106870637854,1.5707470518093987
209.152,-26.47512786055256,0.19761106870296133,1.5707470498006575
209.184,-26.4697162202868,0.19761106870032433,1.5707470496481346
209.216,-26.46430457991344,0.19761106869829442,1.570747051012973
209.248,-26.45889293938019,0.1976110686967262,1.5707470535811467
209.280,-26.45348129865937,0.19761106869549847,1.5707470570591
209.312,-26.44806965774316,0.1976110686945123,1.570747061171195
209.344,-26.442658016639495,0.19761106869368922,1.5707470656585851
209.376,-26.4372463753685,0.19761106869296996,1.570747070279204
209.408,-26.43183473395952,0.19761106869231362,1.5707470748085888
209.440,-26.426423092448502,0.19761106869169534,1.5707470790413012
209.472,-26.421011450875824,0.19761106869110512,1.5707470827927297
209.504,-26.415599809284355,0.19761106869054443,1.5707470859010766
209.536,-26.410188167717816,0.19761106869002332,1.5707470882293666
209.568,-26.404776526219344,0.1976110686895575,1.5707470896673172
209.600,-26.3993648848302,0.19761106868916456,1.5707470901329348
209.632,-26.39395324358868,0.19761106868886047,1.5707470895737135
209.664,-26.38854160252916,0.1976110686886574,1.5707470879673398
209.696,-26.383129961681245,0.19761106868856096,1.5707470853218153
209.728,-26.37771832106912,0.1976110686885694,1.570747081674938
209.760,-26.372306680710995,0.19761106868867237,1.570747077093101
209.792,-26.36689504061871,0.19761106868885284,1.5707470716693999
209.824,-26.361483400797514,0.19761106868908682,1.5707470655210694
209.856,-26.356071761245943,0.1976110686893468,1.570747058786279
209.888,-26.35066012195591,0.19761106868960338,1.5707470516203688
209.920,-26.34524848291293,0.1976110686898285,1.5707470441916078
209.952,-26.339836844096464,0.1976110686899979,1.5707470366765977
209.984,-26.334425205480464,0.1976110686900934,1.5707470292554429
210.016,-26.329013567034007,0.19761106869010492,1.5707470221068347
210.048,-26.323601928722063,0.1976110686900309,1.5707470154031855
210.080,-26.31819029050635,0.19761106868987866,1.5707470093059708
210.112,-26.312778652346335,0.19761106868966383,1.5707470039613989
210.144,-26.307367014200178,0.19761106868940798,1.5707469994965433
210.176,-26.301955376025838,0.19761106868913728,1.5707469960160418
210.208,-26.2965437377821,0.19761106868887915,1.570746993599441
210.240,-26.29113209942963,0.19761106868865946,1.570746992299252
210.272,-26.285720460931955,0.19761106868850062,1.5707469921397514
210.304,-26.280308822256412,0.1976110686884182,1.5707469931165392
210.336,-26.274897183374964,0.19761106868842038,1.5707469951968442
210.368,-26.269485544264917,0.19761106868850647,1.5707469983205442
210.400,-26.264073904909502,0.19761106868866699,1.5707470024018508
210.432,-26.2586622652983,0.19761106868888514,1.5707470073316
210.464,-26.253250625427512,0.19761106868913783,1.5707470129800771
210.496,-26.247838985300028,0.19761106868939876,1.5707470192002917
210.528,-26.24242734492538,0.19761106868964026,1.5707470258316232
210.560,-26.237015704319457,0.1976110686898371,1.57074703270375
